{"channel":"startup","context":"Startup","dataDir":"C:\\Users\\moham\\Desktop\\juman","envCreated":false,"envFile":"C:\\Users\\moham\\Desktop\\juman\\config\\juman.env","environment":"development","host":"127.0.0.1","level":"info","message":"Juman Backend V2 starting","migrations":"applied","port":8787,"service":"juman-backend-node","timestamp":"2026-08-09T06:36:07.598Z","version":"2.0.0"}
{"channel":"startup","context":"Startup","level":"info","message":"SQLite PRAGMAs applied (foreign_keys, WAL, busy_timeout)","service":"juman-backend-node","timestamp":"2026-08-09T06:36:07.686Z"}
{"channel":"startup","context":"Startup","level":"info","message":"Prisma connected to SQLite","service":"juman-backend-node","timestamp":"2026-08-09T06:36:07.689Z"}
{"channel":"startup","context":"Startup","count":27,"level":"info","message":"App settings ensured","service":"juman-backend-node","timestamp":"2026-08-09T06:36:07.775Z"}
{"channel":"startup","context":"Startup","count":104,"level":"info","message":"RBAC permissions ensured","service":"juman-backend-node","timestamp":"2026-08-09T06:36:08.013Z"}
{"channel":"startup","context":"Startup","count":104,"level":"info","message":"RBAC permissions ensured","service":"juman-backend-node","timestamp":"2026-08-09T06:36:08.271Z"}
{"channel":"startup","context":"Startup","count":4,"level":"info","message":"RBAC system roles ensured","service":"juman-backend-node","timestamp":"2026-08-09T06:36:08.637Z"}
{"channel":"startup","context":"Startup","level":"info","message":"Administrator user already present","service":"juman-backend-node","timestamp":"2026-08-09T06:36:08.644Z","username":"admin"}
{"categories":3,"channel":"startup","context":"Startup","level":"info","message":"Demo seed skipped (categories already present)","service":"juman-backend-node","timestamp":"2026-08-09T06:36:08.650Z"}
{"channel":"startup","context":"Startup","customerId":"45c43439-599c-459d-85d9-5ad83caded3a","customerNumber":"WALK-IN","level":"info","message":"Walk-in customer ready","service":"juman-backend-node","timestamp":"2026-08-09T06:36:08.660Z"}
{"channel":"application","context":"NestFactory","level":"info","message":"Starting Nest application...","service":"juman-backend-node","timestamp":"2026-08-09T06:36:08.695Z"}
{"channel":"application","context":"InstanceLoader","level":"info","message":"LoggerModule dependencies initialized","service":"juman-backend-node","timestamp":"2026-08-09T06:36:08.695Z"}
{"channel":"application","context":"InstanceLoader","level":"info","message":"PassportModule dependencies initialized","service":"juman-backend-node","timestamp":"2026-08-09T06:36:08.696Z"}
{"channel":"application","context":"InstanceLoader","level":"info","message":"ConfigHostModule dependencies initialized","service":"juman-backend-node","timestamp":"2026-08-09T06:36:08.697Z"}
{"channel":"application","context":"InstanceLoader","level":"info","message":"ConfigModule dependencies initialized","service":"juman-backend-node","timestamp":"2026-08-09T06:36:08.697Z"}
{"channel":"application","context":"InstanceLoader","level":"info","message":"ConfigModule dependencies initialized","service":"juman-backend-node","timestamp":"2026-08-09T06:36:08.698Z"}
{"channel":"application","context":"InstanceLoader","level":"info","message":"PrismaModule dependencies initialized","service":"juman-backend-node","timestamp":"2026-08-09T06:36:08.698Z"}
{"channel":"application","context":"InstanceLoader","level":"info","message":"JwtModule dependencies initialized","service":"juman-backend-node","timestamp":"2026-08-09T06:36:08.699Z"}
{"channel":"application","context":"InstanceLoader","level":"info","message":"SettingsModule dependencies initialized","service":"juman-backend-node","timestamp":"2026-08-09T06:36:08.699Z"}
{"channel":"application","context":"InstanceLoader","level":"info","message":"AuditModule dependencies initialized","service":"juman-backend-node","timestamp":"2026-08-09T06:36:08.700Z"}
{"channel":"application","context":"InstanceLoader","level":"info","message":"PermissionsModule dependencies initialized","service":"juman-backend-node","timestamp":"2026-08-09T06:36:08.700Z"}
{"channel":"application","context":"InstanceLoader","level":"info","message":"UsersModule dependencies initialized","service":"juman-backend-node","timestamp":"2026-08-09T06:36:08.701Z"}
{"channel":"application","context":"InstanceLoader","level":"info","message":"SecurityModule dependencies initialized","service":"juman-backend-node","timestamp":"2026-08-09T06:36:08.701Z"}
{"channel":"application","context":"InstanceLoader","level":"info","message":"HealthModule dependencies initialized","service":"juman-backend-node","timestamp":"2026-08-09T06:36:08.701Z"}
{"channel":"application","context":"InstanceLoader","level":"info","message":"RolesModule dependencies initialized","service":"juman-backend-node","timestamp":"2026-08-09T06:36:08.702Z"}
{"channel":"application","context":"InstanceLoader","level":"info","message":"AppModule dependencies initialized","service":"juman-backend-node","timestamp":"2026-08-09T06:36:08.702Z"}
{"channel":"application","context":"InstanceLoader","level":"info","message":"AvailabilityModule dependencies initialized","service":"juman-backend-node","timestamp":"2026-08-09T06:36:08.703Z"}
{"channel":"application","context":"InstanceLoader","level":"info","message":"ReportsModule dependencies initialized","service":"juman-backend-node","timestamp":"2026-08-09T06:36:08.703Z"}
{"channel":"application","context":"InstanceLoader","level":"info","message":"MediaModule dependencies initialized","service":"juman-backend-node","timestamp":"2026-08-09T06:36:08.704Z"}
{"channel":"application","context":"InstanceLoader","level":"info","message":"BarcodeModule dependencies initialized","service":"juman-backend-node","timestamp":"2026-08-09T06:36:08.704Z"}
{"channel":"application","context":"InstanceLoader","level":"info","message":"CustomersModule dependencies initialized","service":"juman-backend-node","timestamp":"2026-08-09T06:36:08.705Z"}
{"channel":"application","context":"InstanceLoader","level":"info","message":"AuthModule dependencies initialized","service":"juman-backend-node","timestamp":"2026-08-09T06:36:08.705Z"}
{"channel":"application","context":"InstanceLoader","level":"info","message":"InventoryModule dependencies initialized","service":"juman-backend-node","timestamp":"2026-08-09T06:36:08.706Z"}
{"channel":"application","context":"InstanceLoader","level":"info","message":"FinanceModule dependencies initialized","service":"juman-backend-node","timestamp":"2026-08-09T06:36:08.706Z"}
{"channel":"application","context":"InstanceLoader","level":"info","message":"RentalsModule dependencies initialized","service":"juman-backend-node","timestamp":"2026-08-09T06:36:08.706Z"}
{"channel":"application","context":"InstanceLoader","level":"info","message":"SalesModule dependencies initialized","service":"juman-backend-node","timestamp":"2026-08-09T06:36:08.707Z"}
{"channel":"application","context":"InstanceLoader","level":"info","message":"ReservationsModule dependencies initialized","service":"juman-backend-node","timestamp":"2026-08-09T06:36:08.707Z"}
{"channel":"application","context":"RoutesResolver","level":"info","message":"MediaController {/media}:","service":"juman-backend-node","timestamp":"2026-08-09T06:36:08.707Z"}
{"channel":"application","context":"RouterExplorer","level":"info","message":"Mapped {/media, GET} route","service":"juman-backend-node","timestamp":"2026-08-09T06:36:08.708Z"}
{"channel":"application","context":"RouterExplorer","level":"info","message":"Mapped {/media/:id, GET} route","service":"juman-backend-node","timestamp":"2026-08-09T06:36:08.708Z"}
{"channel":"application","context":"RouterExplorer","level":"info","message":"Mapped {/media/:id/integrity, GET} route","service":"juman-backend-node","timestamp":"2026-08-09T06:36:08.709Z"}
{"channel":"application","context":"RouterExplorer","level":"info","message":"Mapped {/media, POST} route","service":"juman-backend-node","timestamp":"2026-08-09T06:36:08.709Z"}
{"channel":"application","context":"RouterExplorer","level":"info","message":"Mapped {/media/:id, DELETE} route","service":"juman-backend-node","timestamp":"2026-08-09T06:36:08.709Z"}
{"channel":"application","context":"RouterExplorer","level":"info","message":"Mapped {/media/:id/restore, POST} route","service":"juman-backend-node","timestamp":"2026-08-09T06:36:08.710Z"}
{"channel":"application","context":"RoutesResolver","level":"info","message":"BarcodeController {/barcodes}:","service":"juman-backend-node","timestamp":"2026-08-09T06:36:08.710Z"}
{"channel":"application","context":"RouterExplorer","level":"info","message":"Mapped {/barcodes, GET} route","service":"juman-backend-node","timestamp":"2026-08-09T06:36:08.710Z"}
{"channel":"application","context":"RouterExplorer","level":"info","message":"Mapped {/barcodes/:id, GET} route","service":"juman-backend-node","timestamp":"2026-08-09T06:36:08.711Z"}
{"channel":"application","context":"RouterExplorer","level":"info","message":"Mapped {/barcodes/generate, POST} route","service":"juman-backend-node","timestamp":"2026-08-09T06:36:08.712Z"}
{"channel":"application","context":"RouterExplorer","level":"info","message":"Mapped {/barcodes/validate, POST} route","service":"juman-backend-node","timestamp":"2026-08-09T06:36:08.712Z"}
{"channel":"application","context":"RouterExplorer","level":"info","message":"Mapped {/barcodes/reserve, POST} route","service":"juman-backend-node","timestamp":"2026-08-09T06:36:08.712Z"}
{"channel":"application","context":"RouterExplorer","level":"info","message":"Mapped {/barcodes/release, POST} route","service":"juman-backend-node","timestamp":"2026-08-09T06:36:08.713Z"}
{"channel":"application","context":"RouterExplorer","level":"info","message":"Mapped {/barcodes/retire, POST} route","service":"juman-backend-node","timestamp":"2026-08-09T06:36:08.713Z"}
{"channel":"application","context":"RoutesResolver","level":"info","message":"AuthController {/auth}:","service":"juman-backend-node","timestamp":"2026-08-09T06:36:08.714Z"}
{"channel":"application","context":"RouterExplorer","level":"info","message":"Mapped {/auth/login, POST} route","service":"juman-backend-node","timestamp":"2026-08-09T06:36:08.714Z"}
{"channel":"application","context":"RouterExplorer","level":"info","message":"Mapped {/auth/logout, POST} route","service":"juman-backend-node","timestamp":"2026-08-09T06:36:08.714Z"}
{"channel":"application","context":"RouterExplorer","level":"info","message":"Mapped {/auth/change-password, POST} route","service":"juman-backend-node","timestamp":"2026-08-09T06:36:08.715Z"}
{"channel":"application","context":"RouterExplorer","level":"info","message":"Mapped {/auth/admin/unlock, POST} route","service":"juman-backend-node","timestamp":"2026-08-09T06:36:08.715Z"}
{"channel":"application","context":"RouterExplorer","level":"info","message":"Mapped {/auth/session, GET} route","service":"juman-backend-node","timestamp":"2026-08-09T06:36:08.715Z"}
{"channel":"application","context":"RouterExplorer","level":"info","message":"Mapped {/auth/me, GET} route","service":"juman-backend-node","timestamp":"2026-08-09T06:36:08.716Z"}
{"channel":"application","context":"RoutesResolver","level":"info","message":"CustomersController {/customers}:","service":"juman-backend-node","timestamp":"2026-08-09T06:36:08.716Z"}
{"channel":"application","context":"RouterExplorer","level":"info","message":"Mapped {/customers, GET} route","service":"juman-backend-node","timestamp":"2026-08-09T06:36:08.717Z"}
{"channel":"application","context":"RouterExplorer","level":"info","message":"Mapped {/customers/search, GET} route","service":"juman-backend-node","timestamp":"2026-08-09T06:36:08.717Z"}
{"channel":"application","context":"RouterExplorer","level":"info","message":"Mapped {/customers/number/:customerNumber, GET} route","service":"juman-backend-node","timestamp":"2026-08-09T06:36:08.717Z"}
{"channel":"application","context":"RouterExplorer","level":"info","message":"Mapped {/customers/:id, GET} route","service":"juman-backend-node","timestamp":"2026-08-09T06:36:08.718Z"}
{"channel":"application","context":"RouterExplorer","level":"info","message":"Mapped {/customers, POST} route","service":"juman-backend-node","timestamp":"2026-08-09T06:36:08.718Z"}
{"channel":"application","context":"RouterExplorer","level":"info","message":"Mapped {/customers/:id, PATCH} route","service":"juman-backend-node","timestamp":"2026-08-09T06:36:08.718Z"}
{"channel":"application","context":"RouterExplorer","level":"info","message":"Mapped {/customers/:id, DELETE} route","service":"juman-backend-node","timestamp":"2026-08-09T06:36:08.719Z"}
{"channel":"application","context":"RouterExplorer","level":"info","message":"Mapped {/customers/:id/restore, POST} route","service":"juman-backend-node","timestamp":"2026-08-09T06:36:08.719Z"}
{"channel":"application","context":"RoutesResolver","level":"info","message":"CategoriesController {/categories}:","service":"juman-backend-node","timestamp":"2026-08-09T06:36:08.720Z"}
{"channel":"application","context":"RouterExplorer","level":"info","message":"Mapped {/categories, GET} route","service":"juman-backend-node","timestamp":"2026-08-09T06:36:08.720Z"}
{"channel":"application","context":"RouterExplorer","level":"info","message":"Mapped {/categories/:id, GET} route","service":"juman-backend-node","timestamp":"2026-08-09T06:36:08.720Z"}
{"channel":"application","context":"RouterExplorer","level":"info","message":"Mapped {/categories, POST} route","service":"juman-backend-node","timestamp":"2026-08-09T06:36:08.720Z"}
{"channel":"application","context":"RouterExplorer","level":"info","message":"Mapped {/categories/:id, PATCH} route","service":"juman-backend-node","timestamp":"2026-08-09T06:36:08.721Z"}
{"channel":"application","context":"RouterExplorer","level":"info","message":"Mapped {/categories/:id, DELETE} route","service":"juman-backend-node","timestamp":"2026-08-09T06:36:08.721Z"}
{"channel":"application","context":"RouterExplorer","level":"info","message":"Mapped {/categories/:id/restore, POST} route","service":"juman-backend-node","timestamp":"2026-08-09T06:36:08.721Z"}
{"channel":"application","context":"RoutesResolver","level":"info","message":"BrandsController {/brands}:","service":"juman-backend-node","timestamp":"2026-08-09T06:36:08.722Z"}
{"channel":"application","context":"RouterExplorer","level":"info","message":"Mapped {/brands, GET} route","service":"juman-backend-node","timestamp":"2026-08-09T06:36:08.722Z"}
{"channel":"application","context":"RouterExplorer","level":"info","message":"Mapped {/brands/:id, GET} route","service":"juman-backend-node","timestamp":"2026-08-09T06:36:08.722Z"}
{"channel":"application","context":"RouterExplorer","level":"info","message":"Mapped {/brands, POST} route","service":"juman-backend-node","timestamp":"2026-08-09T06:36:08.723Z"}
{"channel":"application","context":"RouterExplorer","level":"info","message":"Mapped {/brands/:id, PATCH} route","service":"juman-backend-node","timestamp":"2026-08-09T06:36:08.723Z"}
{"channel":"application","context":"RouterExplorer","level":"info","message":"Mapped {/brands/:id, DELETE} route","service":"juman-backend-node","timestamp":"2026-08-09T06:36:08.723Z"}
{"channel":"application","context":"RouterExplorer","level":"info","message":"Mapped {/brands/:id/restore, POST} route","service":"juman-backend-node","timestamp":"2026-08-09T06:36:08.724Z"}
{"channel":"application","context":"RoutesResolver","level":"info","message":"ColorsController {/colors}:","service":"juman-backend-node","timestamp":"2026-08-09T06:36:08.724Z"}
{"channel":"application","context":"RouterExplorer","level":"info","message":"Mapped {/colors, GET} route","service":"juman-backend-node","timestamp":"2026-08-09T06:36:08.724Z"}
{"channel":"application","context":"RouterExplorer","level":"info","message":"Mapped {/colors/:id, GET} route","service":"juman-backend-node","timestamp":"2026-08-09T06:36:08.725Z"}
{"channel":"application","context":"RouterExplorer","level":"info","message":"Mapped {/colors, POST} route","service":"juman-backend-node","timestamp":"2026-08-09T06:36:08.725Z"}
{"channel":"application","context":"RouterExplorer","level":"info","message":"Mapped {/colors/:id, PATCH} route","service":"juman-backend-node","timestamp":"2026-08-09T06:36:08.725Z"}
{"channel":"application","context":"RouterExplorer","level":"info","message":"Mapped {/colors/:id, DELETE} route","service":"juman-backend-node","timestamp":"2026-08-09T06:36:08.725Z"}
{"channel":"application","context":"RouterExplorer","level":"info","message":"Mapped {/colors/:id/restore, POST} route","service":"juman-backend-node","timestamp":"2026-08-09T06:36:08.726Z"}
{"channel":"application","context":"RoutesResolver","level":"info","message":"SizesController {/sizes}:","service":"juman-backend-node","timestamp":"2026-08-09T06:36:08.726Z"}
{"channel":"application","context":"RouterExplorer","level":"info","message":"Mapped {/sizes, GET} route","service":"juman-backend-node","timestamp":"2026-08-09T06:36:08.726Z"}
{"channel":"application","context":"RouterExplorer","level":"info","message":"Mapped {/sizes/:id, GET} route","service":"juman-backend-node","timestamp":"2026-08-09T06:36:08.727Z"}
{"channel":"application","context":"RouterExplorer","level":"info","message":"Mapped {/sizes, POST} route","service":"juman-backend-node","timestamp":"2026-08-09T06:36:08.727Z"}
{"channel":"application","context":"RouterExplorer","level":"info","message":"Mapped {/sizes/:id, PATCH} route","service":"juman-backend-node","timestamp":"2026-08-09T06:36:08.727Z"}
{"channel":"application","context":"RouterExplorer","level":"info","message":"Mapped {/sizes/:id, DELETE} route","service":"juman-backend-node","timestamp":"2026-08-09T06:36:08.728Z"}
{"channel":"application","context":"RouterExplorer","level":"info","message":"Mapped {/sizes/:id/restore, POST} route","service":"juman-backend-node","timestamp":"2026-08-09T06:36:08.728Z"}
{"channel":"application","context":"RoutesResolver","level":"info","message":"LifecycleController {/items}:","service":"juman-backend-node","timestamp":"2026-08-09T06:36:08.728Z"}
{"channel":"application","context":"RouterExplorer","level":"info","message":"Mapped {/items/:id/state, GET} route","service":"juman-backend-node","timestamp":"2026-08-09T06:36:08.729Z"}
{"channel":"application","context":"RouterExplorer","level":"info","message":"Mapped {/items/:id/history, GET} route","service":"juman-backend-node","timestamp":"2026-08-09T06:36:08.729Z"}
{"channel":"application","context":"RouterExplorer","level":"info","message":"Mapped {/items/:id/transition, POST} route","service":"juman-backend-node","timestamp":"2026-08-09T06:36:08.729Z"}
{"channel":"application","context":"RoutesResolver","level":"info","message":"ItemsController {/items}:","service":"juman-backend-node","timestamp":"2026-08-09T06:36:08.729Z"}
{"channel":"application","context":"RouterExplorer","level":"info","message":"Mapped {/items, GET} route","service":"juman-backend-node","timestamp":"2026-08-09T06:36:08.730Z"}
{"channel":"application","context":"RouterExplorer","level":"info","message":"Mapped {/items/search, GET} route","service":"juman-backend-node","timestamp":"2026-08-09T06:36:08.730Z"}
{"channel":"application","context":"RouterExplorer","level":"info","message":"Mapped {/items/code/:internalCode, GET} route","service":"juman-backend-node","timestamp":"2026-08-09T06:36:08.731Z"}
{"channel":"application","context":"RouterExplorer","level":"info","message":"Mapped {/items/:id, GET} route","service":"juman-backend-node","timestamp":"2026-08-09T06:36:08.731Z"}
{"channel":"application","context":"RouterExplorer","level":"info","message":"Mapped {/items, POST} route","service":"juman-backend-node","timestamp":"2026-08-09T06:36:08.731Z"}
{"channel":"application","context":"RouterExplorer","level":"info","message":"Mapped {/items/:id, PATCH} route","service":"juman-backend-node","timestamp":"2026-08-09T06:36:08.731Z"}
{"channel":"application","context":"RouterExplorer","level":"info","message":"Mapped {/items/:id, DELETE} route","service":"juman-backend-node","timestamp":"2026-08-09T06:36:08.732Z"}
{"channel":"application","context":"RouterExplorer","level":"info","message":"Mapped {/items/:id/restore, POST} route","service":"juman-backend-node","timestamp":"2026-08-09T06:36:08.732Z"}
{"channel":"application","context":"RouterExplorer","level":"info","message":"Mapped {/items/:id/media, POST} route","service":"juman-backend-node","timestamp":"2026-08-09T06:36:08.732Z"}
{"channel":"application","context":"RoutesResolver","level":"info","message":"AvailabilityController {/availability}:","service":"juman-backend-node","timestamp":"2026-08-09T06:36:08.733Z"}
{"channel":"application","context":"RouterExplorer","level":"info","message":"Mapped {/availability, GET} route","service":"juman-backend-node","timestamp":"2026-08-09T06:36:08.733Z"}
{"channel":"application","context":"RouterExplorer","level":"info","message":"Mapped {/availability/calendar, GET} route","service":"juman-backend-node","timestamp":"2026-08-09T06:36:08.733Z"}
{"channel":"application","context":"RouterExplorer","level":"info","message":"Mapped {/availability/item/:id, GET} route","service":"juman-backend-node","timestamp":"2026-08-09T06:36:08.734Z"}
{"channel":"application","context":"RoutesResolver","level":"info","message":"FinanceController {/finance}:","service":"juman-backend-node","timestamp":"2026-08-09T06:36:08.734Z"}
{"channel":"application","context":"RouterExplorer","level":"info","message":"Mapped {/finance/accounts, GET} route","service":"juman-backend-node","timestamp":"2026-08-09T06:36:08.734Z"}
{"channel":"application","context":"RouterExplorer","level":"info","message":"Mapped {/finance/transactions, GET} route","service":"juman-backend-node","timestamp":"2026-08-09T06:36:08.735Z"}
{"channel":"application","context":"RouterExplorer","level":"info","message":"Mapped {/finance/payments, GET} route","service":"juman-backend-node","timestamp":"2026-08-09T06:36:08.735Z"}
{"channel":"application","context":"RouterExplorer","level":"info","message":"Mapped {/finance/payments, POST} route","service":"juman-backend-node","timestamp":"2026-08-09T06:36:08.735Z"}
{"channel":"application","context":"RouterExplorer","level":"info","message":"Mapped {/finance/outstanding, GET} route","service":"juman-backend-node","timestamp":"2026-08-09T06:36:08.735Z"}
{"channel":"application","context":"RoutesResolver","level":"info","message":"SettlementController {/settlements}:","service":"juman-backend-node","timestamp":"2026-08-09T06:36:08.736Z"}
{"channel":"application","context":"RouterExplorer","level":"info","message":"Mapped {/settlements, GET} route","service":"juman-backend-node","timestamp":"2026-08-09T06:36:08.736Z"}
{"channel":"application","context":"RouterExplorer","level":"info","message":"Mapped {/settlements/:id, GET} route","service":"juman-backend-node","timestamp":"2026-08-09T06:36:08.736Z"}
{"channel":"application","context":"RouterExplorer","level":"info","message":"Mapped {/settlements/:id/payment, POST} route","service":"juman-backend-node","timestamp":"2026-08-09T06:36:08.736Z"}
{"channel":"application","context":"RouterExplorer","level":"info","message":"Mapped {/settlements/:id/refund, POST} route","service":"juman-backend-node","timestamp":"2026-08-09T06:36:08.737Z"}
{"channel":"application","context":"RouterExplorer","level":"info","message":"Mapped {/settlements/:id/adjustment, POST} route","service":"juman-backend-node","timestamp":"2026-08-09T06:36:08.737Z"}
{"channel":"application","context":"RouterExplorer","level":"info","message":"Mapped {/settlements/:id/discount, POST} route","service":"juman-backend-node","timestamp":"2026-08-09T06:36:08.737Z"}
{"channel":"application","context":"RouterExplorer","level":"info","message":"Mapped {/settlements/:id/late-fee, POST} route","service":"juman-backend-node","timestamp":"2026-08-09T06:36:08.738Z"}
{"channel":"application","context":"RouterExplorer","level":"info","message":"Mapped {/settlements/:id/close, POST} route","service":"juman-backend-node","timestamp":"2026-08-09T06:36:08.738Z"}
{"channel":"application","context":"RouterExplorer","level":"info","message":"Mapped {/settlements/:id/cancel, POST} route","service":"juman-backend-node","timestamp":"2026-08-09T06:36:08.739Z"}
{"channel":"application","context":"RoutesResolver","level":"info","message":"RentalsController {/rentals}:","service":"juman-backend-node","timestamp":"2026-08-09T06:36:08.739Z"}
{"channel":"application","context":"RouterExplorer","level":"info","message":"Mapped {/rentals, GET} route","service":"juman-backend-node","timestamp":"2026-08-09T06:36:08.739Z"}
{"channel":"application","context":"RouterExplorer","level":"info","message":"Mapped {/rentals/:id/audit, GET} route","service":"juman-backend-node","timestamp":"2026-08-09T06:36:08.740Z"}
{"channel":"application","context":"RouterExplorer","level":"info","message":"Mapped {/rentals/:id, GET} route","service":"juman-backend-node","timestamp":"2026-08-09T06:36:08.740Z"}
{"channel":"application","context":"RouterExplorer","level":"info","message":"Mapped {/rentals, POST} route","service":"juman-backend-node","timestamp":"2026-08-09T06:36:08.740Z"}
{"channel":"application","context":"RouterExplorer","level":"info","message":"Mapped {/rentals/:id/notes, POST} route","service":"juman-backend-node","timestamp":"2026-08-09T06:36:08.741Z"}
{"channel":"application","context":"RouterExplorer","level":"info","message":"Mapped {/rentals/:id, PATCH} route","service":"juman-backend-node","timestamp":"2026-08-09T06:36:08.741Z"}
{"channel":"application","context":"RouterExplorer","level":"info","message":"Mapped {/rentals/:id/checkout, POST} route","service":"juman-backend-node","timestamp":"2026-08-09T06:36:08.742Z"}
{"channel":"application","context":"RouterExplorer","level":"info","message":"Mapped {/rentals/:id/return, POST} route","service":"juman-backend-node","timestamp":"2026-08-09T06:36:08.742Z"}
{"channel":"application","context":"RouterExplorer","level":"info","message":"Mapped {/rentals/:id/complete, POST} route","service":"juman-backend-node","timestamp":"2026-08-09T06:36:08.742Z"}
{"channel":"application","context":"RouterExplorer","level":"info","message":"Mapped {/rentals/:id/cancel, POST} route","service":"juman-backend-node","timestamp":"2026-08-09T06:36:08.743Z"}
{"channel":"application","context":"RoutesResolver","level":"info","message":"ReservationsController {/reservations}:","service":"juman-backend-node","timestamp":"2026-08-09T06:36:08.743Z"}
{"channel":"application","context":"RouterExplorer","level":"info","message":"Mapped {/reservations, GET} route","service":"juman-backend-node","timestamp":"2026-08-09T06:36:08.743Z"}
{"channel":"application","context":"RouterExplorer","level":"info","message":"Mapped {/reservations/:id, GET} route","service":"juman-backend-node","timestamp":"2026-08-09T06:36:08.743Z"}
{"channel":"application","context":"RouterExplorer","level":"info","message":"Mapped {/reservations, POST} route","service":"juman-backend-node","timestamp":"2026-08-09T06:36:08.744Z"}
{"channel":"application","context":"RouterExplorer","level":"info","message":"Mapped {/reservations/:id/checkout, POST} route","service":"juman-backend-node","timestamp":"2026-08-09T06:36:08.744Z"}
{"channel":"application","context":"RouterExplorer","level":"info","message":"Mapped {/reservations/:id/cancel, POST} route","service":"juman-backend-node","timestamp":"2026-08-09T06:36:08.744Z"}
{"channel":"application","context":"RouterExplorer","level":"info","message":"Mapped {/reservations/:id/expire, POST} route","service":"juman-backend-node","timestamp":"2026-08-09T06:36:08.745Z"}
{"channel":"application","context":"RoutesResolver","level":"info","message":"SalesController {/sales}:","service":"juman-backend-node","timestamp":"2026-08-09T06:36:08.745Z"}
{"channel":"application","context":"RouterExplorer","level":"info","message":"Mapped {/sales, GET} route","service":"juman-backend-node","timestamp":"2026-08-09T06:36:08.745Z"}
{"channel":"application","context":"RouterExplorer","level":"info","message":"Mapped {/sales/:id/history, GET} route","service":"juman-backend-node","timestamp":"2026-08-09T06:36:08.745Z"}
{"channel":"application","context":"RouterExplorer","level":"info","message":"Mapped {/sales/:id, GET} route","service":"juman-backend-node","timestamp":"2026-08-09T06:36:08.746Z"}
{"channel":"application","context":"RouterExplorer","level":"info","message":"Mapped {/sales, POST} route","service":"juman-backend-node","timestamp":"2026-08-09T06:36:08.746Z"}
{"channel":"application","context":"RouterExplorer","level":"info","message":"Mapped {/sales/:id/confirm, POST} route","service":"juman-backend-node","timestamp":"2026-08-09T06:36:08.746Z"}
{"channel":"application","context":"RouterExplorer","level":"info","message":"Mapped {/sales/:id/payment, POST} route","service":"juman-backend-node","timestamp":"2026-08-09T06:36:08.746Z"}
{"channel":"application","context":"RouterExplorer","level":"info","message":"Mapped {/sales/:id/complete, POST} route","service":"juman-backend-node","timestamp":"2026-08-09T06:36:08.747Z"}
{"channel":"application","context":"RouterExplorer","level":"info","message":"Mapped {/sales/:id/cancel, POST} route","service":"juman-backend-node","timestamp":"2026-08-09T06:36:08.747Z"}
{"channel":"application","context":"RoutesResolver","level":"info","message":"ReportsController {/reports}:","service":"juman-backend-node","timestamp":"2026-08-09T06:36:08.747Z"}
{"channel":"application","context":"RouterExplorer","level":"info","message":"Mapped {/reports/dashboard, GET} route","service":"juman-backend-node","timestamp":"2026-08-09T06:36:08.747Z"}
{"channel":"application","context":"RouterExplorer","level":"info","message":"Mapped {/reports/financial, GET} route","service":"juman-backend-node","timestamp":"2026-08-09T06:36:08.748Z"}
{"channel":"application","context":"RouterExplorer","level":"info","message":"Mapped {/reports/rentals/current, GET} route","service":"juman-backend-node","timestamp":"2026-08-09T06:36:08.748Z"}
{"channel":"application","context":"RouterExplorer","level":"info","message":"Mapped {/reports/rentals/overdue, GET} route","service":"juman-backend-node","timestamp":"2026-08-09T06:36:08.749Z"}
{"channel":"application","context":"RouterExplorer","level":"info","message":"Mapped {/reports/rentals/returns, GET} route","service":"juman-backend-node","timestamp":"2026-08-09T06:36:08.749Z"}
{"channel":"application","context":"RouterExplorer","level":"info","message":"Mapped {/reports/rentals/reservations, GET} route","service":"juman-backend-node","timestamp":"2026-08-09T06:36:08.749Z"}
{"channel":"application","context":"RouterExplorer","level":"info","message":"Mapped {/reports/rentals/history, GET} route","service":"juman-backend-node","timestamp":"2026-08-09T06:36:08.749Z"}
{"channel":"application","context":"RouterExplorer","level":"info","message":"Mapped {/reports/inventory/value, GET} route","service":"juman-backend-node","timestamp":"2026-08-09T06:36:08.750Z"}
{"channel":"application","context":"RouterExplorer","level":"info","message":"Mapped {/reports/inventory/availability, GET} route","service":"juman-backend-node","timestamp":"2026-08-09T06:36:08.750Z"}
{"channel":"application","context":"RouterExplorer","level":"info","message":"Mapped {/reports/inventory/category, GET} route","service":"juman-backend-node","timestamp":"2026-08-09T06:36:08.751Z"}
{"channel":"application","context":"RouterExplorer","level":"info","message":"Mapped {/reports/inventory/brand, GET} route","service":"juman-backend-node","timestamp":"2026-08-09T06:36:08.751Z"}
{"channel":"application","context":"RouterExplorer","level":"info","message":"Mapped {/reports/inventory/color, GET} route","service":"juman-backend-node","timestamp":"2026-08-09T06:36:08.752Z"}
{"channel":"application","context":"RouterExplorer","level":"info","message":"Mapped {/reports/inventory/size, GET} route","service":"juman-backend-node","timestamp":"2026-08-09T06:36:08.752Z"}
{"channel":"application","context":"RouterExplorer","level":"info","message":"Mapped {/reports/inventory/lifecycle, GET} route","service":"juman-backend-node","timestamp":"2026-08-09T06:36:08.752Z"}
{"channel":"application","context":"RouterExplorer","level":"info","message":"Mapped {/reports/inventory/retired, GET} route","service":"juman-backend-node","timestamp":"2026-08-09T06:36:08.752Z"}
{"channel":"application","context":"RouterExplorer","level":"info","message":"Mapped {/reports/inventory/maintenance, GET} route","service":"juman-backend-node","timestamp":"2026-08-09T06:36:08.753Z"}
{"channel":"application","context":"RouterExplorer","level":"info","message":"Mapped {/reports/customers/:id/rentals, GET} route","service":"juman-backend-node","timestamp":"2026-08-09T06:36:08.753Z"}
{"channel":"application","context":"RouterExplorer","level":"info","message":"Mapped {/reports/customers/:id/outstanding, GET} route","service":"juman-backend-node","timestamp":"2026-08-09T06:36:08.754Z"}
{"channel":"application","context":"RouterExplorer","level":"info","message":"Mapped {/reports/customers/:id/payments, GET} route","service":"juman-backend-node","timestamp":"2026-08-09T06:36:08.754Z"}
{"channel":"application","context":"RouterExplorer","level":"info","message":"Mapped {/reports/customers/:id/reservations, GET} route","service":"juman-backend-node","timestamp":"2026-08-09T06:36:08.754Z"}
{"channel":"application","context":"RouterExplorer","level":"info","message":"Mapped {/reports/export, GET} route","service":"juman-backend-node","timestamp":"2026-08-09T06:36:08.755Z"}
{"channel":"application","context":"RoutesResolver","level":"info","message":"HealthController {/health}:","service":"juman-backend-node","timestamp":"2026-08-09T06:36:08.755Z"}
{"channel":"application","context":"RouterExplorer","level":"info","message":"Mapped {/health, GET} route","service":"juman-backend-node","timestamp":"2026-08-09T06:36:08.755Z"}
{"channel":"application","context":"NestApplication","level":"info","message":"Nest application successfully started","service":"juman-backend-node","timestamp":"2026-08-09T06:36:08.755Z"}
{"channel":"startup","context":"Startup","level":"info","message":"Listening on http://127.0.0.1:8787","service":"juman-backend-node","timestamp":"2026-08-09T06:36:08.757Z"}
{"channel":"startup","context":"Startup","level":"info","message":"GET /health ready","service":"juman-backend-node","timestamp":"2026-08-09T06:36:08.757Z"}
{"channel":"startup","context":"Startup","level":"info","message":"Prisma disconnected","service":"juman-backend-node","timestamp":"2026-08-09T06:59:39.254Z"}
{"channel":"startup","context":"Startup","dataDir":"C:\\Users\\moham\\Desktop\\juman","envCreated":false,"envFile":"C:\\Users\\moham\\Desktop\\juman\\config\\juman.env","environment":"development","host":"127.0.0.1","level":"info","message":"Juman Backend V2 starting","migrations":"applied","port":8787,"service":"juman-backend-node","timestamp":"2026-08-09T07:13:34.750Z","version":"2.0.0"}
{"channel":"startup","context":"Startup","level":"info","message":"SQLite PRAGMAs applied (foreign_keys, WAL, busy_timeout)","service":"juman-backend-node","timestamp":"2026-08-09T07:13:34.855Z"}
{"channel":"startup","context":"Startup","level":"info","message":"Prisma connected to SQLite","service":"juman-backend-node","timestamp":"2026-08-09T07:13:34.859Z"}
{"channel":"startup","context":"Startup","count":27,"level":"info","message":"App settings ensured","service":"juman-backend-node","timestamp":"2026-08-09T07:13:34.963Z"}
{"channel":"startup","context":"Startup","count":104,"level":"info","message":"RBAC permissions ensured","service":"juman-backend-node","timestamp":"2026-08-09T07:13:35.232Z"}
{"channel":"startup","context":"Startup","count":104,"level":"info","message":"RBAC permissions ensured","service":"juman-backend-node","timestamp":"2026-08-09T07:13:35.456Z"}
{"channel":"startup","context":"Startup","count":4,"level":"info","message":"RBAC system roles ensured","service":"juman-backend-node","timestamp":"2026-08-09T07:13:35.755Z"}
{"channel":"startup","context":"Startup","level":"info","message":"Administrator user already present","service":"juman-backend-node","timestamp":"2026-08-09T07:13:35.762Z","username":"admin"}
{"categories":3,"channel":"startup","context":"Startup","level":"info","message":"Demo seed skipped (categories already present)","service":"juman-backend-node","timestamp":"2026-08-09T07:13:35.767Z"}
{"channel":"startup","context":"Startup","customerId":"45c43439-599c-459d-85d9-5ad83caded3a","customerNumber":"WALK-IN","level":"info","message":"Walk-in customer ready","service":"juman-backend-node","timestamp":"2026-08-09T07:13:35.776Z"}
{"channel":"application","context":"NestFactory","level":"info","message":"Starting Nest application...","service":"juman-backend-node","timestamp":"2026-08-09T07:13:35.802Z"}
{"channel":"application","context":"InstanceLoader","level":"info","message":"LoggerModule dependencies initialized","service":"juman-backend-node","timestamp":"2026-08-09T07:13:35.802Z"}
{"channel":"application","context":"InstanceLoader","level":"info","message":"PassportModule dependencies initialized","service":"juman-backend-node","timestamp":"2026-08-09T07:13:35.803Z"}
{"channel":"application","context":"InstanceLoader","level":"info","message":"ConfigHostModule dependencies initialized","service":"juman-backend-node","timestamp":"2026-08-09T07:13:35.803Z"}
{"channel":"application","context":"InstanceLoader","level":"info","message":"ConfigModule dependencies initialized","service":"juman-backend-node","timestamp":"2026-08-09T07:13:35.804Z"}
{"channel":"application","context":"InstanceLoader","level":"info","message":"ConfigModule dependencies initialized","service":"juman-backend-node","timestamp":"2026-08-09T07:13:35.804Z"}
{"channel":"application","context":"InstanceLoader","level":"info","message":"PrismaModule dependencies initialized","service":"juman-backend-node","timestamp":"2026-08-09T07:13:35.804Z"}
{"channel":"application","context":"InstanceLoader","level":"info","message":"JwtModule dependencies initialized","service":"juman-backend-node","timestamp":"2026-08-09T07:13:35.805Z"}
{"channel":"application","context":"InstanceLoader","level":"info","message":"SettingsModule dependencies initialized","service":"juman-backend-node","timestamp":"2026-08-09T07:13:35.805Z"}
{"channel":"application","context":"InstanceLoader","level":"info","message":"AuditModule dependencies initialized","service":"juman-backend-node","timestamp":"2026-08-09T07:13:35.806Z"}
{"channel":"application","context":"InstanceLoader","level":"info","message":"PermissionsModule dependencies initialized","service":"juman-backend-node","timestamp":"2026-08-09T07:13:35.806Z"}
{"channel":"application","context":"InstanceLoader","level":"info","message":"UsersModule dependencies initialized","service":"juman-backend-node","timestamp":"2026-08-09T07:13:35.807Z"}
{"channel":"application","context":"InstanceLoader","level":"info","message":"SecurityModule dependencies initialized","service":"juman-backend-node","timestamp":"2026-08-09T07:13:35.807Z"}
{"channel":"application","context":"InstanceLoader","level":"info","message":"HealthModule dependencies initialized","service":"juman-backend-node","timestamp":"2026-08-09T07:13:35.808Z"}
{"channel":"application","context":"InstanceLoader","level":"info","message":"RolesModule dependencies initialized","service":"juman-backend-node","timestamp":"2026-08-09T07:13:35.808Z"}
{"channel":"application","context":"InstanceLoader","level":"info","message":"AppModule dependencies initialized","service":"juman-backend-node","timestamp":"2026-08-09T07:13:35.808Z"}
{"channel":"application","context":"InstanceLoader","level":"info","message":"AvailabilityModule dependencies initialized","service":"juman-backend-node","timestamp":"2026-08-09T07:13:35.809Z"}
{"channel":"application","context":"InstanceLoader","level":"info","message":"ReportsModule dependencies initialized","service":"juman-backend-node","timestamp":"2026-08-09T07:13:35.809Z"}
{"channel":"application","context":"InstanceLoader","level":"info","message":"MediaModule dependencies initialized","service":"juman-backend-node","timestamp":"2026-08-09T07:13:35.810Z"}
{"channel":"application","context":"InstanceLoader","level":"info","message":"BarcodeModule dependencies initialized","service":"juman-backend-node","timestamp":"2026-08-09T07:13:35.810Z"}
{"channel":"application","context":"InstanceLoader","level":"info","message":"CustomersModule dependencies initialized","service":"juman-backend-node","timestamp":"2026-08-09T07:13:35.810Z"}
{"channel":"application","context":"InstanceLoader","level":"info","message":"AuthModule dependencies initialized","service":"juman-backend-node","timestamp":"2026-08-09T07:13:35.811Z"}
{"channel":"application","context":"InstanceLoader","level":"info","message":"InventoryModule dependencies initialized","service":"juman-backend-node","timestamp":"2026-08-09T07:13:35.811Z"}
{"channel":"application","context":"InstanceLoader","level":"info","message":"FinanceModule dependencies initialized","service":"juman-backend-node","timestamp":"2026-08-09T07:13:35.811Z"}
{"channel":"application","context":"InstanceLoader","level":"info","message":"RentalsModule dependencies initialized","service":"juman-backend-node","timestamp":"2026-08-09T07:13:35.811Z"}
{"channel":"application","context":"InstanceLoader","level":"info","message":"SalesModule dependencies initialized","service":"juman-backend-node","timestamp":"2026-08-09T07:13:35.812Z"}
{"channel":"application","context":"InstanceLoader","level":"info","message":"ReservationsModule dependencies initialized","service":"juman-backend-node","timestamp":"2026-08-09T07:13:35.812Z"}
{"channel":"application","context":"RoutesResolver","level":"info","message":"MediaController {/media}:","service":"juman-backend-node","timestamp":"2026-08-09T07:13:35.812Z"}
{"channel":"application","context":"RouterExplorer","level":"info","message":"Mapped {/media, GET} route","service":"juman-backend-node","timestamp":"2026-08-09T07:13:35.812Z"}
{"channel":"application","context":"RouterExplorer","level":"info","message":"Mapped {/media/:id, GET} route","service":"juman-backend-node","timestamp":"2026-08-09T07:13:35.812Z"}
{"channel":"application","context":"RouterExplorer","level":"info","message":"Mapped {/media/:id/integrity, GET} route","service":"juman-backend-node","timestamp":"2026-08-09T07:13:35.812Z"}
{"channel":"application","context":"RouterExplorer","level":"info","message":"Mapped {/media, POST} route","service":"juman-backend-node","timestamp":"2026-08-09T07:13:35.812Z"}
{"channel":"application","context":"RouterExplorer","level":"info","message":"Mapped {/media/:id, DELETE} route","service":"juman-backend-node","timestamp":"2026-08-09T07:13:35.813Z"}
{"channel":"application","context":"RouterExplorer","level":"info","message":"Mapped {/media/:id/restore, POST} route","service":"juman-backend-node","timestamp":"2026-08-09T07:13:35.813Z"}
{"channel":"application","context":"RoutesResolver","level":"info","message":"BarcodeController {/barcodes}:","service":"juman-backend-node","timestamp":"2026-08-09T07:13:35.813Z"}
{"channel":"application","context":"RouterExplorer","level":"info","message":"Mapped {/barcodes, GET} route","service":"juman-backend-node","timestamp":"2026-08-09T07:13:35.813Z"}
{"channel":"application","context":"RouterExplorer","level":"info","message":"Mapped {/barcodes/:id, GET} route","service":"juman-backend-node","timestamp":"2026-08-09T07:13:35.813Z"}
{"channel":"application","context":"RouterExplorer","level":"info","message":"Mapped {/barcodes/generate, POST} route","service":"juman-backend-node","timestamp":"2026-08-09T07:13:35.813Z"}
{"channel":"application","context":"RouterExplorer","level":"info","message":"Mapped {/barcodes/validate, POST} route","service":"juman-backend-node","timestamp":"2026-08-09T07:13:35.813Z"}
{"channel":"application","context":"RouterExplorer","level":"info","message":"Mapped {/barcodes/reserve, POST} route","service":"juman-backend-node","timestamp":"2026-08-09T07:13:35.813Z"}
{"channel":"application","context":"RouterExplorer","level":"info","message":"Mapped {/barcodes/release, POST} route","service":"juman-backend-node","timestamp":"2026-08-09T07:13:35.813Z"}
{"channel":"application","context":"RouterExplorer","level":"info","message":"Mapped {/barcodes/retire, POST} route","service":"juman-backend-node","timestamp":"2026-08-09T07:13:35.813Z"}
{"channel":"application","context":"RoutesResolver","level":"info","message":"AuthController {/auth}:","service":"juman-backend-node","timestamp":"2026-08-09T07:13:35.813Z"}
{"channel":"application","context":"RouterExplorer","level":"info","message":"Mapped {/auth/login, POST} route","service":"juman-backend-node","timestamp":"2026-08-09T07:13:35.814Z"}
{"channel":"application","context":"RouterExplorer","level":"info","message":"Mapped {/auth/logout, POST} route","service":"juman-backend-node","timestamp":"2026-08-09T07:13:35.814Z"}
{"channel":"application","context":"RouterExplorer","level":"info","message":"Mapped {/auth/change-password, POST} route","service":"juman-backend-node","timestamp":"2026-08-09T07:13:35.814Z"}
{"channel":"application","context":"RouterExplorer","level":"info","message":"Mapped {/auth/admin/unlock, POST} route","service":"juman-backend-node","timestamp":"2026-08-09T07:13:35.814Z"}
{"channel":"application","context":"RouterExplorer","level":"info","message":"Mapped {/auth/session, GET} route","service":"juman-backend-node","timestamp":"2026-08-09T07:13:35.814Z"}
{"channel":"application","context":"RouterExplorer","level":"info","message":"Mapped {/auth/me, GET} route","service":"juman-backend-node","timestamp":"2026-08-09T07:13:35.815Z"}
{"channel":"application","context":"RoutesResolver","level":"info","message":"CustomersController {/customers}:","service":"juman-backend-node","timestamp":"2026-08-09T07:13:35.815Z"}
{"channel":"application","context":"RouterExplorer","level":"info","message":"Mapped {/customers, GET} route","service":"juman-backend-node","timestamp":"2026-08-09T07:13:35.815Z"}
{"channel":"application","context":"RouterExplorer","level":"info","message":"Mapped {/customers/search, GET} route","service":"juman-backend-node","timestamp":"2026-08-09T07:13:35.816Z"}
{"channel":"application","context":"RouterExplorer","level":"info","message":"Mapped {/customers/number/:customerNumber, GET} route","service":"juman-backend-node","timestamp":"2026-08-09T07:13:35.816Z"}
{"channel":"application","context":"RouterExplorer","level":"info","message":"Mapped {/customers/:id, GET} route","service":"juman-backend-node","timestamp":"2026-08-09T07:13:35.816Z"}
{"channel":"application","context":"RouterExplorer","level":"info","message":"Mapped {/customers, POST} route","service":"juman-backend-node","timestamp":"2026-08-09T07:13:35.817Z"}
{"channel":"application","context":"RouterExplorer","level":"info","message":"Mapped {/customers/:id, PATCH} route","service":"juman-backend-node","timestamp":"2026-08-09T07:13:35.817Z"}
{"channel":"application","context":"RouterExplorer","level":"info","message":"Mapped {/customers/:id, DELETE} route","service":"juman-backend-node","timestamp":"2026-08-09T07:13:35.817Z"}
{"channel":"application","context":"RouterExplorer","level":"info","message":"Mapped {/customers/:id/restore, POST} route","service":"juman-backend-node","timestamp":"2026-08-09T07:13:35.818Z"}
{"channel":"application","context":"RoutesResolver","level":"info","message":"CategoriesController {/categories}:","service":"juman-backend-node","timestamp":"2026-08-09T07:13:35.818Z"}
{"channel":"application","context":"RouterExplorer","level":"info","message":"Mapped {/categories, GET} route","service":"juman-backend-node","timestamp":"2026-08-09T07:13:35.818Z"}
{"channel":"application","context":"RouterExplorer","level":"info","message":"Mapped {/categories/:id, GET} route","service":"juman-backend-node","timestamp":"2026-08-09T07:13:35.819Z"}
{"channel":"application","context":"RouterExplorer","level":"info","message":"Mapped {/categories, POST} route","service":"juman-backend-node","timestamp":"2026-08-09T07:13:35.819Z"}
{"channel":"application","context":"RouterExplorer","level":"info","message":"Mapped {/categories/:id, PATCH} route","service":"juman-backend-node","timestamp":"2026-08-09T07:13:35.819Z"}
{"channel":"application","context":"RouterExplorer","level":"info","message":"Mapped {/categories/:id, DELETE} route","service":"juman-backend-node","timestamp":"2026-08-09T07:13:35.819Z"}
{"channel":"application","context":"RouterExplorer","level":"info","message":"Mapped {/categories/:id/restore, POST} route","service":"juman-backend-node","timestamp":"2026-08-09T07:13:35.820Z"}
{"channel":"application","context":"RoutesResolver","level":"info","message":"BrandsController {/brands}:","service":"juman-backend-node","timestamp":"2026-08-09T07:13:35.820Z"}
{"channel":"application","context":"RouterExplorer","level":"info","message":"Mapped {/brands, GET} route","service":"juman-backend-node","timestamp":"2026-08-09T07:13:35.820Z"}
{"channel":"application","context":"RouterExplorer","level":"info","message":"Mapped {/brands/:id, GET} route","service":"juman-backend-node","timestamp":"2026-08-09T07:13:35.820Z"}
{"channel":"application","context":"RouterExplorer","level":"info","message":"Mapped {/brands, POST} route","service":"juman-backend-node","timestamp":"2026-08-09T07:13:35.820Z"}
{"channel":"application","context":"RouterExplorer","level":"info","message":"Mapped {/brands/:id, PATCH} route","service":"juman-backend-node","timestamp":"2026-08-09T07:13:35.821Z"}
{"channel":"application","context":"RouterExplorer","level":"info","message":"Mapped {/brands/:id, DELETE} route","service":"juman-backend-node","timestamp":"2026-08-09T07:13:35.821Z"}
{"channel":"application","context":"RouterExplorer","level":"info","message":"Mapped {/brands/:id/restore, POST} route","service":"juman-backend-node","timestamp":"2026-08-09T07:13:35.821Z"}
{"channel":"application","context":"RoutesResolver","level":"info","message":"ColorsController {/colors}:","service":"juman-backend-node","timestamp":"2026-08-09T07:13:35.821Z"}
{"channel":"application","context":"RouterExplorer","level":"info","message":"Mapped {/colors, GET} route","service":"juman-backend-node","timestamp":"2026-08-09T07:13:35.822Z"}
{"channel":"application","context":"RouterExplorer","level":"info","message":"Mapped {/colors/:id, GET} route","service":"juman-backend-node","timestamp":"2026-08-09T07:13:35.822Z"}
{"channel":"application","context":"RouterExplorer","level":"info","message":"Mapped {/colors, POST} route","service":"juman-backend-node","timestamp":"2026-08-09T07:13:35.823Z"}
{"channel":"application","context":"RouterExplorer","level":"info","message":"Mapped {/colors/:id, PATCH} route","service":"juman-backend-node","timestamp":"2026-08-09T07:13:35.823Z"}
{"channel":"application","context":"RouterExplorer","level":"info","message":"Mapped {/colors/:id, DELETE} route","service":"juman-backend-node","timestamp":"2026-08-09T07:13:35.823Z"}
{"channel":"application","context":"RouterExplorer","level":"info","message":"Mapped {/colors/:id/restore, POST} route","service":"juman-backend-node","timestamp":"2026-08-09T07:13:35.824Z"}
{"channel":"application","context":"RoutesResolver","level":"info","message":"SizesController {/sizes}:","service":"juman-backend-node","timestamp":"2026-08-09T07:13:35.824Z"}
{"channel":"application","context":"RouterExplorer","level":"info","message":"Mapped {/sizes, GET} route","service":"juman-backend-node","timestamp":"2026-08-09T07:13:35.825Z"}
{"channel":"application","context":"RouterExplorer","level":"info","message":"Mapped {/sizes/:id, GET} route","service":"juman-backend-node","timestamp":"2026-08-09T07:13:35.825Z"}
{"channel":"application","context":"RouterExplorer","level":"info","message":"Mapped {/sizes, POST} route","service":"juman-backend-node","timestamp":"2026-08-09T07:13:35.825Z"}
{"channel":"application","context":"RouterExplorer","level":"info","message":"Mapped {/sizes/:id, PATCH} route","service":"juman-backend-node","timestamp":"2026-08-09T07:13:35.825Z"}
{"channel":"application","context":"RouterExplorer","level":"info","message":"Mapped {/sizes/:id, DELETE} route","service":"juman-backend-node","timestamp":"2026-08-09T07:13:35.825Z"}
{"channel":"application","context":"RouterExplorer","level":"info","message":"Mapped {/sizes/:id/restore, POST} route","service":"juman-backend-node","timestamp":"2026-08-09T07:13:35.826Z"}
{"channel":"application","context":"RoutesResolver","level":"info","message":"LifecycleController {/items}:","service":"juman-backend-node","timestamp":"2026-08-09T07:13:35.826Z"}
{"channel":"application","context":"RouterExplorer","level":"info","message":"Mapped {/items/:id/state, GET} route","service":"juman-backend-node","timestamp":"2026-08-09T07:13:35.826Z"}
{"channel":"application","context":"RouterExplorer","level":"info","message":"Mapped {/items/:id/history, GET} route","service":"juman-backend-node","timestamp":"2026-08-09T07:13:35.826Z"}
{"channel":"application","context":"RouterExplorer","level":"info","message":"Mapped {/items/:id/transition, POST} route","service":"juman-backend-node","timestamp":"2026-08-09T07:13:35.826Z"}
{"channel":"application","context":"RoutesResolver","level":"info","message":"ItemsController {/items}:","service":"juman-backend-node","timestamp":"2026-08-09T07:13:35.827Z"}
{"channel":"application","context":"RouterExplorer","level":"info","message":"Mapped {/items, GET} route","service":"juman-backend-node","timestamp":"2026-08-09T07:13:35.827Z"}
{"channel":"application","context":"RouterExplorer","level":"info","message":"Mapped {/items/search, GET} route","service":"juman-backend-node","timestamp":"2026-08-09T07:13:35.827Z"}
{"channel":"application","context":"RouterExplorer","level":"info","message":"Mapped {/items/code/:internalCode, GET} route","service":"juman-backend-node","timestamp":"2026-08-09T07:13:35.827Z"}
{"channel":"application","context":"RouterExplorer","level":"info","message":"Mapped {/items/:id, GET} route","service":"juman-backend-node","timestamp":"2026-08-09T07:13:35.828Z"}
{"channel":"application","context":"RouterExplorer","level":"info","message":"Mapped {/items, POST} route","service":"juman-backend-node","timestamp":"2026-08-09T07:13:35.828Z"}
{"channel":"application","context":"RouterExplorer","level":"info","message":"Mapped {/items/:id, PATCH} route","service":"juman-backend-node","timestamp":"2026-08-09T07:13:35.828Z"}
{"channel":"application","context":"RouterExplorer","level":"info","message":"Mapped {/items/:id, DELETE} route","service":"juman-backend-node","timestamp":"2026-08-09T07:13:35.828Z"}
{"channel":"application","context":"RouterExplorer","level":"info","message":"Mapped {/items/:id/restore, POST} route","service":"juman-backend-node","timestamp":"2026-08-09T07:13:35.829Z"}
{"channel":"application","context":"RouterExplorer","level":"info","message":"Mapped {/items/:id/media, POST} route","service":"juman-backend-node","timestamp":"2026-08-09T07:13:35.829Z"}
{"channel":"application","context":"RoutesResolver","level":"info","message":"AvailabilityController {/availability}:","service":"juman-backend-node","timestamp":"2026-08-09T07:13:35.829Z"}
{"channel":"application","context":"RouterExplorer","level":"info","message":"Mapped {/availability, GET} route","service":"juman-backend-node","timestamp":"2026-08-09T07:13:35.829Z"}
{"channel":"application","context":"RouterExplorer","level":"info","message":"Mapped {/availability/calendar, GET} route","service":"juman-backend-node","timestamp":"2026-08-09T07:13:35.829Z"}
{"channel":"application","context":"RouterExplorer","level":"info","message":"Mapped {/availability/item/:id, GET} route","service":"juman-backend-node","timestamp":"2026-08-09T07:13:35.830Z"}
{"channel":"application","context":"RoutesResolver","level":"info","message":"FinanceController {/finance}:","service":"juman-backend-node","timestamp":"2026-08-09T07:13:35.830Z"}
{"channel":"application","context":"RouterExplorer","level":"info","message":"Mapped {/finance/accounts, GET} route","service":"juman-backend-node","timestamp":"2026-08-09T07:13:35.830Z"}
{"channel":"application","context":"RouterExplorer","level":"info","message":"Mapped {/finance/transactions, GET} route","service":"juman-backend-node","timestamp":"2026-08-09T07:13:35.830Z"}
{"channel":"application","context":"RouterExplorer","level":"info","message":"Mapped {/finance/payments, GET} route","service":"juman-backend-node","timestamp":"2026-08-09T07:13:35.831Z"}
{"channel":"application","context":"RouterExplorer","level":"info","message":"Mapped {/finance/payments, POST} route","service":"juman-backend-node","timestamp":"2026-08-09T07:13:35.831Z"}
{"channel":"application","context":"RouterExplorer","level":"info","message":"Mapped {/finance/outstanding, GET} route","service":"juman-backend-node","timestamp":"2026-08-09T07:13:35.831Z"}
{"channel":"application","context":"RoutesResolver","level":"info","message":"SettlementController {/settlements}:","service":"juman-backend-node","timestamp":"2026-08-09T07:13:35.831Z"}
{"channel":"application","context":"RouterExplorer","level":"info","message":"Mapped {/settlements, GET} route","service":"juman-backend-node","timestamp":"2026-08-09T07:13:35.831Z"}
{"channel":"application","context":"RouterExplorer","level":"info","message":"Mapped {/settlements/:id, GET} route","service":"juman-backend-node","timestamp":"2026-08-09T07:13:35.832Z"}
{"channel":"application","context":"RouterExplorer","level":"info","message":"Mapped {/settlements/:id/payment, POST} route","service":"juman-backend-node","timestamp":"2026-08-09T07:13:35.832Z"}
{"channel":"application","context":"RouterExplorer","level":"info","message":"Mapped {/settlements/:id/refund, POST} route","service":"juman-backend-node","timestamp":"2026-08-09T07:13:35.832Z"}
{"channel":"application","context":"RouterExplorer","level":"info","message":"Mapped {/settlements/:id/adjustment, POST} route","service":"juman-backend-node","timestamp":"2026-08-09T07:13:35.832Z"}
{"channel":"application","context":"RouterExplorer","level":"info","message":"Mapped {/settlements/:id/discount, POST} route","service":"juman-backend-node","timestamp":"2026-08-09T07:13:35.832Z"}
{"channel":"application","context":"RouterExplorer","level":"info","message":"Mapped {/settlements/:id/late-fee, POST} route","service":"juman-backend-node","timestamp":"2026-08-09T07:13:35.833Z"}
{"channel":"application","context":"RouterExplorer","level":"info","message":"Mapped {/settlements/:id/close, POST} route","service":"juman-backend-node","timestamp":"2026-08-09T07:13:35.833Z"}
{"channel":"application","context":"RouterExplorer","level":"info","message":"Mapped {/settlements/:id/cancel, POST} route","service":"juman-backend-node","timestamp":"2026-08-09T07:13:35.833Z"}
{"channel":"application","context":"RoutesResolver","level":"info","message":"RentalsController {/rentals}:","service":"juman-backend-node","timestamp":"2026-08-09T07:13:35.833Z"}
{"channel":"application","context":"RouterExplorer","level":"info","message":"Mapped {/rentals, GET} route","service":"juman-backend-node","timestamp":"2026-08-09T07:13:35.834Z"}
{"channel":"application","context":"RouterExplorer","level":"info","message":"Mapped {/rentals/:id/audit, GET} route","service":"juman-backend-node","timestamp":"2026-08-09T07:13:35.834Z"}
{"channel":"application","context":"RouterExplorer","level":"info","message":"Mapped {/rentals/:id, GET} route","service":"juman-backend-node","timestamp":"2026-08-09T07:13:35.834Z"}
{"channel":"application","context":"RouterExplorer","level":"info","message":"Mapped {/rentals, POST} route","service":"juman-backend-node","timestamp":"2026-08-09T07:13:35.834Z"}
{"channel":"application","context":"RouterExplorer","level":"info","message":"Mapped {/rentals/:id/notes, POST} route","service":"juman-backend-node","timestamp":"2026-08-09T07:13:35.835Z"}
{"channel":"application","context":"RouterExplorer","level":"info","message":"Mapped {/rentals/:id, PATCH} route","service":"juman-backend-node","timestamp":"2026-08-09T07:13:35.835Z"}
{"channel":"application","context":"RouterExplorer","level":"info","message":"Mapped {/rentals/:id/checkout, POST} route","service":"juman-backend-node","timestamp":"2026-08-09T07:13:35.835Z"}
{"channel":"application","context":"RouterExplorer","level":"info","message":"Mapped {/rentals/:id/return, POST} route","service":"juman-backend-node","timestamp":"2026-08-09T07:13:35.835Z"}
{"channel":"application","context":"RouterExplorer","level":"info","message":"Mapped {/rentals/:id/complete, POST} route","service":"juman-backend-node","timestamp":"2026-08-09T07:13:35.835Z"}
{"channel":"application","context":"RouterExplorer","level":"info","message":"Mapped {/rentals/:id/cancel, POST} route","service":"juman-backend-node","timestamp":"2026-08-09T07:13:35.836Z"}
{"channel":"application","context":"RoutesResolver","level":"info","message":"ReservationsController {/reservations}:","service":"juman-backend-node","timestamp":"2026-08-09T07:13:35.836Z"}
{"channel":"application","context":"RouterExplorer","level":"info","message":"Mapped {/reservations, GET} route","service":"juman-backend-node","timestamp":"2026-08-09T07:13:35.836Z"}
{"channel":"application","context":"RouterExplorer","level":"info","message":"Mapped {/reservations/:id, GET} route","service":"juman-backend-node","timestamp":"2026-08-09T07:13:35.836Z"}
{"channel":"application","context":"RouterExplorer","level":"info","message":"Mapped {/reservations, POST} route","service":"juman-backend-node","timestamp":"2026-08-09T07:13:35.837Z"}
{"channel":"application","context":"RouterExplorer","level":"info","message":"Mapped {/reservations/:id/checkout, POST} route","service":"juman-backend-node","timestamp":"2026-08-09T07:13:35.837Z"}
{"channel":"application","context":"RouterExplorer","level":"info","message":"Mapped {/reservations/:id/cancel, POST} route","service":"juman-backend-node","timestamp":"2026-08-09T07:13:35.837Z"}
{"channel":"application","context":"RouterExplorer","level":"info","message":"Mapped {/reservations/:id/expire, POST} route","service":"juman-backend-node","timestamp":"2026-08-09T07:13:35.837Z"}
{"channel":"application","context":"RoutesResolver","level":"info","message":"SalesController {/sales}:","service":"juman-backend-node","timestamp":"2026-08-09T07:13:35.837Z"}
{"channel":"application","context":"RouterExplorer","level":"info","message":"Mapped {/sales, GET} route","service":"juman-backend-node","timestamp":"2026-08-09T07:13:35.837Z"}
{"channel":"application","context":"RouterExplorer","level":"info","message":"Mapped {/sales/:id/history, GET} route","service":"juman-backend-node","timestamp":"2026-08-09T07:13:35.838Z"}
{"channel":"application","context":"RouterExplorer","level":"info","message":"Mapped {/sales/:id, GET} route","service":"juman-backend-node","timestamp":"2026-08-09T07:13:35.838Z"}
{"channel":"application","context":"RouterExplorer","level":"info","message":"Mapped {/sales, POST} route","service":"juman-backend-node","timestamp":"2026-08-09T07:13:35.838Z"}
{"channel":"application","context":"RouterExplorer","level":"info","message":"Mapped {/sales/:id/confirm, POST} route","service":"juman-backend-node","timestamp":"2026-08-09T07:13:35.838Z"}
{"channel":"application","context":"RouterExplorer","level":"info","message":"Mapped {/sales/:id/payment, POST} route","service":"juman-backend-node","timestamp":"2026-08-09T07:13:35.838Z"}
{"channel":"application","context":"RouterExplorer","level":"info","message":"Mapped {/sales/:id/complete, POST} route","service":"juman-backend-node","timestamp":"2026-08-09T07:13:35.839Z"}
{"channel":"application","context":"RouterExplorer","level":"info","message":"Mapped {/sales/:id/cancel, POST} route","service":"juman-backend-node","timestamp":"2026-08-09T07:13:35.840Z"}
{"channel":"application","context":"RoutesResolver","level":"info","message":"ReportsController {/reports}:","service":"juman-backend-node","timestamp":"2026-08-09T07:13:35.840Z"}
{"channel":"application","context":"RouterExplorer","level":"info","message":"Mapped {/reports/dashboard, GET} route","service":"juman-backend-node","timestamp":"2026-08-09T07:13:35.841Z"}
{"channel":"application","context":"RouterExplorer","level":"info","message":"Mapped {/reports/financial, GET} route","service":"juman-backend-node","timestamp":"2026-08-09T07:13:35.841Z"}
{"channel":"application","context":"RouterExplorer","level":"info","message":"Mapped {/reports/rentals/current, GET} route","service":"juman-backend-node","timestamp":"2026-08-09T07:13:35.841Z"}
{"channel":"application","context":"RouterExplorer","level":"info","message":"Mapped {/reports/rentals/overdue, GET} route","service":"juman-backend-node","timestamp":"2026-08-09T07:13:35.842Z"}
{"channel":"application","context":"RouterExplorer","level":"info","message":"Mapped {/reports/rentals/returns, GET} route","service":"juman-backend-node","timestamp":"2026-08-09T07:13:35.842Z"}
{"channel":"application","context":"RouterExplorer","level":"info","message":"Mapped {/reports/rentals/reservations, GET} route","service":"juman-backend-node","timestamp":"2026-08-09T07:13:35.842Z"}
{"channel":"application","context":"RouterExplorer","level":"info","message":"Mapped {/reports/rentals/history, GET} route","service":"juman-backend-node","timestamp":"2026-08-09T07:13:35.842Z"}
{"channel":"application","context":"RouterExplorer","level":"info","message":"Mapped {/reports/inventory/value, GET} route","service":"juman-backend-node","timestamp":"2026-08-09T07:13:35.843Z"}
{"channel":"application","context":"RouterExplorer","level":"info","message":"Mapped {/reports/inventory/availability, GET} route","service":"juman-backend-node","timestamp":"2026-08-09T07:13:35.843Z"}
{"channel":"application","context":"RouterExplorer","level":"info","message":"Mapped {/reports/inventory/category, GET} route","service":"juman-backend-node","timestamp":"2026-08-09T07:13:35.843Z"}
{"channel":"application","context":"RouterExplorer","level":"info","message":"Mapped {/reports/inventory/brand, GET} route","service":"juman-backend-node","timestamp":"2026-08-09T07:13:35.844Z"}
{"channel":"application","context":"RouterExplorer","level":"info","message":"Mapped {/reports/inventory/color, GET} route","service":"juman-backend-node","timestamp":"2026-08-09T07:13:35.844Z"}
{"channel":"application","context":"RouterExplorer","level":"info","message":"Mapped {/reports/inventory/size, GET} route","service":"juman-backend-node","timestamp":"2026-08-09T07:13:35.844Z"}
{"channel":"application","context":"RouterExplorer","level":"info","message":"Mapped {/reports/inventory/lifecycle, GET} route","service":"juman-backend-node","timestamp":"2026-08-09T07:13:35.845Z"}
{"channel":"application","context":"RouterExplorer","level":"info","message":"Mapped {/reports/inventory/retired, GET} route","service":"juman-backend-node","timestamp":"2026-08-09T07:13:35.845Z"}
{"channel":"application","context":"RouterExplorer","level":"info","message":"Mapped {/reports/inventory/maintenance, GET} route","service":"juman-backend-node","timestamp":"2026-08-09T07:13:35.845Z"}
{"channel":"application","context":"RouterExplorer","level":"info","message":"Mapped {/reports/customers/:id/rentals, GET} route","service":"juman-backend-node","timestamp":"2026-08-09T07:13:35.845Z"}
{"channel":"application","context":"RouterExplorer","level":"info","message":"Mapped {/reports/customers/:id/outstanding, GET} route","service":"juman-backend-node","timestamp":"2026-08-09T07:13:35.845Z"}
{"channel":"application","context":"RouterExplorer","level":"info","message":"Mapped {/reports/customers/:id/payments, GET} route","service":"juman-backend-node","timestamp":"2026-08-09T07:13:35.845Z"}
{"channel":"application","context":"RouterExplorer","level":"info","message":"Mapped {/reports/customers/:id/reservations, GET} route","service":"juman-backend-node","timestamp":"2026-08-09T07:13:35.846Z"}
{"channel":"application","context":"RouterExplorer","level":"info","message":"Mapped {/reports/export, GET} route","service":"juman-backend-node","timestamp":"2026-08-09T07:13:35.846Z"}
{"channel":"application","context":"RoutesResolver","level":"info","message":"HealthController {/health}:","service":"juman-backend-node","timestamp":"2026-08-09T07:13:35.846Z"}
{"channel":"application","context":"RouterExplorer","level":"info","message":"Mapped {/health, GET} route","service":"juman-backend-node","timestamp":"2026-08-09T07:13:35.846Z"}
{"channel":"application","context":"NestApplication","level":"info","message":"Nest application successfully started","service":"juman-backend-node","timestamp":"2026-08-09T07:13:35.846Z"}
{"channel":"startup","context":"Startup","level":"info","message":"Listening on http://127.0.0.1:8787","service":"juman-backend-node","timestamp":"2026-08-09T07:13:35.847Z"}
{"channel":"startup","context":"Startup","level":"info","message":"GET /health ready","service":"juman-backend-node","timestamp":"2026-08-09T07:13:35.847Z"}
{"channel":"startup","context":"Startup","dataDir":"C:\\Users\\moham\\Desktop\\juman","envCreated":false,"envFile":"C:\\Users\\moham\\Desktop\\juman\\config\\juman.env","environment":"development","host":"127.0.0.1","level":"info","message":"Juman Backend V2 starting","migrations":"applied","port":8787,"service":"juman-backend-node","timestamp":"2026-08-09T07:37:00.386Z","version":"2.0.0"}
{"channel":"startup","context":"Startup","level":"info","message":"SQLite PRAGMAs applied (foreign_keys, WAL, busy_timeout)","service":"juman-backend-node","timestamp":"2026-08-09T07:37:00.461Z"}
{"channel":"startup","context":"Startup","level":"info","message":"Prisma connected to SQLite","service":"juman-backend-node","timestamp":"2026-08-09T07:37:00.465Z"}
{"channel":"startup","context":"Startup","count":27,"level":"info","message":"App settings ensured","service":"juman-backend-node","timestamp":"2026-08-09T07:37:00.559Z"}
{"channel":"startup","context":"Startup","count":105,"level":"info","message":"RBAC permissions ensured","service":"juman-backend-node","timestamp":"2026-08-09T07:37:00.842Z"}
{"channel":"startup","context":"Startup","count":105,"level":"info","message":"RBAC permissions ensured","service":"juman-backend-node","timestamp":"2026-08-09T07:37:01.131Z"}
{"channel":"startup","context":"Startup","count":4,"level":"info","message":"RBAC system roles ensured","service":"juman-backend-node","timestamp":"2026-08-09T07:37:01.560Z"}
{"channel":"startup","context":"Startup","level":"info","message":"Administrator user already present","service":"juman-backend-node","timestamp":"2026-08-09T07:37:01.564Z","username":"admin"}
{"categories":3,"channel":"startup","context":"Startup","level":"info","message":"Demo seed skipped (categories already present)","service":"juman-backend-node","timestamp":"2026-08-09T07:37:01.571Z"}
{"channel":"startup","context":"Startup","customerId":"45c43439-599c-459d-85d9-5ad83caded3a","customerNumber":"WALK-IN","level":"info","message":"Walk-in customer ready","service":"juman-backend-node","timestamp":"2026-08-09T07:37:01.583Z"}
{"channel":"application","context":"NestFactory","level":"info","message":"Starting Nest application...","service":"juman-backend-node","timestamp":"2026-08-09T07:37:01.623Z"}
{"channel":"application","context":"InstanceLoader","level":"info","message":"LoggerModule dependencies initialized","service":"juman-backend-node","timestamp":"2026-08-09T07:37:01.624Z"}
{"channel":"application","context":"InstanceLoader","level":"info","message":"PassportModule dependencies initialized","service":"juman-backend-node","timestamp":"2026-08-09T07:37:01.625Z"}
{"channel":"application","context":"InstanceLoader","level":"info","message":"ConfigHostModule dependencies initialized","service":"juman-backend-node","timestamp":"2026-08-09T07:37:01.626Z"}
{"channel":"application","context":"InstanceLoader","level":"info","message":"ConfigModule dependencies initialized","service":"juman-backend-node","timestamp":"2026-08-09T07:37:01.626Z"}
{"channel":"application","context":"InstanceLoader","level":"info","message":"ConfigModule dependencies initialized","service":"juman-backend-node","timestamp":"2026-08-09T07:37:01.627Z"}
{"channel":"application","context":"InstanceLoader","level":"info","message":"PrismaModule dependencies initialized","service":"juman-backend-node","timestamp":"2026-08-09T07:37:01.627Z"}
{"channel":"application","context":"InstanceLoader","level":"info","message":"JwtModule dependencies initialized","service":"juman-backend-node","timestamp":"2026-08-09T07:37:01.629Z"}
{"channel":"application","context":"InstanceLoader","level":"info","message":"SettingsModule dependencies initialized","service":"juman-backend-node","timestamp":"2026-08-09T07:37:01.629Z"}
{"channel":"application","context":"InstanceLoader","level":"info","message":"AuditModule dependencies initialized","service":"juman-backend-node","timestamp":"2026-08-09T07:37:01.630Z"}
{"channel":"application","context":"InstanceLoader","level":"info","message":"PermissionsModule dependencies initialized","service":"juman-backend-node","timestamp":"2026-08-09T07:37:01.630Z"}
{"channel":"application","context":"InstanceLoader","level":"info","message":"UsersModule dependencies initialized","service":"juman-backend-node","timestamp":"2026-08-09T07:37:01.631Z"}
{"channel":"application","context":"InstanceLoader","level":"info","message":"SecurityModule dependencies initialized","service":"juman-backend-node","timestamp":"2026-08-09T07:37:01.632Z"}
{"channel":"application","context":"InstanceLoader","level":"info","message":"HealthModule dependencies initialized","service":"juman-backend-node","timestamp":"2026-08-09T07:37:01.632Z"}
{"channel":"application","context":"InstanceLoader","level":"info","message":"RolesModule dependencies initialized","service":"juman-backend-node","timestamp":"2026-08-09T07:37:01.633Z"}
{"channel":"application","context":"InstanceLoader","level":"info","message":"AppModule dependencies initialized","service":"juman-backend-node","timestamp":"2026-08-09T07:37:01.634Z"}
{"channel":"application","context":"InstanceLoader","level":"info","message":"AvailabilityModule dependencies initialized","service":"juman-backend-node","timestamp":"2026-08-09T07:37:01.636Z"}
{"channel":"application","context":"InstanceLoader","level":"info","message":"ReportsModule dependencies initialized","service":"juman-backend-node","timestamp":"2026-08-09T07:37:01.637Z"}
{"channel":"application","context":"InstanceLoader","level":"info","message":"MediaModule dependencies initialized","service":"juman-backend-node","timestamp":"2026-08-09T07:37:01.638Z"}
{"channel":"application","context":"InstanceLoader","level":"info","message":"BarcodeModule dependencies initialized","service":"juman-backend-node","timestamp":"2026-08-09T07:37:01.640Z"}
{"channel":"application","context":"InstanceLoader","level":"info","message":"CustomersModule dependencies initialized","service":"juman-backend-node","timestamp":"2026-08-09T07:37:01.641Z"}
{"channel":"application","context":"InstanceLoader","level":"info","message":"AuthModule dependencies initialized","service":"juman-backend-node","timestamp":"2026-08-09T07:37:01.642Z"}
{"channel":"application","context":"InstanceLoader","level":"info","message":"InventoryModule dependencies initialized","service":"juman-backend-node","timestamp":"2026-08-09T07:37:01.643Z"}
{"channel":"application","context":"InstanceLoader","level":"info","message":"FinanceModule dependencies initialized","service":"juman-backend-node","timestamp":"2026-08-09T07:37:01.644Z"}
{"channel":"application","context":"InstanceLoader","level":"info","message":"RentalsModule dependencies initialized","service":"juman-backend-node","timestamp":"2026-08-09T07:37:01.645Z"}
{"channel":"application","context":"InstanceLoader","level":"info","message":"SalesModule dependencies initialized","service":"juman-backend-node","timestamp":"2026-08-09T07:37:01.646Z"}
{"channel":"application","context":"InstanceLoader","level":"info","message":"ReservationsModule dependencies initialized","service":"juman-backend-node","timestamp":"2026-08-09T07:37:01.647Z"}
{"channel":"application","context":"RoutesResolver","level":"info","message":"MediaController {/media}:","service":"juman-backend-node","timestamp":"2026-08-09T07:37:01.648Z"}
{"channel":"application","context":"RouterExplorer","level":"info","message":"Mapped {/media, GET} route","service":"juman-backend-node","timestamp":"2026-08-09T07:37:01.648Z"}
{"channel":"application","context":"RouterExplorer","level":"info","message":"Mapped {/media/:id, GET} route","service":"juman-backend-node","timestamp":"2026-08-09T07:37:01.649Z"}
{"channel":"application","context":"RouterExplorer","level":"info","message":"Mapped {/media/:id/integrity, GET} route","service":"juman-backend-node","timestamp":"2026-08-09T07:37:01.650Z"}
{"channel":"application","context":"RouterExplorer","level":"info","message":"Mapped {/media, POST} route","service":"juman-backend-node","timestamp":"2026-08-09T07:37:01.651Z"}
{"channel":"application","context":"RouterExplorer","level":"info","message":"Mapped {/media/:id, DELETE} route","service":"juman-backend-node","timestamp":"2026-08-09T07:37:01.652Z"}
{"channel":"application","context":"RouterExplorer","level":"info","message":"Mapped {/media/:id/restore, POST} route","service":"juman-backend-node","timestamp":"2026-08-09T07:37:01.652Z"}
{"channel":"application","context":"RoutesResolver","level":"info","message":"BarcodeController {/barcodes}:","service":"juman-backend-node","timestamp":"2026-08-09T07:37:01.653Z"}
{"channel":"application","context":"RouterExplorer","level":"info","message":"Mapped {/barcodes, GET} route","service":"juman-backend-node","timestamp":"2026-08-09T07:37:01.654Z"}
{"channel":"application","context":"RouterExplorer","level":"info","message":"Mapped {/barcodes/:id, GET} route","service":"juman-backend-node","timestamp":"2026-08-09T07:37:01.655Z"}
{"channel":"application","context":"RouterExplorer","level":"info","message":"Mapped {/barcodes/generate, POST} route","service":"juman-backend-node","timestamp":"2026-08-09T07:37:01.656Z"}
{"channel":"application","context":"RouterExplorer","level":"info","message":"Mapped {/barcodes/validate, POST} route","service":"juman-backend-node","timestamp":"2026-08-09T07:37:01.656Z"}
{"channel":"application","context":"RouterExplorer","level":"info","message":"Mapped {/barcodes/reserve, POST} route","service":"juman-backend-node","timestamp":"2026-08-09T07:37:01.657Z"}
{"channel":"application","context":"RouterExplorer","level":"info","message":"Mapped {/barcodes/release, POST} route","service":"juman-backend-node","timestamp":"2026-08-09T07:37:01.657Z"}
{"channel":"application","context":"RouterExplorer","level":"info","message":"Mapped {/barcodes/retire, POST} route","service":"juman-backend-node","timestamp":"2026-08-09T07:37:01.658Z"}
{"channel":"application","context":"RoutesResolver","level":"info","message":"AuthController {/auth}:","service":"juman-backend-node","timestamp":"2026-08-09T07:37:01.659Z"}
{"channel":"application","context":"RouterExplorer","level":"info","message":"Mapped {/auth/login, POST} route","service":"juman-backend-node","timestamp":"2026-08-09T07:37:01.660Z"}
{"channel":"application","context":"RouterExplorer","level":"info","message":"Mapped {/auth/logout, POST} route","service":"juman-backend-node","timestamp":"2026-08-09T07:37:01.661Z"}
{"channel":"application","context":"RouterExplorer","level":"info","message":"Mapped {/auth/change-password, POST} route","service":"juman-backend-node","timestamp":"2026-08-09T07:37:01.662Z"}
{"channel":"application","context":"RouterExplorer","level":"info","message":"Mapped {/auth/admin/unlock, POST} route","service":"juman-backend-node","timestamp":"2026-08-09T07:37:01.662Z"}
{"channel":"application","context":"RouterExplorer","level":"info","message":"Mapped {/auth/session, GET} route","service":"juman-backend-node","timestamp":"2026-08-09T07:37:01.663Z"}
{"channel":"application","context":"RouterExplorer","level":"info","message":"Mapped {/auth/me, GET} route","service":"juman-backend-node","timestamp":"2026-08-09T07:37:01.664Z"}
{"channel":"application","context":"RoutesResolver","level":"info","message":"CustomersController {/customers}:","service":"juman-backend-node","timestamp":"2026-08-09T07:37:01.665Z"}
{"channel":"application","context":"RouterExplorer","level":"info","message":"Mapped {/customers, GET} route","service":"juman-backend-node","timestamp":"2026-08-09T07:37:01.665Z"}
{"channel":"application","context":"RouterExplorer","level":"info","message":"Mapped {/customers/search, GET} route","service":"juman-backend-node","timestamp":"2026-08-09T07:37:01.666Z"}
{"channel":"application","context":"RouterExplorer","level":"info","message":"Mapped {/customers/number/:customerNumber, GET} route","service":"juman-backend-node","timestamp":"2026-08-09T07:37:01.667Z"}
{"channel":"application","context":"RouterExplorer","level":"info","message":"Mapped {/customers/:id, GET} route","service":"juman-backend-node","timestamp":"2026-08-09T07:37:01.669Z"}
{"channel":"application","context":"RouterExplorer","level":"info","message":"Mapped {/customers, POST} route","service":"juman-backend-node","timestamp":"2026-08-09T07:37:01.671Z"}
{"channel":"application","context":"RouterExplorer","level":"info","message":"Mapped {/customers/:id, PATCH} route","service":"juman-backend-node","timestamp":"2026-08-09T07:37:01.672Z"}
{"channel":"application","context":"RouterExplorer","level":"info","message":"Mapped {/customers/:id, DELETE} route","service":"juman-backend-node","timestamp":"2026-08-09T07:37:01.673Z"}
{"channel":"application","context":"RouterExplorer","level":"info","message":"Mapped {/customers/:id/restore, POST} route","service":"juman-backend-node","timestamp":"2026-08-09T07:37:01.674Z"}
{"channel":"application","context":"RoutesResolver","level":"info","message":"CategoriesController {/categories}:","service":"juman-backend-node","timestamp":"2026-08-09T07:37:01.675Z"}
{"channel":"application","context":"RouterExplorer","level":"info","message":"Mapped {/categories, GET} route","service":"juman-backend-node","timestamp":"2026-08-09T07:37:01.676Z"}
{"channel":"application","context":"RouterExplorer","level":"info","message":"Mapped {/categories/:id, GET} route","service":"juman-backend-node","timestamp":"2026-08-09T07:37:01.677Z"}
{"channel":"application","context":"RouterExplorer","level":"info","message":"Mapped {/categories, POST} route","service":"juman-backend-node","timestamp":"2026-08-09T07:37:01.677Z"}
{"channel":"application","context":"RouterExplorer","level":"info","message":"Mapped {/categories/:id, PATCH} route","service":"juman-backend-node","timestamp":"2026-08-09T07:37:01.678Z"}
{"channel":"application","context":"RouterExplorer","level":"info","message":"Mapped {/categories/:id, DELETE} route","service":"juman-backend-node","timestamp":"2026-08-09T07:37:01.678Z"}
{"channel":"application","context":"RouterExplorer","level":"info","message":"Mapped {/categories/:id/restore, POST} route","service":"juman-backend-node","timestamp":"2026-08-09T07:37:01.679Z"}
{"channel":"application","context":"RoutesResolver","level":"info","message":"BrandsController {/brands}:","service":"juman-backend-node","timestamp":"2026-08-09T07:37:01.679Z"}
{"channel":"application","context":"RouterExplorer","level":"info","message":"Mapped {/brands, GET} route","service":"juman-backend-node","timestamp":"2026-08-09T07:37:01.679Z"}
{"channel":"application","context":"RouterExplorer","level":"info","message":"Mapped {/brands/:id, GET} route","service":"juman-backend-node","timestamp":"2026-08-09T07:37:01.679Z"}
{"channel":"application","context":"RouterExplorer","level":"info","message":"Mapped {/brands, POST} route","service":"juman-backend-node","timestamp":"2026-08-09T07:37:01.680Z"}
{"channel":"application","context":"RouterExplorer","level":"info","message":"Mapped {/brands/:id, PATCH} route","service":"juman-backend-node","timestamp":"2026-08-09T07:37:01.680Z"}
{"channel":"application","context":"RouterExplorer","level":"info","message":"Mapped {/brands/:id, DELETE} route","service":"juman-backend-node","timestamp":"2026-08-09T07:37:01.680Z"}
{"channel":"application","context":"RouterExplorer","level":"info","message":"Mapped {/brands/:id/restore, POST} route","service":"juman-backend-node","timestamp":"2026-08-09T07:37:01.680Z"}
{"channel":"application","context":"RoutesResolver","level":"info","message":"ColorsController {/colors}:","service":"juman-backend-node","timestamp":"2026-08-09T07:37:01.681Z"}
{"channel":"application","context":"RouterExplorer","level":"info","message":"Mapped {/colors, GET} route","service":"juman-backend-node","timestamp":"2026-08-09T07:37:01.681Z"}
{"channel":"application","context":"RouterExplorer","level":"info","message":"Mapped {/colors/:id, GET} route","service":"juman-backend-node","timestamp":"2026-08-09T07:37:01.681Z"}
{"channel":"application","context":"RouterExplorer","level":"info","message":"Mapped {/colors, POST} route","service":"juman-backend-node","timestamp":"2026-08-09T07:37:01.682Z"}
{"channel":"application","context":"RouterExplorer","level":"info","message":"Mapped {/colors/:id, PATCH} route","service":"juman-backend-node","timestamp":"2026-08-09T07:37:01.682Z"}
{"channel":"application","context":"RouterExplorer","level":"info","message":"Mapped {/colors/:id, DELETE} route","service":"juman-backend-node","timestamp":"2026-08-09T07:37:01.682Z"}
{"channel":"application","context":"RouterExplorer","level":"info","message":"Mapped {/colors/:id/restore, POST} route","service":"juman-backend-node","timestamp":"2026-08-09T07:37:01.683Z"}
{"channel":"application","context":"RoutesResolver","level":"info","message":"SizesController {/sizes}:","service":"juman-backend-node","timestamp":"2026-08-09T07:37:01.684Z"}
{"channel":"application","context":"RouterExplorer","level":"info","message":"Mapped {/sizes, GET} route","service":"juman-backend-node","timestamp":"2026-08-09T07:37:01.684Z"}
{"channel":"application","context":"RouterExplorer","level":"info","message":"Mapped {/sizes/:id, GET} route","service":"juman-backend-node","timestamp":"2026-08-09T07:37:01.686Z"}
{"channel":"application","context":"RouterExplorer","level":"info","message":"Mapped {/sizes, POST} route","service":"juman-backend-node","timestamp":"2026-08-09T07:37:01.686Z"}
{"channel":"application","context":"RouterExplorer","level":"info","message":"Mapped {/sizes/:id, PATCH} route","service":"juman-backend-node","timestamp":"2026-08-09T07:37:01.687Z"}
{"channel":"application","context":"RouterExplorer","level":"info","message":"Mapped {/sizes/:id, DELETE} route","service":"juman-backend-node","timestamp":"2026-08-09T07:37:01.687Z"}
{"channel":"application","context":"RouterExplorer","level":"info","message":"Mapped {/sizes/:id/restore, POST} route","service":"juman-backend-node","timestamp":"2026-08-09T07:37:01.687Z"}
{"channel":"application","context":"RoutesResolver","level":"info","message":"LifecycleController {/items}:","service":"juman-backend-node","timestamp":"2026-08-09T07:37:01.687Z"}
{"channel":"application","context":"RouterExplorer","level":"info","message":"Mapped {/items/:id/state, GET} route","service":"juman-backend-node","timestamp":"2026-08-09T07:37:01.688Z"}
{"channel":"application","context":"RouterExplorer","level":"info","message":"Mapped {/items/:id/history, GET} route","service":"juman-backend-node","timestamp":"2026-08-09T07:37:01.688Z"}
{"channel":"application","context":"RouterExplorer","level":"info","message":"Mapped {/items/:id/transition, POST} route","service":"juman-backend-node","timestamp":"2026-08-09T07:37:01.688Z"}
{"channel":"application","context":"RoutesResolver","level":"info","message":"ItemsController {/items}:","service":"juman-backend-node","timestamp":"2026-08-09T07:37:01.689Z"}
{"channel":"application","context":"RouterExplorer","level":"info","message":"Mapped {/items, GET} route","service":"juman-backend-node","timestamp":"2026-08-09T07:37:01.689Z"}
{"channel":"application","context":"RouterExplorer","level":"info","message":"Mapped {/items/search, GET} route","service":"juman-backend-node","timestamp":"2026-08-09T07:37:01.689Z"}
{"channel":"application","context":"RouterExplorer","level":"info","message":"Mapped {/items/code/:internalCode, GET} route","service":"juman-backend-node","timestamp":"2026-08-09T07:37:01.690Z"}
{"channel":"application","context":"RouterExplorer","level":"info","message":"Mapped {/items/:id, GET} route","service":"juman-backend-node","timestamp":"2026-08-09T07:37:01.691Z"}
{"channel":"application","context":"RouterExplorer","level":"info","message":"Mapped {/items, POST} route","service":"juman-backend-node","timestamp":"2026-08-09T07:37:01.692Z"}
{"channel":"application","context":"RouterExplorer","level":"info","message":"Mapped {/items/:id, PATCH} route","service":"juman-backend-node","timestamp":"2026-08-09T07:37:01.692Z"}
{"channel":"application","context":"RouterExplorer","level":"info","message":"Mapped {/items/:id, DELETE} route","service":"juman-backend-node","timestamp":"2026-08-09T07:37:01.693Z"}
{"channel":"application","context":"RouterExplorer","level":"info","message":"Mapped {/items/:id/restore, POST} route","service":"juman-backend-node","timestamp":"2026-08-09T07:37:01.693Z"}
{"channel":"application","context":"RouterExplorer","level":"info","message":"Mapped {/items/:id/media, POST} route","service":"juman-backend-node","timestamp":"2026-08-09T07:37:01.693Z"}
{"channel":"application","context":"RoutesResolver","level":"info","message":"AvailabilityController {/availability}:","service":"juman-backend-node","timestamp":"2026-08-09T07:37:01.694Z"}
{"channel":"application","context":"RouterExplorer","level":"info","message":"Mapped {/availability, GET} route","service":"juman-backend-node","timestamp":"2026-08-09T07:37:01.694Z"}
{"channel":"application","context":"RouterExplorer","level":"info","message":"Mapped {/availability/calendar, GET} route","service":"juman-backend-node","timestamp":"2026-08-09T07:37:01.694Z"}
{"channel":"application","context":"RouterExplorer","level":"info","message":"Mapped {/availability/item/:id, GET} route","service":"juman-backend-node","timestamp":"2026-08-09T07:37:01.695Z"}
{"channel":"application","context":"RoutesResolver","level":"info","message":"FinanceController {/finance}:","service":"juman-backend-node","timestamp":"2026-08-09T07:37:01.695Z"}
{"channel":"application","context":"RouterExplorer","level":"info","message":"Mapped {/finance/accounts, GET} route","service":"juman-backend-node","timestamp":"2026-08-09T07:37:01.695Z"}
{"channel":"application","context":"RouterExplorer","level":"info","message":"Mapped {/finance/transactions, GET} route","service":"juman-backend-node","timestamp":"2026-08-09T07:37:01.696Z"}
{"channel":"application","context":"RouterExplorer","level":"info","message":"Mapped {/finance/payments, GET} route","service":"juman-backend-node","timestamp":"2026-08-09T07:37:01.696Z"}
{"channel":"application","context":"RouterExplorer","level":"info","message":"Mapped {/finance/payments, POST} route","service":"juman-backend-node","timestamp":"2026-08-09T07:37:01.696Z"}
{"channel":"application","context":"RouterExplorer","level":"info","message":"Mapped {/finance/outstanding, GET} route","service":"juman-backend-node","timestamp":"2026-08-09T07:37:01.697Z"}
{"channel":"application","context":"RoutesResolver","level":"info","message":"SettlementController {/settlements}:","service":"juman-backend-node","timestamp":"2026-08-09T07:37:01.697Z"}
{"channel":"application","context":"RouterExplorer","level":"info","message":"Mapped {/settlements, GET} route","service":"juman-backend-node","timestamp":"2026-08-09T07:37:01.697Z"}
{"channel":"application","context":"RouterExplorer","level":"info","message":"Mapped {/settlements/:id, GET} route","service":"juman-backend-node","timestamp":"2026-08-09T07:37:01.698Z"}
{"channel":"application","context":"RouterExplorer","level":"info","message":"Mapped {/settlements/:id/payment, POST} route","service":"juman-backend-node","timestamp":"2026-08-09T07:37:01.698Z"}
{"channel":"application","context":"RouterExplorer","level":"info","message":"Mapped {/settlements/:id/refund, POST} route","service":"juman-backend-node","timestamp":"2026-08-09T07:37:01.698Z"}
{"channel":"application","context":"RouterExplorer","level":"info","message":"Mapped {/settlements/:id/adjustment, POST} route","service":"juman-backend-node","timestamp":"2026-08-09T07:37:01.698Z"}
{"channel":"application","context":"RouterExplorer","level":"info","message":"Mapped {/settlements/:id/discount, POST} route","service":"juman-backend-node","timestamp":"2026-08-09T07:37:01.699Z"}
{"channel":"application","context":"RouterExplorer","level":"info","message":"Mapped {/settlements/:id/late-fee, POST} route","service":"juman-backend-node","timestamp":"2026-08-09T07:37:01.700Z"}
{"channel":"application","context":"RouterExplorer","level":"info","message":"Mapped {/settlements/:id/close, POST} route","service":"juman-backend-node","timestamp":"2026-08-09T07:37:01.701Z"}
{"channel":"application","context":"RouterExplorer","level":"info","message":"Mapped {/settlements/:id/cancel, POST} route","service":"juman-backend-node","timestamp":"2026-08-09T07:37:01.702Z"}
{"channel":"application","context":"RoutesResolver","level":"info","message":"RentalsController {/rentals}:","service":"juman-backend-node","timestamp":"2026-08-09T07:37:01.703Z"}
{"channel":"application","context":"RouterExplorer","level":"info","message":"Mapped {/rentals, GET} route","service":"juman-backend-node","timestamp":"2026-08-09T07:37:01.704Z"}
{"channel":"application","context":"RouterExplorer","level":"info","message":"Mapped {/rentals/:id/audit, GET} route","service":"juman-backend-node","timestamp":"2026-08-09T07:37:01.704Z"}
{"channel":"application","context":"RouterExplorer","level":"info","message":"Mapped {/rentals/:id, GET} route","service":"juman-backend-node","timestamp":"2026-08-09T07:37:01.705Z"}
{"channel":"application","context":"RouterExplorer","level":"info","message":"Mapped {/rentals, POST} route","service":"juman-backend-node","timestamp":"2026-08-09T07:37:01.705Z"}
{"channel":"application","context":"RouterExplorer","level":"info","message":"Mapped {/rentals/:id/notes, POST} route","service":"juman-backend-node","timestamp":"2026-08-09T07:37:01.706Z"}
{"channel":"application","context":"RouterExplorer","level":"info","message":"Mapped {/rentals/:id, PATCH} route","service":"juman-backend-node","timestamp":"2026-08-09T07:37:01.707Z"}
{"channel":"application","context":"RouterExplorer","level":"info","message":"Mapped {/rentals/:id/checkout, POST} route","service":"juman-backend-node","timestamp":"2026-08-09T07:37:01.708Z"}
{"channel":"application","context":"RouterExplorer","level":"info","message":"Mapped {/rentals/:id/return, POST} route","service":"juman-backend-node","timestamp":"2026-08-09T07:37:01.708Z"}
{"channel":"application","context":"RouterExplorer","level":"info","message":"Mapped {/rentals/:id/complete, POST} route","service":"juman-backend-node","timestamp":"2026-08-09T07:37:01.708Z"}
{"channel":"application","context":"RouterExplorer","level":"info","message":"Mapped {/rentals/:id/cancel, POST} route","service":"juman-backend-node","timestamp":"2026-08-09T07:37:01.709Z"}
{"channel":"application","context":"RoutesResolver","level":"info","message":"ReservationsController {/reservations}:","service":"juman-backend-node","timestamp":"2026-08-09T07:37:01.709Z"}
{"channel":"application","context":"RouterExplorer","level":"info","message":"Mapped {/reservations, GET} route","service":"juman-backend-node","timestamp":"2026-08-09T07:37:01.709Z"}
{"channel":"application","context":"RouterExplorer","level":"info","message":"Mapped {/reservations/:id, GET} route","service":"juman-backend-node","timestamp":"2026-08-09T07:37:01.710Z"}
{"channel":"application","context":"RouterExplorer","level":"info","message":"Mapped {/reservations, POST} route","service":"juman-backend-node","timestamp":"2026-08-09T07:37:01.710Z"}
{"channel":"application","context":"RouterExplorer","level":"info","message":"Mapped {/reservations/:id/checkout, POST} route","service":"juman-backend-node","timestamp":"2026-08-09T07:37:01.710Z"}
{"channel":"application","context":"RouterExplorer","level":"info","message":"Mapped {/reservations/:id/cancel, POST} route","service":"juman-backend-node","timestamp":"2026-08-09T07:37:01.711Z"}
{"channel":"application","context":"RouterExplorer","level":"info","message":"Mapped {/reservations/:id/expire, POST} route","service":"juman-backend-node","timestamp":"2026-08-09T07:37:01.711Z"}
{"channel":"application","context":"RoutesResolver","level":"info","message":"SalesController {/sales}:","service":"juman-backend-node","timestamp":"2026-08-09T07:37:01.711Z"}
{"channel":"application","context":"RouterExplorer","level":"info","message":"Mapped {/sales, GET} route","service":"juman-backend-node","timestamp":"2026-08-09T07:37:01.711Z"}
{"channel":"application","context":"RouterExplorer","level":"info","message":"Mapped {/sales/:id/history, GET} route","service":"juman-backend-node","timestamp":"2026-08-09T07:37:01.712Z"}
{"channel":"application","context":"RouterExplorer","level":"info","message":"Mapped {/sales/:id, GET} route","service":"juman-backend-node","timestamp":"2026-08-09T07:37:01.712Z"}
{"channel":"application","context":"RouterExplorer","level":"info","message":"Mapped {/sales, POST} route","service":"juman-backend-node","timestamp":"2026-08-09T07:37:01.712Z"}
{"channel":"application","context":"RouterExplorer","level":"info","message":"Mapped {/sales/:id/confirm, POST} route","service":"juman-backend-node","timestamp":"2026-08-09T07:37:01.713Z"}
{"channel":"application","context":"RouterExplorer","level":"info","message":"Mapped {/sales/:id/payment, POST} route","service":"juman-backend-node","timestamp":"2026-08-09T07:37:01.713Z"}
{"channel":"application","context":"RouterExplorer","level":"info","message":"Mapped {/sales/:id/complete, POST} route","service":"juman-backend-node","timestamp":"2026-08-09T07:37:01.714Z"}
{"channel":"application","context":"RouterExplorer","level":"info","message":"Mapped {/sales/:id/cancel, POST} route","service":"juman-backend-node","timestamp":"2026-08-09T07:37:01.714Z"}
{"channel":"application","context":"RoutesResolver","level":"info","message":"ReportsController {/reports}:","service":"juman-backend-node","timestamp":"2026-08-09T07:37:01.714Z"}
{"channel":"application","context":"RouterExplorer","level":"info","message":"Mapped {/reports/dashboard, GET} route","service":"juman-backend-node","timestamp":"2026-08-09T07:37:01.714Z"}
{"channel":"application","context":"RouterExplorer","level":"info","message":"Mapped {/reports/financial, GET} route","service":"juman-backend-node","timestamp":"2026-08-09T07:37:01.715Z"}
{"channel":"application","context":"RouterExplorer","level":"info","message":"Mapped {/reports/rentals/current, GET} route","service":"juman-backend-node","timestamp":"2026-08-09T07:37:01.715Z"}
{"channel":"application","context":"RouterExplorer","level":"info","message":"Mapped {/reports/rentals/overdue, GET} route","service":"juman-backend-node","timestamp":"2026-08-09T07:37:01.716Z"}
{"channel":"application","context":"RouterExplorer","level":"info","message":"Mapped {/reports/rentals/returns, GET} route","service":"juman-backend-node","timestamp":"2026-08-09T07:37:01.717Z"}
{"channel":"application","context":"RouterExplorer","level":"info","message":"Mapped {/reports/rentals/reservations, GET} route","service":"juman-backend-node","timestamp":"2026-08-09T07:37:01.718Z"}
{"channel":"application","context":"RouterExplorer","level":"info","message":"Mapped {/reports/rentals/history, GET} route","service":"juman-backend-node","timestamp":"2026-08-09T07:37:01.719Z"}
{"channel":"application","context":"RouterExplorer","level":"info","message":"Mapped {/reports/inventory/value, GET} route","service":"juman-backend-node","timestamp":"2026-08-09T07:37:01.719Z"}
{"channel":"application","context":"RouterExplorer","level":"info","message":"Mapped {/reports/inventory/availability, GET} route","service":"juman-backend-node","timestamp":"2026-08-09T07:37:01.720Z"}
{"channel":"application","context":"RouterExplorer","level":"info","message":"Mapped {/reports/inventory/category, GET} route","service":"juman-backend-node","timestamp":"2026-08-09T07:37:01.721Z"}
{"channel":"application","context":"RouterExplorer","level":"info","message":"Mapped {/reports/inventory/brand, GET} route","service":"juman-backend-node","timestamp":"2026-08-09T07:37:01.722Z"}
{"channel":"application","context":"RouterExplorer","level":"info","message":"Mapped {/reports/inventory/color, GET} route","service":"juman-backend-node","timestamp":"2026-08-09T07:37:01.723Z"}
{"channel":"application","context":"RouterExplorer","level":"info","message":"Mapped {/reports/inventory/size, GET} route","service":"juman-backend-node","timestamp":"2026-08-09T07:37:01.724Z"}
{"channel":"application","context":"RouterExplorer","level":"info","message":"Mapped {/reports/inventory/lifecycle, GET} route","service":"juman-backend-node","timestamp":"2026-08-09T07:37:01.724Z"}
{"channel":"application","context":"RouterExplorer","level":"info","message":"Mapped {/reports/inventory/retired, GET} route","service":"juman-backend-node","timestamp":"2026-08-09T07:37:01.725Z"}
{"channel":"application","context":"RouterExplorer","level":"info","message":"Mapped {/reports/inventory/maintenance, GET} route","service":"juman-backend-node","timestamp":"2026-08-09T07:37:01.725Z"}
{"channel":"application","context":"RouterExplorer","level":"info","message":"Mapped {/reports/customers/:id/rentals, GET} route","service":"juman-backend-node","timestamp":"2026-08-09T07:37:01.726Z"}
{"channel":"application","context":"RouterExplorer","level":"info","message":"Mapped {/reports/customers/:id/outstanding, GET} route","service":"juman-backend-node","timestamp":"2026-08-09T07:37:01.727Z"}
{"channel":"application","context":"RouterExplorer","level":"info","message":"Mapped {/reports/customers/:id/payments, GET} route","service":"juman-backend-node","timestamp":"2026-08-09T07:37:01.727Z"}
{"channel":"application","context":"RouterExplorer","level":"info","message":"Mapped {/reports/customers/:id/reservations, GET} route","service":"juman-backend-node","timestamp":"2026-08-09T07:37:01.728Z"}
{"channel":"application","context":"RouterExplorer","level":"info","message":"Mapped {/reports/export, GET} route","service":"juman-backend-node","timestamp":"2026-08-09T07:37:01.728Z"}
{"channel":"application","context":"RoutesResolver","level":"info","message":"HealthController {/health}:","service":"juman-backend-node","timestamp":"2026-08-09T07:37:01.728Z"}
{"channel":"application","context":"RouterExplorer","level":"info","message":"Mapped {/health, GET} route","service":"juman-backend-node","timestamp":"2026-08-09T07:37:01.729Z"}
{"channel":"application","context":"NestApplication","level":"info","message":"Nest application successfully started","service":"juman-backend-node","timestamp":"2026-08-09T07:37:01.729Z"}
{"channel":"startup","context":"Startup","level":"info","message":"Listening on http://127.0.0.1:8787","service":"juman-backend-node","timestamp":"2026-08-09T07:37:01.731Z"}
{"channel":"startup","context":"Startup","level":"info","message":"GET /health ready","service":"juman-backend-node","timestamp":"2026-08-09T07:37:01.732Z"}
{"channel":"startup","context":"Startup","dataDir":"C:\\Users\\moham\\Desktop\\juman","envCreated":false,"envFile":"C:\\Users\\moham\\Desktop\\juman\\config\\juman.env","environment":"development","host":"127.0.0.1","level":"info","message":"Juman Backend V2 starting","migrations":"applied","port":8787,"service":"juman-backend-node","timestamp":"2026-08-09T07:52:42.575Z","version":"2.0.0"}
{"channel":"startup","context":"Startup","level":"info","message":"SQLite PRAGMAs applied (foreign_keys, WAL, busy_timeout)","service":"juman-backend-node","timestamp":"2026-08-09T07:52:42.673Z"}
{"channel":"startup","context":"Startup","level":"info","message":"Prisma connected to SQLite","service":"juman-backend-node","timestamp":"2026-08-09T07:52:42.676Z"}
{"channel":"startup","context":"Startup","count":27,"level":"info","message":"App settings ensured","service":"juman-backend-node","timestamp":"2026-08-09T07:52:42.781Z"}
{"channel":"startup","context":"Startup","count":105,"level":"info","message":"RBAC permissions ensured","service":"juman-backend-node","timestamp":"2026-08-09T07:52:42.998Z"}
{"channel":"startup","context":"Startup","count":105,"level":"info","message":"RBAC permissions ensured","service":"juman-backend-node","timestamp":"2026-08-09T07:52:43.225Z"}
{"channel":"startup","context":"Startup","count":4,"level":"info","message":"RBAC system roles ensured","service":"juman-backend-node","timestamp":"2026-08-09T07:52:43.528Z"}
{"channel":"startup","context":"Startup","level":"info","message":"Administrator user already present","service":"juman-backend-node","timestamp":"2026-08-09T07:52:43.532Z","username":"admin"}
{"categories":3,"channel":"startup","context":"Startup","level":"info","message":"Demo seed skipped (categories already present)","service":"juman-backend-node","timestamp":"2026-08-09T07:52:43.538Z"}
{"channel":"startup","context":"Startup","customerId":"45c43439-599c-459d-85d9-5ad83caded3a","customerNumber":"WALK-IN","level":"info","message":"Walk-in customer ready","service":"juman-backend-node","timestamp":"2026-08-09T07:52:43.547Z"}
{"channel":"application","context":"NestFactory","level":"info","message":"Starting Nest application...","service":"juman-backend-node","timestamp":"2026-08-09T07:52:43.585Z"}
{"channel":"application","context":"InstanceLoader","level":"info","message":"LoggerModule dependencies initialized","service":"juman-backend-node","timestamp":"2026-08-09T07:52:43.586Z"}
{"channel":"application","context":"InstanceLoader","level":"info","message":"PassportModule dependencies initialized","service":"juman-backend-node","timestamp":"2026-08-09T07:52:43.587Z"}
{"channel":"application","context":"InstanceLoader","level":"info","message":"ConfigHostModule dependencies initialized","service":"juman-backend-node","timestamp":"2026-08-09T07:52:43.587Z"}
{"channel":"application","context":"InstanceLoader","level":"info","message":"ConfigModule dependencies initialized","service":"juman-backend-node","timestamp":"2026-08-09T07:52:43.588Z"}
{"channel":"application","context":"InstanceLoader","level":"info","message":"ConfigModule dependencies initialized","service":"juman-backend-node","timestamp":"2026-08-09T07:52:43.588Z"}
{"channel":"application","context":"InstanceLoader","level":"info","message":"PrismaModule dependencies initialized","service":"juman-backend-node","timestamp":"2026-08-09T07:52:43.589Z"}
{"channel":"application","context":"InstanceLoader","level":"info","message":"JwtModule dependencies initialized","service":"juman-backend-node","timestamp":"2026-08-09T07:52:43.589Z"}
{"channel":"application","context":"InstanceLoader","level":"info","message":"SettingsModule dependencies initialized","service":"juman-backend-node","timestamp":"2026-08-09T07:52:43.589Z"}
{"channel":"application","context":"InstanceLoader","level":"info","message":"AuditModule dependencies initialized","service":"juman-backend-node","timestamp":"2026-08-09T07:52:43.590Z"}
{"channel":"application","context":"InstanceLoader","level":"info","message":"PermissionsModule dependencies initialized","service":"juman-backend-node","timestamp":"2026-08-09T07:52:43.591Z"}
{"channel":"application","context":"InstanceLoader","level":"info","message":"UsersModule dependencies initialized","service":"juman-backend-node","timestamp":"2026-08-09T07:52:43.591Z"}
{"channel":"application","context":"InstanceLoader","level":"info","message":"SecurityModule dependencies initialized","service":"juman-backend-node","timestamp":"2026-08-09T07:52:43.591Z"}
{"channel":"application","context":"InstanceLoader","level":"info","message":"HealthModule dependencies initialized","service":"juman-backend-node","timestamp":"2026-08-09T07:52:43.592Z"}
{"channel":"application","context":"InstanceLoader","level":"info","message":"RolesModule dependencies initialized","service":"juman-backend-node","timestamp":"2026-08-09T07:52:43.592Z"}
{"channel":"application","context":"InstanceLoader","level":"info","message":"AppModule dependencies initialized","service":"juman-backend-node","timestamp":"2026-08-09T07:52:43.592Z"}
{"channel":"application","context":"InstanceLoader","level":"info","message":"AvailabilityModule dependencies initialized","service":"juman-backend-node","timestamp":"2026-08-09T07:52:43.593Z"}
{"channel":"application","context":"InstanceLoader","level":"info","message":"ReportsModule dependencies initialized","service":"juman-backend-node","timestamp":"2026-08-09T07:52:43.593Z"}
{"channel":"application","context":"InstanceLoader","level":"info","message":"MediaModule dependencies initialized","service":"juman-backend-node","timestamp":"2026-08-09T07:52:43.593Z"}
{"channel":"application","context":"InstanceLoader","level":"info","message":"BarcodeModule dependencies initialized","service":"juman-backend-node","timestamp":"2026-08-09T07:52:43.594Z"}
{"channel":"application","context":"InstanceLoader","level":"info","message":"CustomersModule dependencies initialized","service":"juman-backend-node","timestamp":"2026-08-09T07:52:43.594Z"}
{"channel":"application","context":"InstanceLoader","level":"info","message":"AuthModule dependencies initialized","service":"juman-backend-node","timestamp":"2026-08-09T07:52:43.594Z"}
{"channel":"application","context":"InstanceLoader","level":"info","message":"InventoryModule dependencies initialized","service":"juman-backend-node","timestamp":"2026-08-09T07:52:43.595Z"}
{"channel":"application","context":"InstanceLoader","level":"info","message":"FinanceModule dependencies initialized","service":"juman-backend-node","timestamp":"2026-08-09T07:52:43.595Z"}
{"channel":"application","context":"InstanceLoader","level":"info","message":"RentalsModule dependencies initialized","service":"juman-backend-node","timestamp":"2026-08-09T07:52:43.595Z"}
{"channel":"application","context":"InstanceLoader","level":"info","message":"SalesModule dependencies initialized","service":"juman-backend-node","timestamp":"2026-08-09T07:52:43.596Z"}
{"channel":"application","context":"InstanceLoader","level":"info","message":"ReservationsModule dependencies initialized","service":"juman-backend-node","timestamp":"2026-08-09T07:52:43.596Z"}
{"channel":"application","context":"RoutesResolver","level":"info","message":"MediaController {/media}:","service":"juman-backend-node","timestamp":"2026-08-09T07:52:43.596Z"}
{"channel":"application","context":"RouterExplorer","level":"info","message":"Mapped {/media, GET} route","service":"juman-backend-node","timestamp":"2026-08-09T07:52:43.596Z"}
{"channel":"application","context":"RouterExplorer","level":"info","message":"Mapped {/media/:id, GET} route","service":"juman-backend-node","timestamp":"2026-08-09T07:52:43.597Z"}
{"channel":"application","context":"RouterExplorer","level":"info","message":"Mapped {/media/:id/integrity, GET} route","service":"juman-backend-node","timestamp":"2026-08-09T07:52:43.597Z"}
{"channel":"application","context":"RouterExplorer","level":"info","message":"Mapped {/media, POST} route","service":"juman-backend-node","timestamp":"2026-08-09T07:52:43.597Z"}
{"channel":"application","context":"RouterExplorer","level":"info","message":"Mapped {/media/:id, DELETE} route","service":"juman-backend-node","timestamp":"2026-08-09T07:52:43.597Z"}
{"channel":"application","context":"RouterExplorer","level":"info","message":"Mapped {/media/:id/restore, POST} route","service":"juman-backend-node","timestamp":"2026-08-09T07:52:43.598Z"}
{"channel":"application","context":"RoutesResolver","level":"info","message":"BarcodeController {/barcodes}:","service":"juman-backend-node","timestamp":"2026-08-09T07:52:43.598Z"}
{"channel":"application","context":"RouterExplorer","level":"info","message":"Mapped {/barcodes, GET} route","service":"juman-backend-node","timestamp":"2026-08-09T07:52:43.598Z"}
{"channel":"application","context":"RouterExplorer","level":"info","message":"Mapped {/barcodes/:id, GET} route","service":"juman-backend-node","timestamp":"2026-08-09T07:52:43.598Z"}
{"channel":"application","context":"RouterExplorer","level":"info","message":"Mapped {/barcodes/generate, POST} route","service":"juman-backend-node","timestamp":"2026-08-09T07:52:43.599Z"}
{"channel":"application","context":"RouterExplorer","level":"info","message":"Mapped {/barcodes/validate, POST} route","service":"juman-backend-node","timestamp":"2026-08-09T07:52:43.599Z"}
{"channel":"application","context":"RouterExplorer","level":"info","message":"Mapped {/barcodes/reserve, POST} route","service":"juman-backend-node","timestamp":"2026-08-09T07:52:43.599Z"}
{"channel":"application","context":"RouterExplorer","level":"info","message":"Mapped {/barcodes/release, POST} route","service":"juman-backend-node","timestamp":"2026-08-09T07:52:43.600Z"}
{"channel":"application","context":"RouterExplorer","level":"info","message":"Mapped {/barcodes/retire, POST} route","service":"juman-backend-node","timestamp":"2026-08-09T07:52:43.600Z"}
{"channel":"application","context":"RoutesResolver","level":"info","message":"AuthController {/auth}:","service":"juman-backend-node","timestamp":"2026-08-09T07:52:43.601Z"}
{"channel":"application","context":"RouterExplorer","level":"info","message":"Mapped {/auth/login, POST} route","service":"juman-backend-node","timestamp":"2026-08-09T07:52:43.602Z"}
{"channel":"application","context":"RouterExplorer","level":"info","message":"Mapped {/auth/logout, POST} route","service":"juman-backend-node","timestamp":"2026-08-09T07:52:43.602Z"}
{"channel":"application","context":"RouterExplorer","level":"info","message":"Mapped {/auth/change-password, POST} route","service":"juman-backend-node","timestamp":"2026-08-09T07:52:43.603Z"}
{"channel":"application","context":"RouterExplorer","level":"info","message":"Mapped {/auth/admin/unlock, POST} route","service":"juman-backend-node","timestamp":"2026-08-09T07:52:43.604Z"}
{"channel":"application","context":"RouterExplorer","level":"info","message":"Mapped {/auth/session, GET} route","service":"juman-backend-node","timestamp":"2026-08-09T07:52:43.604Z"}
{"channel":"application","context":"RouterExplorer","level":"info","message":"Mapped {/auth/me, GET} route","service":"juman-backend-node","timestamp":"2026-08-09T07:52:43.605Z"}
{"channel":"application","context":"RoutesResolver","level":"info","message":"CustomersController {/customers}:","service":"juman-backend-node","timestamp":"2026-08-09T07:52:43.606Z"}
{"channel":"application","context":"RouterExplorer","level":"info","message":"Mapped {/customers, GET} route","service":"juman-backend-node","timestamp":"2026-08-09T07:52:43.607Z"}
{"channel":"application","context":"RouterExplorer","level":"info","message":"Mapped {/customers/search, GET} route","service":"juman-backend-node","timestamp":"2026-08-09T07:52:43.607Z"}
{"channel":"application","context":"RouterExplorer","level":"info","message":"Mapped {/customers/number/:customerNumber, GET} route","service":"juman-backend-node","timestamp":"2026-08-09T07:52:43.608Z"}
{"channel":"application","context":"RouterExplorer","level":"info","message":"Mapped {/customers/:id, GET} route","service":"juman-backend-node","timestamp":"2026-08-09T07:52:43.609Z"}
{"channel":"application","context":"RouterExplorer","level":"info","message":"Mapped {/customers, POST} route","service":"juman-backend-node","timestamp":"2026-08-09T07:52:43.610Z"}
{"channel":"application","context":"RouterExplorer","level":"info","message":"Mapped {/customers/:id, PATCH} route","service":"juman-backend-node","timestamp":"2026-08-09T07:52:43.611Z"}
{"channel":"application","context":"RouterExplorer","level":"info","message":"Mapped {/customers/:id, DELETE} route","service":"juman-backend-node","timestamp":"2026-08-09T07:52:43.611Z"}
{"channel":"application","context":"RouterExplorer","level":"info","message":"Mapped {/customers/:id/restore, POST} route","service":"juman-backend-node","timestamp":"2026-08-09T07:52:43.612Z"}
{"channel":"application","context":"RoutesResolver","level":"info","message":"CategoriesController {/categories}:","service":"juman-backend-node","timestamp":"2026-08-09T07:52:43.612Z"}
{"channel":"application","context":"RouterExplorer","level":"info","message":"Mapped {/categories, GET} route","service":"juman-backend-node","timestamp":"2026-08-09T07:52:43.613Z"}
{"channel":"application","context":"RouterExplorer","level":"info","message":"Mapped {/categories/:id, GET} route","service":"juman-backend-node","timestamp":"2026-08-09T07:52:43.613Z"}
{"channel":"application","context":"RouterExplorer","level":"info","message":"Mapped {/categories, POST} route","service":"juman-backend-node","timestamp":"2026-08-09T07:52:43.613Z"}
{"channel":"application","context":"RouterExplorer","level":"info","message":"Mapped {/categories/:id, PATCH} route","service":"juman-backend-node","timestamp":"2026-08-09T07:52:43.614Z"}
{"channel":"application","context":"RouterExplorer","level":"info","message":"Mapped {/categories/:id, DELETE} route","service":"juman-backend-node","timestamp":"2026-08-09T07:52:43.614Z"}
{"channel":"application","context":"RouterExplorer","level":"info","message":"Mapped {/categories/:id/restore, POST} route","service":"juman-backend-node","timestamp":"2026-08-09T07:52:43.614Z"}
{"channel":"application","context":"RoutesResolver","level":"info","message":"BrandsController {/brands}:","service":"juman-backend-node","timestamp":"2026-08-09T07:52:43.614Z"}
{"channel":"application","context":"RouterExplorer","level":"info","message":"Mapped {/brands, GET} route","service":"juman-backend-node","timestamp":"2026-08-09T07:52:43.614Z"}
{"channel":"application","context":"RouterExplorer","level":"info","message":"Mapped {/brands/:id, GET} route","service":"juman-backend-node","timestamp":"2026-08-09T07:52:43.615Z"}
{"channel":"application","context":"RouterExplorer","level":"info","message":"Mapped {/brands, POST} route","service":"juman-backend-node","timestamp":"2026-08-09T07:52:43.615Z"}
{"channel":"application","context":"RouterExplorer","level":"info","message":"Mapped {/brands/:id, PATCH} route","service":"juman-backend-node","timestamp":"2026-08-09T07:52:43.615Z"}
{"channel":"application","context":"RouterExplorer","level":"info","message":"Mapped {/brands/:id, DELETE} route","service":"juman-backend-node","timestamp":"2026-08-09T07:52:43.615Z"}
{"channel":"application","context":"RouterExplorer","level":"info","message":"Mapped {/brands/:id/restore, POST} route","service":"juman-backend-node","timestamp":"2026-08-09T07:52:43.615Z"}
{"channel":"application","context":"RoutesResolver","level":"info","message":"ColorsController {/colors}:","service":"juman-backend-node","timestamp":"2026-08-09T07:52:43.615Z"}
{"channel":"application","context":"RouterExplorer","level":"info","message":"Mapped {/colors, GET} route","service":"juman-backend-node","timestamp":"2026-08-09T07:52:43.615Z"}
{"channel":"application","context":"RouterExplorer","level":"info","message":"Mapped {/colors/:id, GET} route","service":"juman-backend-node","timestamp":"2026-08-09T07:52:43.615Z"}
{"channel":"application","context":"RouterExplorer","level":"info","message":"Mapped {/colors, POST} route","service":"juman-backend-node","timestamp":"2026-08-09T07:52:43.616Z"}
{"channel":"application","context":"RouterExplorer","level":"info","message":"Mapped {/colors/:id, PATCH} route","service":"juman-backend-node","timestamp":"2026-08-09T07:52:43.616Z"}
{"channel":"application","context":"RouterExplorer","level":"info","message":"Mapped {/colors/:id, DELETE} route","service":"juman-backend-node","timestamp":"2026-08-09T07:52:43.618Z"}
{"channel":"application","context":"RouterExplorer","level":"info","message":"Mapped {/colors/:id/restore, POST} route","service":"juman-backend-node","timestamp":"2026-08-09T07:52:43.618Z"}
{"channel":"application","context":"RoutesResolver","level":"info","message":"SizesController {/sizes}:","service":"juman-backend-node","timestamp":"2026-08-09T07:52:43.619Z"}
{"channel":"application","context":"RouterExplorer","level":"info","message":"Mapped {/sizes, GET} route","service":"juman-backend-node","timestamp":"2026-08-09T07:52:43.620Z"}
{"channel":"application","context":"RouterExplorer","level":"info","message":"Mapped {/sizes/:id, GET} route","service":"juman-backend-node","timestamp":"2026-08-09T07:52:43.620Z"}
{"channel":"application","context":"RouterExplorer","level":"info","message":"Mapped {/sizes, POST} route","service":"juman-backend-node","timestamp":"2026-08-09T07:52:43.621Z"}
{"channel":"application","context":"RouterExplorer","level":"info","message":"Mapped {/sizes/:id, PATCH} route","service":"juman-backend-node","timestamp":"2026-08-09T07:52:43.621Z"}
{"channel":"application","context":"RouterExplorer","level":"info","message":"Mapped {/sizes/:id, DELETE} route","service":"juman-backend-node","timestamp":"2026-08-09T07:52:43.621Z"}
{"channel":"application","context":"RouterExplorer","level":"info","message":"Mapped {/sizes/:id/restore, POST} route","service":"juman-backend-node","timestamp":"2026-08-09T07:52:43.621Z"}
{"channel":"application","context":"RoutesResolver","level":"info","message":"LifecycleController {/items}:","service":"juman-backend-node","timestamp":"2026-08-09T07:52:43.622Z"}
{"channel":"application","context":"RouterExplorer","level":"info","message":"Mapped {/items/:id/state, GET} route","service":"juman-backend-node","timestamp":"2026-08-09T07:52:43.622Z"}
{"channel":"application","context":"RouterExplorer","level":"info","message":"Mapped {/items/:id/history, GET} route","service":"juman-backend-node","timestamp":"2026-08-09T07:52:43.622Z"}
{"channel":"application","context":"RouterExplorer","level":"info","message":"Mapped {/items/:id/transition, POST} route","service":"juman-backend-node","timestamp":"2026-08-09T07:52:43.622Z"}
{"channel":"application","context":"RoutesResolver","level":"info","message":"ItemsController {/items}:","service":"juman-backend-node","timestamp":"2026-08-09T07:52:43.623Z"}
{"channel":"application","context":"RouterExplorer","level":"info","message":"Mapped {/items, GET} route","service":"juman-backend-node","timestamp":"2026-08-09T07:52:43.623Z"}
{"channel":"application","context":"RouterExplorer","level":"info","message":"Mapped {/items/search, GET} route","service":"juman-backend-node","timestamp":"2026-08-09T07:52:43.623Z"}
{"channel":"application","context":"RouterExplorer","level":"info","message":"Mapped {/items/code/:internalCode, GET} route","service":"juman-backend-node","timestamp":"2026-08-09T07:52:43.624Z"}
{"channel":"application","context":"RouterExplorer","level":"info","message":"Mapped {/items/:id, GET} route","service":"juman-backend-node","timestamp":"2026-08-09T07:52:43.624Z"}
{"channel":"application","context":"RouterExplorer","level":"info","message":"Mapped {/items, POST} route","service":"juman-backend-node","timestamp":"2026-08-09T07:52:43.624Z"}
{"channel":"application","context":"RouterExplorer","level":"info","message":"Mapped {/items/:id, PATCH} route","service":"juman-backend-node","timestamp":"2026-08-09T07:52:43.624Z"}
{"channel":"application","context":"RouterExplorer","level":"info","message":"Mapped {/items/:id, DELETE} route","service":"juman-backend-node","timestamp":"2026-08-09T07:52:43.625Z"}
{"channel":"application","context":"RouterExplorer","level":"info","message":"Mapped {/items/:id/restore, POST} route","service":"juman-backend-node","timestamp":"2026-08-09T07:52:43.625Z"}
{"channel":"application","context":"RouterExplorer","level":"info","message":"Mapped {/items/:id/media, POST} route","service":"juman-backend-node","timestamp":"2026-08-09T07:52:43.625Z"}
{"channel":"application","context":"RoutesResolver","level":"info","message":"AvailabilityController {/availability}:","service":"juman-backend-node","timestamp":"2026-08-09T07:52:43.626Z"}
{"channel":"application","context":"RouterExplorer","level":"info","message":"Mapped {/availability, GET} route","service":"juman-backend-node","timestamp":"2026-08-09T07:52:43.626Z"}
{"channel":"application","context":"RouterExplorer","level":"info","message":"Mapped {/availability/calendar, GET} route","service":"juman-backend-node","timestamp":"2026-08-09T07:52:43.626Z"}
{"channel":"application","context":"RouterExplorer","level":"info","message":"Mapped {/availability/item/:id, GET} route","service":"juman-backend-node","timestamp":"2026-08-09T07:52:43.627Z"}
{"channel":"application","context":"RoutesResolver","level":"info","message":"FinanceController {/finance}:","service":"juman-backend-node","timestamp":"2026-08-09T07:52:43.627Z"}
{"channel":"application","context":"RouterExplorer","level":"info","message":"Mapped {/finance/accounts, GET} route","service":"juman-backend-node","timestamp":"2026-08-09T07:52:43.627Z"}
{"channel":"application","context":"RouterExplorer","level":"info","message":"Mapped {/finance/transactions, GET} route","service":"juman-backend-node","timestamp":"2026-08-09T07:52:43.627Z"}
{"channel":"application","context":"RouterExplorer","level":"info","message":"Mapped {/finance/payments, GET} route","service":"juman-backend-node","timestamp":"2026-08-09T07:52:43.628Z"}
{"channel":"application","context":"RouterExplorer","level":"info","message":"Mapped {/finance/payments, POST} route","service":"juman-backend-node","timestamp":"2026-08-09T07:52:43.628Z"}
{"channel":"application","context":"RouterExplorer","level":"info","message":"Mapped {/finance/outstanding, GET} route","service":"juman-backend-node","timestamp":"2026-08-09T07:52:43.628Z"}
{"channel":"application","context":"RoutesResolver","level":"info","message":"SettlementController {/settlements}:","service":"juman-backend-node","timestamp":"2026-08-09T07:52:43.628Z"}
{"channel":"application","context":"RouterExplorer","level":"info","message":"Mapped {/settlements, GET} route","service":"juman-backend-node","timestamp":"2026-08-09T07:52:43.628Z"}
{"channel":"application","context":"RouterExplorer","level":"info","message":"Mapped {/settlements/:id, GET} route","service":"juman-backend-node","timestamp":"2026-08-09T07:52:43.628Z"}
{"channel":"application","context":"RouterExplorer","level":"info","message":"Mapped {/settlements/:id/payment, POST} route","service":"juman-backend-node","timestamp":"2026-08-09T07:52:43.629Z"}
{"channel":"application","context":"RouterExplorer","level":"info","message":"Mapped {/settlements/:id/refund, POST} route","service":"juman-backend-node","timestamp":"2026-08-09T07:52:43.629Z"}
{"channel":"application","context":"RouterExplorer","level":"info","message":"Mapped {/settlements/:id/adjustment, POST} route","service":"juman-backend-node","timestamp":"2026-08-09T07:52:43.629Z"}
{"channel":"application","context":"RouterExplorer","level":"info","message":"Mapped {/settlements/:id/discount, POST} route","service":"juman-backend-node","timestamp":"2026-08-09T07:52:43.630Z"}
{"channel":"application","context":"RouterExplorer","level":"info","message":"Mapped {/settlements/:id/late-fee, POST} route","service":"juman-backend-node","timestamp":"2026-08-09T07:52:43.630Z"}
{"channel":"application","context":"RouterExplorer","level":"info","message":"Mapped {/settlements/:id/close, POST} route","service":"juman-backend-node","timestamp":"2026-08-09T07:52:43.630Z"}
{"channel":"application","context":"RouterExplorer","level":"info","message":"Mapped {/settlements/:id/cancel, POST} route","service":"juman-backend-node","timestamp":"2026-08-09T07:52:43.630Z"}
{"channel":"application","context":"RoutesResolver","level":"info","message":"RentalsController {/rentals}:","service":"juman-backend-node","timestamp":"2026-08-09T07:52:43.630Z"}
{"channel":"application","context":"RouterExplorer","level":"info","message":"Mapped {/rentals, GET} route","service":"juman-backend-node","timestamp":"2026-08-09T07:52:43.631Z"}
{"channel":"application","context":"RouterExplorer","level":"info","message":"Mapped {/rentals/:id/audit, GET} route","service":"juman-backend-node","timestamp":"2026-08-09T07:52:43.631Z"}
{"channel":"application","context":"RouterExplorer","level":"info","message":"Mapped {/rentals/:id, GET} route","service":"juman-backend-node","timestamp":"2026-08-09T07:52:43.631Z"}
{"channel":"application","context":"RouterExplorer","level":"info","message":"Mapped {/rentals, POST} route","service":"juman-backend-node","timestamp":"2026-08-09T07:52:43.631Z"}
{"channel":"application","context":"RouterExplorer","level":"info","message":"Mapped {/rentals/:id/notes, POST} route","service":"juman-backend-node","timestamp":"2026-08-09T07:52:43.632Z"}
{"channel":"application","context":"RouterExplorer","level":"info","message":"Mapped {/rentals/:id, PATCH} route","service":"juman-backend-node","timestamp":"2026-08-09T07:52:43.632Z"}
{"channel":"application","context":"RouterExplorer","level":"info","message":"Mapped {/rentals/:id/checkout, POST} route","service":"juman-backend-node","timestamp":"2026-08-09T07:52:43.632Z"}
{"channel":"application","context":"RouterExplorer","level":"info","message":"Mapped {/rentals/:id/return, POST} route","service":"juman-backend-node","timestamp":"2026-08-09T07:52:43.632Z"}
{"channel":"application","context":"RouterExplorer","level":"info","message":"Mapped {/rentals/:id/complete, POST} route","service":"juman-backend-node","timestamp":"2026-08-09T07:52:43.633Z"}
{"channel":"application","context":"RouterExplorer","level":"info","message":"Mapped {/rentals/:id/cancel, POST} route","service":"juman-backend-node","timestamp":"2026-08-09T07:52:43.634Z"}
{"channel":"application","context":"RoutesResolver","level":"info","message":"ReservationsController {/reservations}:","service":"juman-backend-node","timestamp":"2026-08-09T07:52:43.634Z"}
{"channel":"application","context":"RouterExplorer","level":"info","message":"Mapped {/reservations, GET} route","service":"juman-backend-node","timestamp":"2026-08-09T07:52:43.635Z"}
{"channel":"application","context":"RouterExplorer","level":"info","message":"Mapped {/reservations/:id, GET} route","service":"juman-backend-node","timestamp":"2026-08-09T07:52:43.636Z"}
{"channel":"application","context":"RouterExplorer","level":"info","message":"Mapped {/reservations, POST} route","service":"juman-backend-node","timestamp":"2026-08-09T07:52:43.636Z"}
{"channel":"application","context":"RouterExplorer","level":"info","message":"Mapped {/reservations/:id/checkout, POST} route","service":"juman-backend-node","timestamp":"2026-08-09T07:52:43.636Z"}
{"channel":"application","context":"RouterExplorer","level":"info","message":"Mapped {/reservations/:id/cancel, POST} route","service":"juman-backend-node","timestamp":"2026-08-09T07:52:43.636Z"}
{"channel":"application","context":"RouterExplorer","level":"info","message":"Mapped {/reservations/:id/expire, POST} route","service":"juman-backend-node","timestamp":"2026-08-09T07:52:43.637Z"}
{"channel":"application","context":"RoutesResolver","level":"info","message":"SalesController {/sales}:","service":"juman-backend-node","timestamp":"2026-08-09T07:52:43.637Z"}
{"channel":"application","context":"RouterExplorer","level":"info","message":"Mapped {/sales, GET} route","service":"juman-backend-node","timestamp":"2026-08-09T07:52:43.637Z"}
{"channel":"application","context":"RouterExplorer","level":"info","message":"Mapped {/sales/:id/history, GET} route","service":"juman-backend-node","timestamp":"2026-08-09T07:52:43.637Z"}
{"channel":"application","context":"RouterExplorer","level":"info","message":"Mapped {/sales/:id, GET} route","service":"juman-backend-node","timestamp":"2026-08-09T07:52:43.638Z"}
{"channel":"application","context":"RouterExplorer","level":"info","message":"Mapped {/sales, POST} route","service":"juman-backend-node","timestamp":"2026-08-09T07:52:43.638Z"}
{"channel":"application","context":"RouterExplorer","level":"info","message":"Mapped {/sales/:id/confirm, POST} route","service":"juman-backend-node","timestamp":"2026-08-09T07:52:43.638Z"}
{"channel":"application","context":"RouterExplorer","level":"info","message":"Mapped {/sales/:id/payment, POST} route","service":"juman-backend-node","timestamp":"2026-08-09T07:52:43.638Z"}
{"channel":"application","context":"RouterExplorer","level":"info","message":"Mapped {/sales/:id/complete, POST} route","service":"juman-backend-node","timestamp":"2026-08-09T07:52:43.638Z"}
{"channel":"application","context":"RouterExplorer","level":"info","message":"Mapped {/sales/:id/cancel, POST} route","service":"juman-backend-node","timestamp":"2026-08-09T07:52:43.639Z"}
{"channel":"application","context":"RoutesResolver","level":"info","message":"ReportsController {/reports}:","service":"juman-backend-node","timestamp":"2026-08-09T07:52:43.639Z"}
{"channel":"application","context":"RouterExplorer","level":"info","message":"Mapped {/reports/dashboard, GET} route","service":"juman-backend-node","timestamp":"2026-08-09T07:52:43.639Z"}
{"channel":"application","context":"RouterExplorer","level":"info","message":"Mapped {/reports/financial, GET} route","service":"juman-backend-node","timestamp":"2026-08-09T07:52:43.640Z"}
{"channel":"application","context":"RouterExplorer","level":"info","message":"Mapped {/reports/rentals/current, GET} route","service":"juman-backend-node","timestamp":"2026-08-09T07:52:43.640Z"}
{"channel":"application","context":"RouterExplorer","level":"info","message":"Mapped {/reports/rentals/overdue, GET} route","service":"juman-backend-node","timestamp":"2026-08-09T07:52:43.641Z"}
{"channel":"application","context":"RouterExplorer","level":"info","message":"Mapped {/reports/rentals/returns, GET} route","service":"juman-backend-node","timestamp":"2026-08-09T07:52:43.641Z"}
{"channel":"application","context":"RouterExplorer","level":"info","message":"Mapped {/reports/rentals/reservations, GET} route","service":"juman-backend-node","timestamp":"2026-08-09T07:52:43.641Z"}
{"channel":"application","context":"RouterExplorer","level":"info","message":"Mapped {/reports/rentals/history, GET} route","service":"juman-backend-node","timestamp":"2026-08-09T07:52:43.641Z"}
{"channel":"application","context":"RouterExplorer","level":"info","message":"Mapped {/reports/inventory/value, GET} route","service":"juman-backend-node","timestamp":"2026-08-09T07:52:43.642Z"}
{"channel":"application","context":"RouterExplorer","level":"info","message":"Mapped {/reports/inventory/availability, GET} route","service":"juman-backend-node","timestamp":"2026-08-09T07:52:43.642Z"}
{"channel":"application","context":"RouterExplorer","level":"info","message":"Mapped {/reports/inventory/category, GET} route","service":"juman-backend-node","timestamp":"2026-08-09T07:52:43.642Z"}
{"channel":"application","context":"RouterExplorer","level":"info","message":"Mapped {/reports/inventory/brand, GET} route","service":"juman-backend-node","timestamp":"2026-08-09T07:52:43.643Z"}
{"channel":"application","context":"RouterExplorer","level":"info","message":"Mapped {/reports/inventory/color, GET} route","service":"juman-backend-node","timestamp":"2026-08-09T07:52:43.643Z"}
{"channel":"application","context":"RouterExplorer","level":"info","message":"Mapped {/reports/inventory/size, GET} route","service":"juman-backend-node","timestamp":"2026-08-09T07:52:43.643Z"}
{"channel":"application","context":"RouterExplorer","level":"info","message":"Mapped {/reports/inventory/lifecycle, GET} route","service":"juman-backend-node","timestamp":"2026-08-09T07:52:43.643Z"}
{"channel":"application","context":"RouterExplorer","level":"info","message":"Mapped {/reports/inventory/retired, GET} route","service":"juman-backend-node","timestamp":"2026-08-09T07:52:43.644Z"}
{"channel":"application","context":"RouterExplorer","level":"info","message":"Mapped {/reports/inventory/maintenance, GET} route","service":"juman-backend-node","timestamp":"2026-08-09T07:52:43.644Z"}
{"channel":"application","context":"RouterExplorer","level":"info","message":"Mapped {/reports/customers/:id/rentals, GET} route","service":"juman-backend-node","timestamp":"2026-08-09T07:52:43.644Z"}
{"channel":"application","context":"RouterExplorer","level":"info","message":"Mapped {/reports/customers/:id/outstanding, GET} route","service":"juman-backend-node","timestamp":"2026-08-09T07:52:43.644Z"}
{"channel":"application","context":"RouterExplorer","level":"info","message":"Mapped {/reports/customers/:id/payments, GET} route","service":"juman-backend-node","timestamp":"2026-08-09T07:52:43.644Z"}
{"channel":"application","context":"RouterExplorer","level":"info","message":"Mapped {/reports/customers/:id/reservations, GET} route","service":"juman-backend-node","timestamp":"2026-08-09T07:52:43.644Z"}
{"channel":"application","context":"RouterExplorer","level":"info","message":"Mapped {/reports/export, GET} route","service":"juman-backend-node","timestamp":"2026-08-09T07:52:43.645Z"}
{"channel":"application","context":"RoutesResolver","level":"info","message":"HealthController {/health}:","service":"juman-backend-node","timestamp":"2026-08-09T07:52:43.645Z"}
{"channel":"application","context":"RouterExplorer","level":"info","message":"Mapped {/health, GET} route","service":"juman-backend-node","timestamp":"2026-08-09T07:52:43.645Z"}
{"channel":"application","context":"NestApplication","level":"info","message":"Nest application successfully started","service":"juman-backend-node","timestamp":"2026-08-09T07:52:43.645Z"}
{"channel":"startup","context":"Startup","level":"info","message":"Listening on http://127.0.0.1:8787","service":"juman-backend-node","timestamp":"2026-08-09T07:52:43.647Z"}
{"channel":"startup","context":"Startup","level":"info","message":"GET /health ready","service":"juman-backend-node","timestamp":"2026-08-09T07:52:43.647Z"}
{"channel":"startup","context":"Startup","dataDir":"C:\\Users\\moham\\Desktop\\juman","envCreated":false,"envFile":"C:\\Users\\moham\\Desktop\\juman\\config\\juman.env","environment":"development","host":"127.0.0.1","level":"info","message":"Juman Backend V2 starting","migrations":"applied","port":8787,"service":"juman-backend-node","timestamp":"2026-08-09T08:16:24.936Z","version":"2.0.0"}
{"channel":"startup","context":"Startup","level":"info","message":"SQLite PRAGMAs applied (foreign_keys, WAL, busy_timeout)","service":"juman-backend-node","timestamp":"2026-08-09T08:16:25.037Z"}
{"channel":"startup","context":"Startup","level":"info","message":"Prisma connected to SQLite","service":"juman-backend-node","timestamp":"2026-08-09T08:16:25.039Z"}
{"channel":"startup","context":"Startup","count":27,"level":"info","message":"App settings ensured","service":"juman-backend-node","timestamp":"2026-08-09T08:16:25.158Z"}
{"channel":"startup","context":"Startup","count":105,"level":"info","message":"RBAC permissions ensured","service":"juman-backend-node","timestamp":"2026-08-09T08:16:25.474Z"}
{"channel":"startup","context":"Startup","count":105,"level":"info","message":"RBAC permissions ensured","service":"juman-backend-node","timestamp":"2026-08-09T08:16:25.785Z"}
{"channel":"startup","context":"Startup","count":4,"level":"info","message":"RBAC system roles ensured","service":"juman-backend-node","timestamp":"2026-08-09T08:16:26.207Z"}
{"channel":"startup","context":"Startup","level":"info","message":"Administrator user already present","service":"juman-backend-node","timestamp":"2026-08-09T08:16:26.217Z","username":"admin"}
{"categories":3,"channel":"startup","context":"Startup","level":"info","message":"Demo seed skipped (categories already present)","service":"juman-backend-node","timestamp":"2026-08-09T08:16:26.224Z"}
{"channel":"startup","context":"Startup","customerId":"45c43439-599c-459d-85d9-5ad83caded3a","customerNumber":"WALK-IN","level":"info","message":"Walk-in customer ready","service":"juman-backend-node","timestamp":"2026-08-09T08:16:26.241Z"}
{"channel":"application","context":"NestFactory","level":"info","message":"Starting Nest application...","service":"juman-backend-node","timestamp":"2026-08-09T08:16:26.290Z"}
{"channel":"application","context":"InstanceLoader","level":"info","message":"LoggerModule dependencies initialized","service":"juman-backend-node","timestamp":"2026-08-09T08:16:26.291Z"}
{"channel":"application","context":"InstanceLoader","level":"info","message":"PassportModule dependencies initialized","service":"juman-backend-node","timestamp":"2026-08-09T08:16:26.291Z"}
{"channel":"application","context":"InstanceLoader","level":"info","message":"ConfigHostModule dependencies initialized","service":"juman-backend-node","timestamp":"2026-08-09T08:16:26.292Z"}
{"channel":"application","context":"InstanceLoader","level":"info","message":"ConfigModule dependencies initialized","service":"juman-backend-node","timestamp":"2026-08-09T08:16:26.292Z"}
{"channel":"application","context":"InstanceLoader","level":"info","message":"ConfigModule dependencies initialized","service":"juman-backend-node","timestamp":"2026-08-09T08:16:26.293Z"}
{"channel":"application","context":"InstanceLoader","level":"info","message":"PrismaModule dependencies initialized","service":"juman-backend-node","timestamp":"2026-08-09T08:16:26.295Z"}
{"channel":"application","context":"InstanceLoader","level":"info","message":"JwtModule dependencies initialized","service":"juman-backend-node","timestamp":"2026-08-09T08:16:26.296Z"}
{"channel":"application","context":"InstanceLoader","level":"info","message":"SettingsModule dependencies initialized","service":"juman-backend-node","timestamp":"2026-08-09T08:16:26.298Z"}
{"channel":"application","context":"InstanceLoader","level":"info","message":"AuditModule dependencies initialized","service":"juman-backend-node","timestamp":"2026-08-09T08:16:26.299Z"}
{"channel":"application","context":"InstanceLoader","level":"info","message":"SecurityModule dependencies initialized","service":"juman-backend-node","timestamp":"2026-08-09T08:16:26.299Z"}
{"channel":"application","context":"InstanceLoader","level":"info","message":"HealthModule dependencies initialized","service":"juman-backend-node","timestamp":"2026-08-09T08:16:26.299Z"}
{"channel":"application","context":"InstanceLoader","level":"info","message":"PermissionsModule dependencies initialized","service":"juman-backend-node","timestamp":"2026-08-09T08:16:26.300Z"}
{"channel":"application","context":"InstanceLoader","level":"info","message":"RolesModule dependencies initialized","service":"juman-backend-node","timestamp":"2026-08-09T08:16:26.300Z"}
{"channel":"application","context":"InstanceLoader","level":"info","message":"AppModule dependencies initialized","service":"juman-backend-node","timestamp":"2026-08-09T08:16:26.300Z"}
{"channel":"application","context":"InstanceLoader","level":"info","message":"AvailabilityModule dependencies initialized","service":"juman-backend-node","timestamp":"2026-08-09T08:16:26.301Z"}
{"channel":"application","context":"InstanceLoader","level":"info","message":"ReportsModule dependencies initialized","service":"juman-backend-node","timestamp":"2026-08-09T08:16:26.301Z"}
{"channel":"application","context":"InstanceLoader","level":"info","message":"MediaModule dependencies initialized","service":"juman-backend-node","timestamp":"2026-08-09T08:16:26.302Z"}
{"channel":"application","context":"InstanceLoader","level":"info","message":"BarcodeModule dependencies initialized","service":"juman-backend-node","timestamp":"2026-08-09T08:16:26.302Z"}
{"channel":"application","context":"InstanceLoader","level":"info","message":"CustomersModule dependencies initialized","service":"juman-backend-node","timestamp":"2026-08-09T08:16:26.302Z"}
{"channel":"application","context":"InstanceLoader","level":"info","message":"UsersModule dependencies initialized","service":"juman-backend-node","timestamp":"2026-08-09T08:16:26.303Z"}
{"channel":"application","context":"InstanceLoader","level":"info","message":"AuthModule dependencies initialized","service":"juman-backend-node","timestamp":"2026-08-09T08:16:26.303Z"}
{"channel":"application","context":"InstanceLoader","level":"info","message":"InventoryModule dependencies initialized","service":"juman-backend-node","timestamp":"2026-08-09T08:16:26.304Z"}
{"channel":"application","context":"InstanceLoader","level":"info","message":"FinanceModule dependencies initialized","service":"juman-backend-node","timestamp":"2026-08-09T08:16:26.304Z"}
{"channel":"application","context":"InstanceLoader","level":"info","message":"RentalsModule dependencies initialized","service":"juman-backend-node","timestamp":"2026-08-09T08:16:26.305Z"}
{"channel":"application","context":"InstanceLoader","level":"info","message":"SalesModule dependencies initialized","service":"juman-backend-node","timestamp":"2026-08-09T08:16:26.305Z"}
{"channel":"application","context":"InstanceLoader","level":"info","message":"ReservationsModule dependencies initialized","service":"juman-backend-node","timestamp":"2026-08-09T08:16:26.305Z"}
{"channel":"application","context":"RoutesResolver","level":"info","message":"MediaController {/media}:","service":"juman-backend-node","timestamp":"2026-08-09T08:16:26.306Z"}
{"channel":"application","context":"RouterExplorer","level":"info","message":"Mapped {/media, GET} route","service":"juman-backend-node","timestamp":"2026-08-09T08:16:26.306Z"}
{"channel":"application","context":"RouterExplorer","level":"info","message":"Mapped {/media/:id, GET} route","service":"juman-backend-node","timestamp":"2026-08-09T08:16:26.306Z"}
{"channel":"application","context":"RouterExplorer","level":"info","message":"Mapped {/media/:id/integrity, GET} route","service":"juman-backend-node","timestamp":"2026-08-09T08:16:26.307Z"}
{"channel":"application","context":"RouterExplorer","level":"info","message":"Mapped {/media, POST} route","service":"juman-backend-node","timestamp":"2026-08-09T08:16:26.307Z"}
{"channel":"application","context":"RouterExplorer","level":"info","message":"Mapped {/media/:id, DELETE} route","service":"juman-backend-node","timestamp":"2026-08-09T08:16:26.308Z"}
{"channel":"application","context":"RouterExplorer","level":"info","message":"Mapped {/media/:id/restore, POST} route","service":"juman-backend-node","timestamp":"2026-08-09T08:16:26.308Z"}
{"channel":"application","context":"RoutesResolver","level":"info","message":"BarcodeController {/barcodes}:","service":"juman-backend-node","timestamp":"2026-08-09T08:16:26.308Z"}
{"channel":"application","context":"RouterExplorer","level":"info","message":"Mapped {/barcodes, GET} route","service":"juman-backend-node","timestamp":"2026-08-09T08:16:26.309Z"}
{"channel":"application","context":"RouterExplorer","level":"info","message":"Mapped {/barcodes/:id, GET} route","service":"juman-backend-node","timestamp":"2026-08-09T08:16:26.309Z"}
{"channel":"application","context":"RouterExplorer","level":"info","message":"Mapped {/barcodes/generate, POST} route","service":"juman-backend-node","timestamp":"2026-08-09T08:16:26.310Z"}
{"channel":"application","context":"RouterExplorer","level":"info","message":"Mapped {/barcodes/validate, POST} route","service":"juman-backend-node","timestamp":"2026-08-09T08:16:26.311Z"}
{"channel":"application","context":"RouterExplorer","level":"info","message":"Mapped {/barcodes/reserve, POST} route","service":"juman-backend-node","timestamp":"2026-08-09T08:16:26.311Z"}
{"channel":"application","context":"RouterExplorer","level":"info","message":"Mapped {/barcodes/release, POST} route","service":"juman-backend-node","timestamp":"2026-08-09T08:16:26.312Z"}
{"channel":"application","context":"RouterExplorer","level":"info","message":"Mapped {/barcodes/retire, POST} route","service":"juman-backend-node","timestamp":"2026-08-09T08:16:26.313Z"}
{"channel":"application","context":"RoutesResolver","level":"info","message":"PermissionsController {/permissions}:","service":"juman-backend-node","timestamp":"2026-08-09T08:16:26.313Z"}
{"channel":"application","context":"RouterExplorer","level":"info","message":"Mapped {/permissions, GET} route","service":"juman-backend-node","timestamp":"2026-08-09T08:16:26.314Z"}
{"channel":"application","context":"RoutesResolver","level":"info","message":"RolesController {/roles}:","service":"juman-backend-node","timestamp":"2026-08-09T08:16:26.315Z"}
{"channel":"application","context":"RouterExplorer","level":"info","message":"Mapped {/roles, GET} route","service":"juman-backend-node","timestamp":"2026-08-09T08:16:26.315Z"}
{"channel":"application","context":"RoutesResolver","level":"info","message":"UsersController {/users}:","service":"juman-backend-node","timestamp":"2026-08-09T08:16:26.316Z"}
{"channel":"application","context":"RouterExplorer","level":"info","message":"Mapped {/users, GET} route","service":"juman-backend-node","timestamp":"2026-08-09T08:16:26.316Z"}
{"channel":"application","context":"RouterExplorer","level":"info","message":"Mapped {/users/:id, GET} route","service":"juman-backend-node","timestamp":"2026-08-09T08:16:26.317Z"}
{"channel":"application","context":"RouterExplorer","level":"info","message":"Mapped {/users, POST} route","service":"juman-backend-node","timestamp":"2026-08-09T08:16:26.318Z"}
{"channel":"application","context":"RouterExplorer","level":"info","message":"Mapped {/users/:id, PATCH} route","service":"juman-backend-node","timestamp":"2026-08-09T08:16:26.318Z"}
{"channel":"application","context":"RouterExplorer","level":"info","message":"Mapped {/users/:id/deactivate, POST} route","service":"juman-backend-node","timestamp":"2026-08-09T08:16:26.319Z"}
{"channel":"application","context":"RouterExplorer","level":"info","message":"Mapped {/users/:id/activate, POST} route","service":"juman-backend-node","timestamp":"2026-08-09T08:16:26.319Z"}
{"channel":"application","context":"RouterExplorer","level":"info","message":"Mapped {/users/:id/unlock, POST} route","service":"juman-backend-node","timestamp":"2026-08-09T08:16:26.319Z"}
{"channel":"application","context":"RouterExplorer","level":"info","message":"Mapped {/users/:id/reset-password, POST} route","service":"juman-backend-node","timestamp":"2026-08-09T08:16:26.320Z"}
{"channel":"application","context":"RouterExplorer","level":"info","message":"Mapped {/users/:id, DELETE} route","service":"juman-backend-node","timestamp":"2026-08-09T08:16:26.320Z"}
{"channel":"application","context":"RouterExplorer","level":"info","message":"Mapped {/users/:id/restore, POST} route","service":"juman-backend-node","timestamp":"2026-08-09T08:16:26.321Z"}
{"channel":"application","context":"RoutesResolver","level":"info","message":"AuthController {/auth}:","service":"juman-backend-node","timestamp":"2026-08-09T08:16:26.321Z"}
{"channel":"application","context":"RouterExplorer","level":"info","message":"Mapped {/auth/login, POST} route","service":"juman-backend-node","timestamp":"2026-08-09T08:16:26.322Z"}
{"channel":"application","context":"RouterExplorer","level":"info","message":"Mapped {/auth/logout, POST} route","service":"juman-backend-node","timestamp":"2026-08-09T08:16:26.323Z"}
{"channel":"application","context":"RouterExplorer","level":"info","message":"Mapped {/auth/change-password, POST} route","service":"juman-backend-node","timestamp":"2026-08-09T08:16:26.323Z"}
{"channel":"application","context":"RouterExplorer","level":"info","message":"Mapped {/auth/admin/unlock, POST} route","service":"juman-backend-node","timestamp":"2026-08-09T08:16:26.324Z"}
{"channel":"application","context":"RouterExplorer","level":"info","message":"Mapped {/auth/session, GET} route","service":"juman-backend-node","timestamp":"2026-08-09T08:16:26.325Z"}
{"channel":"application","context":"RouterExplorer","level":"info","message":"Mapped {/auth/me, GET} route","service":"juman-backend-node","timestamp":"2026-08-09T08:16:26.325Z"}
{"channel":"application","context":"RoutesResolver","level":"info","message":"CustomersController {/customers}:","service":"juman-backend-node","timestamp":"2026-08-09T08:16:26.326Z"}
{"channel":"application","context":"RouterExplorer","level":"info","message":"Mapped {/customers, GET} route","service":"juman-backend-node","timestamp":"2026-08-09T08:16:26.327Z"}
{"channel":"application","context":"RouterExplorer","level":"info","message":"Mapped {/customers/search, GET} route","service":"juman-backend-node","timestamp":"2026-08-09T08:16:26.329Z"}
{"channel":"application","context":"RouterExplorer","level":"info","message":"Mapped {/customers/number/:customerNumber, GET} route","service":"juman-backend-node","timestamp":"2026-08-09T08:16:26.330Z"}
{"channel":"application","context":"RouterExplorer","level":"info","message":"Mapped {/customers/:id, GET} route","service":"juman-backend-node","timestamp":"2026-08-09T08:16:26.331Z"}
{"channel":"application","context":"RouterExplorer","level":"info","message":"Mapped {/customers, POST} route","service":"juman-backend-node","timestamp":"2026-08-09T08:16:26.331Z"}
{"channel":"application","context":"RouterExplorer","level":"info","message":"Mapped {/customers/:id, PATCH} route","service":"juman-backend-node","timestamp":"2026-08-09T08:16:26.332Z"}
{"channel":"application","context":"RouterExplorer","level":"info","message":"Mapped {/customers/:id, DELETE} route","service":"juman-backend-node","timestamp":"2026-08-09T08:16:26.332Z"}
{"channel":"application","context":"RouterExplorer","level":"info","message":"Mapped {/customers/:id/restore, POST} route","service":"juman-backend-node","timestamp":"2026-08-09T08:16:26.333Z"}
{"channel":"application","context":"RoutesResolver","level":"info","message":"CategoriesController {/categories}:","service":"juman-backend-node","timestamp":"2026-08-09T08:16:26.334Z"}
{"channel":"application","context":"RouterExplorer","level":"info","message":"Mapped {/categories, GET} route","service":"juman-backend-node","timestamp":"2026-08-09T08:16:26.335Z"}
{"channel":"application","context":"RouterExplorer","level":"info","message":"Mapped {/categories/:id, GET} route","service":"juman-backend-node","timestamp":"2026-08-09T08:16:26.335Z"}
{"channel":"application","context":"RouterExplorer","level":"info","message":"Mapped {/categories, POST} route","service":"juman-backend-node","timestamp":"2026-08-09T08:16:26.336Z"}
{"channel":"application","context":"RouterExplorer","level":"info","message":"Mapped {/categories/:id, PATCH} route","service":"juman-backend-node","timestamp":"2026-08-09T08:16:26.336Z"}
{"channel":"application","context":"RouterExplorer","level":"info","message":"Mapped {/categories/:id, DELETE} route","service":"juman-backend-node","timestamp":"2026-08-09T08:16:26.337Z"}
{"channel":"application","context":"RouterExplorer","level":"info","message":"Mapped {/categories/:id/restore, POST} route","service":"juman-backend-node","timestamp":"2026-08-09T08:16:26.337Z"}
{"channel":"application","context":"RoutesResolver","level":"info","message":"BrandsController {/brands}:","service":"juman-backend-node","timestamp":"2026-08-09T08:16:26.338Z"}
{"channel":"application","context":"RouterExplorer","level":"info","message":"Mapped {/brands, GET} route","service":"juman-backend-node","timestamp":"2026-08-09T08:16:26.339Z"}
{"channel":"application","context":"RouterExplorer","level":"info","message":"Mapped {/brands/:id, GET} route","service":"juman-backend-node","timestamp":"2026-08-09T08:16:26.339Z"}
{"channel":"application","context":"RouterExplorer","level":"info","message":"Mapped {/brands, POST} route","service":"juman-backend-node","timestamp":"2026-08-09T08:16:26.339Z"}
{"channel":"application","context":"RouterExplorer","level":"info","message":"Mapped {/brands/:id, PATCH} route","service":"juman-backend-node","timestamp":"2026-08-09T08:16:26.340Z"}
{"channel":"application","context":"RouterExplorer","level":"info","message":"Mapped {/brands/:id, DELETE} route","service":"juman-backend-node","timestamp":"2026-08-09T08:16:26.340Z"}
{"channel":"application","context":"RouterExplorer","level":"info","message":"Mapped {/brands/:id/restore, POST} route","service":"juman-backend-node","timestamp":"2026-08-09T08:16:26.340Z"}
{"channel":"application","context":"RoutesResolver","level":"info","message":"ColorsController {/colors}:","service":"juman-backend-node","timestamp":"2026-08-09T08:16:26.340Z"}
{"channel":"application","context":"RouterExplorer","level":"info","message":"Mapped {/colors, GET} route","service":"juman-backend-node","timestamp":"2026-08-09T08:16:26.341Z"}
{"channel":"application","context":"RouterExplorer","level":"info","message":"Mapped {/colors/:id, GET} route","service":"juman-backend-node","timestamp":"2026-08-09T08:16:26.341Z"}
{"channel":"application","context":"RouterExplorer","level":"info","message":"Mapped {/colors, POST} route","service":"juman-backend-node","timestamp":"2026-08-09T08:16:26.341Z"}
{"channel":"application","context":"RouterExplorer","level":"info","message":"Mapped {/colors/:id, PATCH} route","service":"juman-backend-node","timestamp":"2026-08-09T08:16:26.342Z"}
{"channel":"application","context":"RouterExplorer","level":"info","message":"Mapped {/colors/:id, DELETE} route","service":"juman-backend-node","timestamp":"2026-08-09T08:16:26.342Z"}
{"channel":"application","context":"RouterExplorer","level":"info","message":"Mapped {/colors/:id/restore, POST} route","service":"juman-backend-node","timestamp":"2026-08-09T08:16:26.342Z"}
{"channel":"application","context":"RoutesResolver","level":"info","message":"SizesController {/sizes}:","service":"juman-backend-node","timestamp":"2026-08-09T08:16:26.343Z"}
{"channel":"application","context":"RouterExplorer","level":"info","message":"Mapped {/sizes, GET} route","service":"juman-backend-node","timestamp":"2026-08-09T08:16:26.344Z"}
{"channel":"application","context":"RouterExplorer","level":"info","message":"Mapped {/sizes/:id, GET} route","service":"juman-backend-node","timestamp":"2026-08-09T08:16:26.345Z"}
{"channel":"application","context":"RouterExplorer","level":"info","message":"Mapped {/sizes, POST} route","service":"juman-backend-node","timestamp":"2026-08-09T08:16:26.345Z"}
{"channel":"application","context":"RouterExplorer","level":"info","message":"Mapped {/sizes/:id, PATCH} route","service":"juman-backend-node","timestamp":"2026-08-09T08:16:26.346Z"}
{"channel":"application","context":"RouterExplorer","level":"info","message":"Mapped {/sizes/:id, DELETE} route","service":"juman-backend-node","timestamp":"2026-08-09T08:16:26.346Z"}
{"channel":"application","context":"RouterExplorer","level":"info","message":"Mapped {/sizes/:id/restore, POST} route","service":"juman-backend-node","timestamp":"2026-08-09T08:16:26.347Z"}
{"channel":"application","context":"RoutesResolver","level":"info","message":"LifecycleController {/items}:","service":"juman-backend-node","timestamp":"2026-08-09T08:16:26.347Z"}
{"channel":"application","context":"RouterExplorer","level":"info","message":"Mapped {/items/:id/state, GET} route","service":"juman-backend-node","timestamp":"2026-08-09T08:16:26.347Z"}
{"channel":"application","context":"RouterExplorer","level":"info","message":"Mapped {/items/:id/history, GET} route","service":"juman-backend-node","timestamp":"2026-08-09T08:16:26.348Z"}
{"channel":"application","context":"RouterExplorer","level":"info","message":"Mapped {/items/:id/transition, POST} route","service":"juman-backend-node","timestamp":"2026-08-09T08:16:26.348Z"}
{"channel":"application","context":"RoutesResolver","level":"info","message":"ItemsController {/items}:","service":"juman-backend-node","timestamp":"2026-08-09T08:16:26.348Z"}
{"channel":"application","context":"RouterExplorer","level":"info","message":"Mapped {/items, GET} route","service":"juman-backend-node","timestamp":"2026-08-09T08:16:26.349Z"}
{"channel":"application","context":"RouterExplorer","level":"info","message":"Mapped {/items/search, GET} route","service":"juman-backend-node","timestamp":"2026-08-09T08:16:26.350Z"}
{"channel":"application","context":"RouterExplorer","level":"info","message":"Mapped {/items/code/:internalCode, GET} route","service":"juman-backend-node","timestamp":"2026-08-09T08:16:26.350Z"}
{"channel":"application","context":"RouterExplorer","level":"info","message":"Mapped {/items/:id, GET} route","service":"juman-backend-node","timestamp":"2026-08-09T08:16:26.351Z"}
{"channel":"application","context":"RouterExplorer","level":"info","message":"Mapped {/items, POST} route","service":"juman-backend-node","timestamp":"2026-08-09T08:16:26.351Z"}
{"channel":"application","context":"RouterExplorer","level":"info","message":"Mapped {/items/:id, PATCH} route","service":"juman-backend-node","timestamp":"2026-08-09T08:16:26.352Z"}
{"channel":"application","context":"RouterExplorer","level":"info","message":"Mapped {/items/:id, DELETE} route","service":"juman-backend-node","timestamp":"2026-08-09T08:16:26.352Z"}
{"channel":"application","context":"RouterExplorer","level":"info","message":"Mapped {/items/:id/restore, POST} route","service":"juman-backend-node","timestamp":"2026-08-09T08:16:26.352Z"}
{"channel":"application","context":"RouterExplorer","level":"info","message":"Mapped {/items/:id/media, POST} route","service":"juman-backend-node","timestamp":"2026-08-09T08:16:26.353Z"}
{"channel":"application","context":"RoutesResolver","level":"info","message":"AvailabilityController {/availability}:","service":"juman-backend-node","timestamp":"2026-08-09T08:16:26.353Z"}
{"channel":"application","context":"RouterExplorer","level":"info","message":"Mapped {/availability, GET} route","service":"juman-backend-node","timestamp":"2026-08-09T08:16:26.354Z"}
{"channel":"application","context":"RouterExplorer","level":"info","message":"Mapped {/availability/calendar, GET} route","service":"juman-backend-node","timestamp":"2026-08-09T08:16:26.354Z"}
{"channel":"application","context":"RouterExplorer","level":"info","message":"Mapped {/availability/item/:id, GET} route","service":"juman-backend-node","timestamp":"2026-08-09T08:16:26.355Z"}
{"channel":"application","context":"RoutesResolver","level":"info","message":"FinanceController {/finance}:","service":"juman-backend-node","timestamp":"2026-08-09T08:16:26.355Z"}
{"channel":"application","context":"RouterExplorer","level":"info","message":"Mapped {/finance/accounts, GET} route","service":"juman-backend-node","timestamp":"2026-08-09T08:16:26.356Z"}
{"channel":"application","context":"RouterExplorer","level":"info","message":"Mapped {/finance/transactions, GET} route","service":"juman-backend-node","timestamp":"2026-08-09T08:16:26.356Z"}
{"channel":"application","context":"RouterExplorer","level":"info","message":"Mapped {/finance/payments, GET} route","service":"juman-backend-node","timestamp":"2026-08-09T08:16:26.357Z"}
{"channel":"application","context":"RouterExplorer","level":"info","message":"Mapped {/finance/payments, POST} route","service":"juman-backend-node","timestamp":"2026-08-09T08:16:26.357Z"}
{"channel":"application","context":"RouterExplorer","level":"info","message":"Mapped {/finance/outstanding, GET} route","service":"juman-backend-node","timestamp":"2026-08-09T08:16:26.357Z"}
{"channel":"application","context":"RoutesResolver","level":"info","message":"SettlementController {/settlements}:","service":"juman-backend-node","timestamp":"2026-08-09T08:16:26.358Z"}
{"channel":"application","context":"RouterExplorer","level":"info","message":"Mapped {/settlements, GET} route","service":"juman-backend-node","timestamp":"2026-08-09T08:16:26.359Z"}
{"channel":"application","context":"RouterExplorer","level":"info","message":"Mapped {/settlements/:id, GET} route","service":"juman-backend-node","timestamp":"2026-08-09T08:16:26.359Z"}
{"channel":"application","context":"RouterExplorer","level":"info","message":"Mapped {/settlements/:id/payment, POST} route","service":"juman-backend-node","timestamp":"2026-08-09T08:16:26.360Z"}
{"channel":"application","context":"RouterExplorer","level":"info","message":"Mapped {/settlements/:id/refund, POST} route","service":"juman-backend-node","timestamp":"2026-08-09T08:16:26.362Z"}
{"channel":"application","context":"RouterExplorer","level":"info","message":"Mapped {/settlements/:id/adjustment, POST} route","service":"juman-backend-node","timestamp":"2026-08-09T08:16:26.363Z"}
{"channel":"application","context":"RouterExplorer","level":"info","message":"Mapped {/settlements/:id/discount, POST} route","service":"juman-backend-node","timestamp":"2026-08-09T08:16:26.363Z"}
{"channel":"application","context":"RouterExplorer","level":"info","message":"Mapped {/settlements/:id/late-fee, POST} route","service":"juman-backend-node","timestamp":"2026-08-09T08:16:26.364Z"}
{"channel":"application","context":"RouterExplorer","level":"info","message":"Mapped {/settlements/:id/close, POST} route","service":"juman-backend-node","timestamp":"2026-08-09T08:16:26.364Z"}
{"channel":"application","context":"RouterExplorer","level":"info","message":"Mapped {/settlements/:id/cancel, POST} route","service":"juman-backend-node","timestamp":"2026-08-09T08:16:26.365Z"}
{"channel":"application","context":"RoutesResolver","level":"info","message":"RentalsController {/rentals}:","service":"juman-backend-node","timestamp":"2026-08-09T08:16:26.366Z"}
{"channel":"application","context":"RouterExplorer","level":"info","message":"Mapped {/rentals, GET} route","service":"juman-backend-node","timestamp":"2026-08-09T08:16:26.366Z"}
{"channel":"application","context":"RouterExplorer","level":"info","message":"Mapped {/rentals/:id/audit, GET} route","service":"juman-backend-node","timestamp":"2026-08-09T08:16:26.366Z"}
{"channel":"application","context":"RouterExplorer","level":"info","message":"Mapped {/rentals/:id, GET} route","service":"juman-backend-node","timestamp":"2026-08-09T08:16:26.367Z"}
{"channel":"application","context":"RouterExplorer","level":"info","message":"Mapped {/rentals, POST} route","service":"juman-backend-node","timestamp":"2026-08-09T08:16:26.367Z"}
{"channel":"application","context":"RouterExplorer","level":"info","message":"Mapped {/rentals/:id/notes, POST} route","service":"juman-backend-node","timestamp":"2026-08-09T08:16:26.368Z"}
{"channel":"application","context":"RouterExplorer","level":"info","message":"Mapped {/rentals/:id, PATCH} route","service":"juman-backend-node","timestamp":"2026-08-09T08:16:26.368Z"}
{"channel":"application","context":"RouterExplorer","level":"info","message":"Mapped {/rentals/:id/checkout, POST} route","service":"juman-backend-node","timestamp":"2026-08-09T08:16:26.369Z"}
{"channel":"application","context":"RouterExplorer","level":"info","message":"Mapped {/rentals/:id/return, POST} route","service":"juman-backend-node","timestamp":"2026-08-09T08:16:26.369Z"}
{"channel":"application","context":"RouterExplorer","level":"info","message":"Mapped {/rentals/:id/complete, POST} route","service":"juman-backend-node","timestamp":"2026-08-09T08:16:26.370Z"}
{"channel":"application","context":"RouterExplorer","level":"info","message":"Mapped {/rentals/:id/cancel, POST} route","service":"juman-backend-node","timestamp":"2026-08-09T08:16:26.370Z"}
{"channel":"application","context":"RoutesResolver","level":"info","message":"ReservationsController {/reservations}:","service":"juman-backend-node","timestamp":"2026-08-09T08:16:26.371Z"}
{"channel":"application","context":"RouterExplorer","level":"info","message":"Mapped {/reservations, GET} route","service":"juman-backend-node","timestamp":"2026-08-09T08:16:26.371Z"}
{"channel":"application","context":"RouterExplorer","level":"info","message":"Mapped {/reservations/:id, GET} route","service":"juman-backend-node","timestamp":"2026-08-09T08:16:26.371Z"}
{"channel":"application","context":"RouterExplorer","level":"info","message":"Mapped {/reservations, POST} route","service":"juman-backend-node","timestamp":"2026-08-09T08:16:26.372Z"}
{"channel":"application","context":"RouterExplorer","level":"info","message":"Mapped {/reservations/:id/checkout, POST} route","service":"juman-backend-node","timestamp":"2026-08-09T08:16:26.372Z"}
{"channel":"application","context":"RouterExplorer","level":"info","message":"Mapped {/reservations/:id/cancel, POST} route","service":"juman-backend-node","timestamp":"2026-08-09T08:16:26.373Z"}
{"channel":"application","context":"RouterExplorer","level":"info","message":"Mapped {/reservations/:id/expire, POST} route","service":"juman-backend-node","timestamp":"2026-08-09T08:16:26.373Z"}
{"channel":"application","context":"RoutesResolver","level":"info","message":"SalesController {/sales}:","service":"juman-backend-node","timestamp":"2026-08-09T08:16:26.373Z"}
{"channel":"application","context":"RouterExplorer","level":"info","message":"Mapped {/sales, GET} route","service":"juman-backend-node","timestamp":"2026-08-09T08:16:26.374Z"}
{"channel":"application","context":"RouterExplorer","level":"info","message":"Mapped {/sales/:id/history, GET} route","service":"juman-backend-node","timestamp":"2026-08-09T08:16:26.374Z"}
{"channel":"application","context":"RouterExplorer","level":"info","message":"Mapped {/sales/:id, GET} route","service":"juman-backend-node","timestamp":"2026-08-09T08:16:26.375Z"}
{"channel":"application","context":"RouterExplorer","level":"info","message":"Mapped {/sales, POST} route","service":"juman-backend-node","timestamp":"2026-08-09T08:16:26.375Z"}
{"channel":"application","context":"RouterExplorer","level":"info","message":"Mapped {/sales/:id/confirm, POST} route","service":"juman-backend-node","timestamp":"2026-08-09T08:16:26.376Z"}
{"channel":"application","context":"RouterExplorer","level":"info","message":"Mapped {/sales/:id/payment, POST} route","service":"juman-backend-node","timestamp":"2026-08-09T08:16:26.377Z"}
{"channel":"application","context":"RouterExplorer","level":"info","message":"Mapped {/sales/:id/complete, POST} route","service":"juman-backend-node","timestamp":"2026-08-09T08:16:26.379Z"}
{"channel":"application","context":"RouterExplorer","level":"info","message":"Mapped {/sales/:id/cancel, POST} route","service":"juman-backend-node","timestamp":"2026-08-09T08:16:26.379Z"}
{"channel":"application","context":"RoutesResolver","level":"info","message":"ReportsController {/reports}:","service":"juman-backend-node","timestamp":"2026-08-09T08:16:26.380Z"}
{"channel":"application","context":"RouterExplorer","level":"info","message":"Mapped {/reports/dashboard, GET} route","service":"juman-backend-node","timestamp":"2026-08-09T08:16:26.381Z"}
{"channel":"application","context":"RouterExplorer","level":"info","message":"Mapped {/reports/financial, GET} route","service":"juman-backend-node","timestamp":"2026-08-09T08:16:26.382Z"}
{"channel":"application","context":"RouterExplorer","level":"info","message":"Mapped {/reports/rentals/current, GET} route","service":"juman-backend-node","timestamp":"2026-08-09T08:16:26.383Z"}
{"channel":"application","context":"RouterExplorer","level":"info","message":"Mapped {/reports/rentals/overdue, GET} route","service":"juman-backend-node","timestamp":"2026-08-09T08:16:26.383Z"}
{"channel":"application","context":"RouterExplorer","level":"info","message":"Mapped {/reports/rentals/returns, GET} route","service":"juman-backend-node","timestamp":"2026-08-09T08:16:26.384Z"}
{"channel":"application","context":"RouterExplorer","level":"info","message":"Mapped {/reports/rentals/reservations, GET} route","service":"juman-backend-node","timestamp":"2026-08-09T08:16:26.384Z"}
{"channel":"application","context":"RouterExplorer","level":"info","message":"Mapped {/reports/rentals/history, GET} route","service":"juman-backend-node","timestamp":"2026-08-09T08:16:26.385Z"}
{"channel":"application","context":"RouterExplorer","level":"info","message":"Mapped {/reports/inventory/value, GET} route","service":"juman-backend-node","timestamp":"2026-08-09T08:16:26.386Z"}
{"channel":"application","context":"RouterExplorer","level":"info","message":"Mapped {/reports/inventory/availability, GET} route","service":"juman-backend-node","timestamp":"2026-08-09T08:16:26.386Z"}
{"channel":"application","context":"RouterExplorer","level":"info","message":"Mapped {/reports/inventory/category, GET} route","service":"juman-backend-node","timestamp":"2026-08-09T08:16:26.386Z"}
{"channel":"application","context":"RouterExplorer","level":"info","message":"Mapped {/reports/inventory/brand, GET} route","service":"juman-backend-node","timestamp":"2026-08-09T08:16:26.387Z"}
{"channel":"application","context":"RouterExplorer","level":"info","message":"Mapped {/reports/inventory/color, GET} route","service":"juman-backend-node","timestamp":"2026-08-09T08:16:26.387Z"}
{"channel":"application","context":"RouterExplorer","level":"info","message":"Mapped {/reports/inventory/size, GET} route","service":"juman-backend-node","timestamp":"2026-08-09T08:16:26.388Z"}
{"channel":"application","context":"RouterExplorer","level":"info","message":"Mapped {/reports/inventory/lifecycle, GET} route","service":"juman-backend-node","timestamp":"2026-08-09T08:16:26.388Z"}
{"channel":"application","context":"RouterExplorer","level":"info","message":"Mapped {/reports/inventory/retired, GET} route","service":"juman-backend-node","timestamp":"2026-08-09T08:16:26.389Z"}
{"channel":"application","context":"RouterExplorer","level":"info","message":"Mapped {/reports/inventory/maintenance, GET} route","service":"juman-backend-node","timestamp":"2026-08-09T08:16:26.389Z"}
{"channel":"application","context":"RouterExplorer","level":"info","message":"Mapped {/reports/customers/:id/rentals, GET} route","service":"juman-backend-node","timestamp":"2026-08-09T08:16:26.389Z"}
{"channel":"application","context":"RouterExplorer","level":"info","message":"Mapped {/reports/customers/:id/outstanding, GET} route","service":"juman-backend-node","timestamp":"2026-08-09T08:16:26.390Z"}
{"channel":"application","context":"RouterExplorer","level":"info","message":"Mapped {/reports/customers/:id/payments, GET} route","service":"juman-backend-node","timestamp":"2026-08-09T08:16:26.390Z"}
{"channel":"application","context":"RouterExplorer","level":"info","message":"Mapped {/reports/customers/:id/reservations, GET} route","service":"juman-backend-node","timestamp":"2026-08-09T08:16:26.391Z"}
{"channel":"application","context":"RouterExplorer","level":"info","message":"Mapped {/reports/export, GET} route","service":"juman-backend-node","timestamp":"2026-08-09T08:16:26.391Z"}
{"channel":"application","context":"RoutesResolver","level":"info","message":"HealthController {/health}:","service":"juman-backend-node","timestamp":"2026-08-09T08:16:26.391Z"}
{"channel":"application","context":"RouterExplorer","level":"info","message":"Mapped {/health, GET} route","service":"juman-backend-node","timestamp":"2026-08-09T08:16:26.392Z"}
{"channel":"application","context":"NestApplication","level":"info","message":"Nest application successfully started","service":"juman-backend-node","timestamp":"2026-08-09T08:16:26.392Z"}
{"channel":"startup","context":"Startup","level":"info","message":"Listening on http://127.0.0.1:8787","service":"juman-backend-node","timestamp":"2026-08-09T08:16:26.396Z"}
{"channel":"startup","context":"Startup","level":"info","message":"GET /health ready","service":"juman-backend-node","timestamp":"2026-08-09T08:16:26.397Z"}
{"channel":"startup","context":"Startup","dataDir":"C:\\Users\\moham\\Desktop\\juman","envCreated":false,"envFile":"C:\\Users\\moham\\Desktop\\juman\\config\\juman.env","environment":"development","host":"127.0.0.1","level":"info","message":"Juman Backend V2 starting","migrations":"applied","port":8787,"service":"juman-backend-node","timestamp":"2026-08-09T08:21:12.514Z","version":"2.0.0"}
{"channel":"startup","context":"Startup","level":"info","message":"SQLite PRAGMAs applied (foreign_keys, WAL, busy_timeout)","service":"juman-backend-node","timestamp":"2026-08-09T08:21:12.571Z"}
{"channel":"startup","context":"Startup","level":"info","message":"Prisma connected to SQLite","service":"juman-backend-node","timestamp":"2026-08-09T08:21:12.574Z"}
{"channel":"startup","context":"Startup","count":27,"level":"info","message":"App settings ensured","service":"juman-backend-node","timestamp":"2026-08-09T08:21:12.657Z"}
{"channel":"startup","context":"Startup","count":105,"level":"info","message":"RBAC permissions ensured","service":"juman-backend-node","timestamp":"2026-08-09T08:21:12.926Z"}
{"channel":"startup","context":"Startup","count":105,"level":"info","message":"RBAC permissions ensured","service":"juman-backend-node","timestamp":"2026-08-09T08:21:13.167Z"}
{"channel":"startup","context":"Startup","count":4,"level":"info","message":"RBAC system roles ensured","service":"juman-backend-node","timestamp":"2026-08-09T08:21:13.466Z"}
{"channel":"startup","context":"Startup","level":"info","message":"Administrator user already present","service":"juman-backend-node","timestamp":"2026-08-09T08:21:13.470Z","username":"admin"}
{"categories":3,"channel":"startup","context":"Startup","level":"info","message":"Demo seed skipped (categories already present)","service":"juman-backend-node","timestamp":"2026-08-09T08:21:13.474Z"}
{"channel":"startup","context":"Startup","customerId":"45c43439-599c-459d-85d9-5ad83caded3a","customerNumber":"WALK-IN","level":"info","message":"Walk-in customer ready","service":"juman-backend-node","timestamp":"2026-08-09T08:21:13.481Z"}
{"channel":"application","context":"NestFactory","level":"info","message":"Starting Nest application...","service":"juman-backend-node","timestamp":"2026-08-09T08:21:13.504Z"}
{"channel":"application","context":"InstanceLoader","level":"info","message":"LoggerModule dependencies initialized","service":"juman-backend-node","timestamp":"2026-08-09T08:21:13.505Z"}
{"channel":"application","context":"InstanceLoader","level":"info","message":"PassportModule dependencies initialized","service":"juman-backend-node","timestamp":"2026-08-09T08:21:13.506Z"}
{"channel":"application","context":"InstanceLoader","level":"info","message":"ConfigHostModule dependencies initialized","service":"juman-backend-node","timestamp":"2026-08-09T08:21:13.507Z"}
{"channel":"application","context":"InstanceLoader","level":"info","message":"ConfigModule dependencies initialized","service":"juman-backend-node","timestamp":"2026-08-09T08:21:13.508Z"}
{"channel":"application","context":"InstanceLoader","level":"info","message":"ConfigModule dependencies initialized","service":"juman-backend-node","timestamp":"2026-08-09T08:21:13.508Z"}
{"channel":"application","context":"InstanceLoader","level":"info","message":"PrismaModule dependencies initialized","service":"juman-backend-node","timestamp":"2026-08-09T08:21:13.509Z"}
{"channel":"application","context":"InstanceLoader","level":"info","message":"JwtModule dependencies initialized","service":"juman-backend-node","timestamp":"2026-08-09T08:21:13.509Z"}
{"channel":"application","context":"InstanceLoader","level":"info","message":"SettingsModule dependencies initialized","service":"juman-backend-node","timestamp":"2026-08-09T08:21:13.510Z"}
{"channel":"application","context":"InstanceLoader","level":"info","message":"AuditModule dependencies initialized","service":"juman-backend-node","timestamp":"2026-08-09T08:21:13.510Z"}
{"channel":"application","context":"InstanceLoader","level":"info","message":"SecurityModule dependencies initialized","service":"juman-backend-node","timestamp":"2026-08-09T08:21:13.510Z"}
{"channel":"application","context":"InstanceLoader","level":"info","message":"HealthModule dependencies initialized","service":"juman-backend-node","timestamp":"2026-08-09T08:21:13.511Z"}
{"channel":"application","context":"InstanceLoader","level":"info","message":"PermissionsModule dependencies initialized","service":"juman-backend-node","timestamp":"2026-08-09T08:21:13.511Z"}
{"channel":"application","context":"InstanceLoader","level":"info","message":"RolesModule dependencies initialized","service":"juman-backend-node","timestamp":"2026-08-09T08:21:13.512Z"}
{"channel":"application","context":"InstanceLoader","level":"info","message":"AppModule dependencies initialized","service":"juman-backend-node","timestamp":"2026-08-09T08:21:13.512Z"}
{"channel":"application","context":"InstanceLoader","level":"info","message":"AvailabilityModule dependencies initialized","service":"juman-backend-node","timestamp":"2026-08-09T08:21:13.512Z"}
{"channel":"application","context":"InstanceLoader","level":"info","message":"ReportsModule dependencies initialized","service":"juman-backend-node","timestamp":"2026-08-09T08:21:13.513Z"}
{"channel":"application","context":"InstanceLoader","level":"info","message":"MediaModule dependencies initialized","service":"juman-backend-node","timestamp":"2026-08-09T08:21:13.513Z"}
{"channel":"application","context":"InstanceLoader","level":"info","message":"BarcodeModule dependencies initialized","service":"juman-backend-node","timestamp":"2026-08-09T08:21:13.513Z"}
{"channel":"application","context":"InstanceLoader","level":"info","message":"CustomersModule dependencies initialized","service":"juman-backend-node","timestamp":"2026-08-09T08:21:13.514Z"}
{"channel":"application","context":"InstanceLoader","level":"info","message":"UsersModule dependencies initialized","service":"juman-backend-node","timestamp":"2026-08-09T08:21:13.514Z"}
{"channel":"application","context":"InstanceLoader","level":"info","message":"AuthModule dependencies initialized","service":"juman-backend-node","timestamp":"2026-08-09T08:21:13.514Z"}
{"channel":"application","context":"InstanceLoader","level":"info","message":"InventoryModule dependencies initialized","service":"juman-backend-node","timestamp":"2026-08-09T08:21:13.515Z"}
{"channel":"application","context":"InstanceLoader","level":"info","message":"FinanceModule dependencies initialized","service":"juman-backend-node","timestamp":"2026-08-09T08:21:13.515Z"}
{"channel":"application","context":"InstanceLoader","level":"info","message":"RentalsModule dependencies initialized","service":"juman-backend-node","timestamp":"2026-08-09T08:21:13.516Z"}
{"channel":"application","context":"InstanceLoader","level":"info","message":"SalesModule dependencies initialized","service":"juman-backend-node","timestamp":"2026-08-09T08:21:13.516Z"}
{"channel":"application","context":"InstanceLoader","level":"info","message":"ReservationsModule dependencies initialized","service":"juman-backend-node","timestamp":"2026-08-09T08:21:13.516Z"}
{"channel":"application","context":"RoutesResolver","level":"info","message":"MediaController {/media}:","service":"juman-backend-node","timestamp":"2026-08-09T08:21:13.517Z"}
{"channel":"application","context":"RouterExplorer","level":"info","message":"Mapped {/media, GET} route","service":"juman-backend-node","timestamp":"2026-08-09T08:21:13.517Z"}
{"channel":"application","context":"RouterExplorer","level":"info","message":"Mapped {/media/:id, GET} route","service":"juman-backend-node","timestamp":"2026-08-09T08:21:13.518Z"}
{"channel":"application","context":"RouterExplorer","level":"info","message":"Mapped {/media/:id/integrity, GET} route","service":"juman-backend-node","timestamp":"2026-08-09T08:21:13.518Z"}
{"channel":"application","context":"RouterExplorer","level":"info","message":"Mapped {/media, POST} route","service":"juman-backend-node","timestamp":"2026-08-09T08:21:13.518Z"}
{"channel":"application","context":"RouterExplorer","level":"info","message":"Mapped {/media/:id, DELETE} route","service":"juman-backend-node","timestamp":"2026-08-09T08:21:13.519Z"}
{"channel":"application","context":"RouterExplorer","level":"info","message":"Mapped {/media/:id/restore, POST} route","service":"juman-backend-node","timestamp":"2026-08-09T08:21:13.519Z"}
{"channel":"application","context":"RoutesResolver","level":"info","message":"BarcodeController {/barcodes}:","service":"juman-backend-node","timestamp":"2026-08-09T08:21:13.519Z"}
{"channel":"application","context":"RouterExplorer","level":"info","message":"Mapped {/barcodes, GET} route","service":"juman-backend-node","timestamp":"2026-08-09T08:21:13.520Z"}
{"channel":"application","context":"RouterExplorer","level":"info","message":"Mapped {/barcodes/:id, GET} route","service":"juman-backend-node","timestamp":"2026-08-09T08:21:13.520Z"}
{"channel":"application","context":"RouterExplorer","level":"info","message":"Mapped {/barcodes/generate, POST} route","service":"juman-backend-node","timestamp":"2026-08-09T08:21:13.520Z"}
{"channel":"application","context":"RouterExplorer","level":"info","message":"Mapped {/barcodes/validate, POST} route","service":"juman-backend-node","timestamp":"2026-08-09T08:21:13.521Z"}
{"channel":"application","context":"RouterExplorer","level":"info","message":"Mapped {/barcodes/reserve, POST} route","service":"juman-backend-node","timestamp":"2026-08-09T08:21:13.521Z"}
{"channel":"application","context":"RouterExplorer","level":"info","message":"Mapped {/barcodes/release, POST} route","service":"juman-backend-node","timestamp":"2026-08-09T08:21:13.522Z"}
{"channel":"application","context":"RouterExplorer","level":"info","message":"Mapped {/barcodes/retire, POST} route","service":"juman-backend-node","timestamp":"2026-08-09T08:21:13.523Z"}
{"channel":"application","context":"RoutesResolver","level":"info","message":"PermissionsController {/permissions}:","service":"juman-backend-node","timestamp":"2026-08-09T08:21:13.523Z"}
{"channel":"application","context":"RouterExplorer","level":"info","message":"Mapped {/permissions, GET} route","service":"juman-backend-node","timestamp":"2026-08-09T08:21:13.524Z"}
{"channel":"application","context":"RoutesResolver","level":"info","message":"RolesController {/roles}:","service":"juman-backend-node","timestamp":"2026-08-09T08:21:13.524Z"}
{"channel":"application","context":"RouterExplorer","level":"info","message":"Mapped {/roles, GET} route","service":"juman-backend-node","timestamp":"2026-08-09T08:21:13.525Z"}
{"channel":"application","context":"RoutesResolver","level":"info","message":"UsersController {/users}:","service":"juman-backend-node","timestamp":"2026-08-09T08:21:13.525Z"}
{"channel":"application","context":"RouterExplorer","level":"info","message":"Mapped {/users, GET} route","service":"juman-backend-node","timestamp":"2026-08-09T08:21:13.526Z"}
{"channel":"application","context":"RouterExplorer","level":"info","message":"Mapped {/users/:id, GET} route","service":"juman-backend-node","timestamp":"2026-08-09T08:21:13.526Z"}
{"channel":"application","context":"RouterExplorer","level":"info","message":"Mapped {/users, POST} route","service":"juman-backend-node","timestamp":"2026-08-09T08:21:13.526Z"}
{"channel":"application","context":"RouterExplorer","level":"info","message":"Mapped {/users/:id, PATCH} route","service":"juman-backend-node","timestamp":"2026-08-09T08:21:13.527Z"}
{"channel":"application","context":"RouterExplorer","level":"info","message":"Mapped {/users/:id/deactivate, POST} route","service":"juman-backend-node","timestamp":"2026-08-09T08:21:13.527Z"}
{"channel":"application","context":"RouterExplorer","level":"info","message":"Mapped {/users/:id/activate, POST} route","service":"juman-backend-node","timestamp":"2026-08-09T08:21:13.527Z"}
{"channel":"application","context":"RouterExplorer","level":"info","message":"Mapped {/users/:id/unlock, POST} route","service":"juman-backend-node","timestamp":"2026-08-09T08:21:13.528Z"}
{"channel":"application","context":"RouterExplorer","level":"info","message":"Mapped {/users/:id/reset-password, POST} route","service":"juman-backend-node","timestamp":"2026-08-09T08:21:13.528Z"}
{"channel":"application","context":"RouterExplorer","level":"info","message":"Mapped {/users/:id, DELETE} route","service":"juman-backend-node","timestamp":"2026-08-09T08:21:13.528Z"}
{"channel":"application","context":"RouterExplorer","level":"info","message":"Mapped {/users/:id/restore, POST} route","service":"juman-backend-node","timestamp":"2026-08-09T08:21:13.529Z"}
{"channel":"application","context":"RoutesResolver","level":"info","message":"AuthController {/auth}:","service":"juman-backend-node","timestamp":"2026-08-09T08:21:13.529Z"}
{"channel":"application","context":"RouterExplorer","level":"info","message":"Mapped {/auth/login, POST} route","service":"juman-backend-node","timestamp":"2026-08-09T08:21:13.529Z"}
{"channel":"application","context":"RouterExplorer","level":"info","message":"Mapped {/auth/logout, POST} route","service":"juman-backend-node","timestamp":"2026-08-09T08:21:13.530Z"}
{"channel":"application","context":"RouterExplorer","level":"info","message":"Mapped {/auth/change-password, POST} route","service":"juman-backend-node","timestamp":"2026-08-09T08:21:13.530Z"}
{"channel":"application","context":"RouterExplorer","level":"info","message":"Mapped {/auth/admin/unlock, POST} route","service":"juman-backend-node","timestamp":"2026-08-09T08:21:13.530Z"}
{"channel":"application","context":"RouterExplorer","level":"info","message":"Mapped {/auth/session, GET} route","service":"juman-backend-node","timestamp":"2026-08-09T08:21:13.531Z"}
{"channel":"application","context":"RouterExplorer","level":"info","message":"Mapped {/auth/me, GET} route","service":"juman-backend-node","timestamp":"2026-08-09T08:21:13.531Z"}
{"channel":"application","context":"RoutesResolver","level":"info","message":"CustomersController {/customers}:","service":"juman-backend-node","timestamp":"2026-08-09T08:21:13.531Z"}
{"channel":"application","context":"RouterExplorer","level":"info","message":"Mapped {/customers, GET} route","service":"juman-backend-node","timestamp":"2026-08-09T08:21:13.531Z"}
{"channel":"application","context":"RouterExplorer","level":"info","message":"Mapped {/customers/search, GET} route","service":"juman-backend-node","timestamp":"2026-08-09T08:21:13.532Z"}
{"channel":"application","context":"RouterExplorer","level":"info","message":"Mapped {/customers/number/:customerNumber, GET} route","service":"juman-backend-node","timestamp":"2026-08-09T08:21:13.532Z"}
{"channel":"application","context":"RouterExplorer","level":"info","message":"Mapped {/customers/:id, GET} route","service":"juman-backend-node","timestamp":"2026-08-09T08:21:13.532Z"}
{"channel":"application","context":"RouterExplorer","level":"info","message":"Mapped {/customers, POST} route","service":"juman-backend-node","timestamp":"2026-08-09T08:21:13.533Z"}
{"channel":"application","context":"RouterExplorer","level":"info","message":"Mapped {/customers/:id, PATCH} route","service":"juman-backend-node","timestamp":"2026-08-09T08:21:13.533Z"}
{"channel":"application","context":"RouterExplorer","level":"info","message":"Mapped {/customers/:id, DELETE} route","service":"juman-backend-node","timestamp":"2026-08-09T08:21:13.533Z"}
{"channel":"application","context":"RouterExplorer","level":"info","message":"Mapped {/customers/:id/restore, POST} route","service":"juman-backend-node","timestamp":"2026-08-09T08:21:13.533Z"}
{"channel":"application","context":"RoutesResolver","level":"info","message":"CategoriesController {/categories}:","service":"juman-backend-node","timestamp":"2026-08-09T08:21:13.534Z"}
{"channel":"application","context":"RouterExplorer","level":"info","message":"Mapped {/categories, GET} route","service":"juman-backend-node","timestamp":"2026-08-09T08:21:13.534Z"}
{"channel":"application","context":"RouterExplorer","level":"info","message":"Mapped {/categories/:id, GET} route","service":"juman-backend-node","timestamp":"2026-08-09T08:21:13.535Z"}
{"channel":"application","context":"RouterExplorer","level":"info","message":"Mapped {/categories, POST} route","service":"juman-backend-node","timestamp":"2026-08-09T08:21:13.535Z"}
{"channel":"application","context":"RouterExplorer","level":"info","message":"Mapped {/categories/:id, PATCH} route","service":"juman-backend-node","timestamp":"2026-08-09T08:21:13.535Z"}
{"channel":"application","context":"RouterExplorer","level":"info","message":"Mapped {/categories/:id, DELETE} route","service":"juman-backend-node","timestamp":"2026-08-09T08:21:13.535Z"}
{"channel":"application","context":"RouterExplorer","level":"info","message":"Mapped {/categories/:id/restore, POST} route","service":"juman-backend-node","timestamp":"2026-08-09T08:21:13.536Z"}
{"channel":"application","context":"RoutesResolver","level":"info","message":"BrandsController {/brands}:","service":"juman-backend-node","timestamp":"2026-08-09T08:21:13.536Z"}
{"channel":"application","context":"RouterExplorer","level":"info","message":"Mapped {/brands, GET} route","service":"juman-backend-node","timestamp":"2026-08-09T08:21:13.536Z"}
{"channel":"application","context":"RouterExplorer","level":"info","message":"Mapped {/brands/:id, GET} route","service":"juman-backend-node","timestamp":"2026-08-09T08:21:13.537Z"}
{"channel":"application","context":"RouterExplorer","level":"info","message":"Mapped {/brands, POST} route","service":"juman-backend-node","timestamp":"2026-08-09T08:21:13.537Z"}
{"channel":"application","context":"RouterExplorer","level":"info","message":"Mapped {/brands/:id, PATCH} route","service":"juman-backend-node","timestamp":"2026-08-09T08:21:13.537Z"}
{"channel":"application","context":"RouterExplorer","level":"info","message":"Mapped {/brands/:id, DELETE} route","service":"juman-backend-node","timestamp":"2026-08-09T08:21:13.537Z"}
{"channel":"application","context":"RouterExplorer","level":"info","message":"Mapped {/brands/:id/restore, POST} route","service":"juman-backend-node","timestamp":"2026-08-09T08:21:13.538Z"}
{"channel":"application","context":"RoutesResolver","level":"info","message":"ColorsController {/colors}:","service":"juman-backend-node","timestamp":"2026-08-09T08:21:13.538Z"}
{"channel":"application","context":"RouterExplorer","level":"info","message":"Mapped {/colors, GET} route","service":"juman-backend-node","timestamp":"2026-08-09T08:21:13.539Z"}
{"channel":"application","context":"RouterExplorer","level":"info","message":"Mapped {/colors/:id, GET} route","service":"juman-backend-node","timestamp":"2026-08-09T08:21:13.539Z"}
{"channel":"application","context":"RouterExplorer","level":"info","message":"Mapped {/colors, POST} route","service":"juman-backend-node","timestamp":"2026-08-09T08:21:13.540Z"}
{"channel":"application","context":"RouterExplorer","level":"info","message":"Mapped {/colors/:id, PATCH} route","service":"juman-backend-node","timestamp":"2026-08-09T08:21:13.540Z"}
{"channel":"application","context":"RouterExplorer","level":"info","message":"Mapped {/colors/:id, DELETE} route","service":"juman-backend-node","timestamp":"2026-08-09T08:21:13.541Z"}
{"channel":"application","context":"RouterExplorer","level":"info","message":"Mapped {/colors/:id/restore, POST} route","service":"juman-backend-node","timestamp":"2026-08-09T08:21:13.541Z"}
{"channel":"application","context":"RoutesResolver","level":"info","message":"SizesController {/sizes}:","service":"juman-backend-node","timestamp":"2026-08-09T08:21:13.541Z"}
{"channel":"application","context":"RouterExplorer","level":"info","message":"Mapped {/sizes, GET} route","service":"juman-backend-node","timestamp":"2026-08-09T08:21:13.542Z"}
{"channel":"application","context":"RouterExplorer","level":"info","message":"Mapped {/sizes/:id, GET} route","service":"juman-backend-node","timestamp":"2026-08-09T08:21:13.542Z"}
{"channel":"application","context":"RouterExplorer","level":"info","message":"Mapped {/sizes, POST} route","service":"juman-backend-node","timestamp":"2026-08-09T08:21:13.542Z"}
{"channel":"application","context":"RouterExplorer","level":"info","message":"Mapped {/sizes/:id, PATCH} route","service":"juman-backend-node","timestamp":"2026-08-09T08:21:13.543Z"}
{"channel":"application","context":"RouterExplorer","level":"info","message":"Mapped {/sizes/:id, DELETE} route","service":"juman-backend-node","timestamp":"2026-08-09T08:21:13.543Z"}
{"channel":"application","context":"RouterExplorer","level":"info","message":"Mapped {/sizes/:id/restore, POST} route","service":"juman-backend-node","timestamp":"2026-08-09T08:21:13.543Z"}
{"channel":"application","context":"RoutesResolver","level":"info","message":"LifecycleController {/items}:","service":"juman-backend-node","timestamp":"2026-08-09T08:21:13.543Z"}
{"channel":"application","context":"RouterExplorer","level":"info","message":"Mapped {/items/:id/state, GET} route","service":"juman-backend-node","timestamp":"2026-08-09T08:21:13.544Z"}
{"channel":"application","context":"RouterExplorer","level":"info","message":"Mapped {/items/:id/history, GET} route","service":"juman-backend-node","timestamp":"2026-08-09T08:21:13.544Z"}
{"channel":"application","context":"RouterExplorer","level":"info","message":"Mapped {/items/:id/transition, POST} route","service":"juman-backend-node","timestamp":"2026-08-09T08:21:13.544Z"}
{"channel":"application","context":"RoutesResolver","level":"info","message":"ItemsController {/items}:","service":"juman-backend-node","timestamp":"2026-08-09T08:21:13.545Z"}
{"channel":"application","context":"RouterExplorer","level":"info","message":"Mapped {/items, GET} route","service":"juman-backend-node","timestamp":"2026-08-09T08:21:13.545Z"}
{"channel":"application","context":"RouterExplorer","level":"info","message":"Mapped {/items/search, GET} route","service":"juman-backend-node","timestamp":"2026-08-09T08:21:13.545Z"}
{"channel":"application","context":"RouterExplorer","level":"info","message":"Mapped {/items/code/:internalCode, GET} route","service":"juman-backend-node","timestamp":"2026-08-09T08:21:13.546Z"}
{"channel":"application","context":"RouterExplorer","level":"info","message":"Mapped {/items/:id, GET} route","service":"juman-backend-node","timestamp":"2026-08-09T08:21:13.546Z"}
{"channel":"application","context":"RouterExplorer","level":"info","message":"Mapped {/items, POST} route","service":"juman-backend-node","timestamp":"2026-08-09T08:21:13.546Z"}
{"channel":"application","context":"RouterExplorer","level":"info","message":"Mapped {/items/:id, PATCH} route","service":"juman-backend-node","timestamp":"2026-08-09T08:21:13.546Z"}
{"channel":"application","context":"RouterExplorer","level":"info","message":"Mapped {/items/:id, DELETE} route","service":"juman-backend-node","timestamp":"2026-08-09T08:21:13.547Z"}
{"channel":"application","context":"RouterExplorer","level":"info","message":"Mapped {/items/:id/restore, POST} route","service":"juman-backend-node","timestamp":"2026-08-09T08:21:13.547Z"}
{"channel":"application","context":"RouterExplorer","level":"info","message":"Mapped {/items/:id/media, POST} route","service":"juman-backend-node","timestamp":"2026-08-09T08:21:13.547Z"}
{"channel":"application","context":"RoutesResolver","level":"info","message":"AvailabilityController {/availability}:","service":"juman-backend-node","timestamp":"2026-08-09T08:21:13.548Z"}
{"channel":"application","context":"RouterExplorer","level":"info","message":"Mapped {/availability, GET} route","service":"juman-backend-node","timestamp":"2026-08-09T08:21:13.548Z"}
{"channel":"application","context":"RouterExplorer","level":"info","message":"Mapped {/availability/calendar, GET} route","service":"juman-backend-node","timestamp":"2026-08-09T08:21:13.548Z"}
{"channel":"application","context":"RouterExplorer","level":"info","message":"Mapped {/availability/item/:id, GET} route","service":"juman-backend-node","timestamp":"2026-08-09T08:21:13.549Z"}
{"channel":"application","context":"RoutesResolver","level":"info","message":"FinanceController {/finance}:","service":"juman-backend-node","timestamp":"2026-08-09T08:21:13.549Z"}
{"channel":"application","context":"RouterExplorer","level":"info","message":"Mapped {/finance/accounts, GET} route","service":"juman-backend-node","timestamp":"2026-08-09T08:21:13.550Z"}
{"channel":"application","context":"RouterExplorer","level":"info","message":"Mapped {/finance/transactions, GET} route","service":"juman-backend-node","timestamp":"2026-08-09T08:21:13.550Z"}
{"channel":"application","context":"RouterExplorer","level":"info","message":"Mapped {/finance/payments, GET} route","service":"juman-backend-node","timestamp":"2026-08-09T08:21:13.550Z"}
{"channel":"application","context":"RouterExplorer","level":"info","message":"Mapped {/finance/payments, POST} route","service":"juman-backend-node","timestamp":"2026-08-09T08:21:13.551Z"}
{"channel":"application","context":"RouterExplorer","level":"info","message":"Mapped {/finance/outstanding, GET} route","service":"juman-backend-node","timestamp":"2026-08-09T08:21:13.551Z"}
{"channel":"application","context":"RoutesResolver","level":"info","message":"SettlementController {/settlements}:","service":"juman-backend-node","timestamp":"2026-08-09T08:21:13.551Z"}
{"channel":"application","context":"RouterExplorer","level":"info","message":"Mapped {/settlements, GET} route","service":"juman-backend-node","timestamp":"2026-08-09T08:21:13.552Z"}
{"channel":"application","context":"RouterExplorer","level":"info","message":"Mapped {/settlements/:id, GET} route","service":"juman-backend-node","timestamp":"2026-08-09T08:21:13.552Z"}
{"channel":"application","context":"RouterExplorer","level":"info","message":"Mapped {/settlements/:id/payment, POST} route","service":"juman-backend-node","timestamp":"2026-08-09T08:21:13.552Z"}
{"channel":"application","context":"RouterExplorer","level":"info","message":"Mapped {/settlements/:id/refund, POST} route","service":"juman-backend-node","timestamp":"2026-08-09T08:21:13.552Z"}
{"channel":"application","context":"RouterExplorer","level":"info","message":"Mapped {/settlements/:id/adjustment, POST} route","service":"juman-backend-node","timestamp":"2026-08-09T08:21:13.553Z"}
{"channel":"application","context":"RouterExplorer","level":"info","message":"Mapped {/settlements/:id/discount, POST} route","service":"juman-backend-node","timestamp":"2026-08-09T08:21:13.553Z"}
{"channel":"application","context":"RouterExplorer","level":"info","message":"Mapped {/settlements/:id/late-fee, POST} route","service":"juman-backend-node","timestamp":"2026-08-09T08:21:13.553Z"}
{"channel":"application","context":"RouterExplorer","level":"info","message":"Mapped {/settlements/:id/close, POST} route","service":"juman-backend-node","timestamp":"2026-08-09T08:21:13.554Z"}
{"channel":"application","context":"RouterExplorer","level":"info","message":"Mapped {/settlements/:id/cancel, POST} route","service":"juman-backend-node","timestamp":"2026-08-09T08:21:13.554Z"}
{"channel":"application","context":"RoutesResolver","level":"info","message":"RentalsController {/rentals}:","service":"juman-backend-node","timestamp":"2026-08-09T08:21:13.554Z"}
{"channel":"application","context":"RouterExplorer","level":"info","message":"Mapped {/rentals, GET} route","service":"juman-backend-node","timestamp":"2026-08-09T08:21:13.554Z"}
{"channel":"application","context":"RouterExplorer","level":"info","message":"Mapped {/rentals/:id/audit, GET} route","service":"juman-backend-node","timestamp":"2026-08-09T08:21:13.555Z"}
{"channel":"application","context":"RouterExplorer","level":"info","message":"Mapped {/rentals/:id, GET} route","service":"juman-backend-node","timestamp":"2026-08-09T08:21:13.556Z"}
{"channel":"application","context":"RouterExplorer","level":"info","message":"Mapped {/rentals, POST} route","service":"juman-backend-node","timestamp":"2026-08-09T08:21:13.557Z"}
{"channel":"application","context":"RouterExplorer","level":"info","message":"Mapped {/rentals/:id/notes, POST} route","service":"juman-backend-node","timestamp":"2026-08-09T08:21:13.557Z"}
{"channel":"application","context":"RouterExplorer","level":"info","message":"Mapped {/rentals/:id, PATCH} route","service":"juman-backend-node","timestamp":"2026-08-09T08:21:13.558Z"}
{"channel":"application","context":"RouterExplorer","level":"info","message":"Mapped {/rentals/:id/checkout, POST} route","service":"juman-backend-node","timestamp":"2026-08-09T08:21:13.558Z"}
{"channel":"application","context":"RouterExplorer","level":"info","message":"Mapped {/rentals/:id/return, POST} route","service":"juman-backend-node","timestamp":"2026-08-09T08:21:13.559Z"}
{"channel":"application","context":"RouterExplorer","level":"info","message":"Mapped {/rentals/:id/complete, POST} route","service":"juman-backend-node","timestamp":"2026-08-09T08:21:13.559Z"}
{"channel":"application","context":"RouterExplorer","level":"info","message":"Mapped {/rentals/:id/cancel, POST} route","service":"juman-backend-node","timestamp":"2026-08-09T08:21:13.559Z"}
{"channel":"application","context":"RoutesResolver","level":"info","message":"ReservationsController {/reservations}:","service":"juman-backend-node","timestamp":"2026-08-09T08:21:13.559Z"}
{"channel":"application","context":"RouterExplorer","level":"info","message":"Mapped {/reservations, GET} route","service":"juman-backend-node","timestamp":"2026-08-09T08:21:13.560Z"}
{"channel":"application","context":"RouterExplorer","level":"info","message":"Mapped {/reservations/:id, GET} route","service":"juman-backend-node","timestamp":"2026-08-09T08:21:13.560Z"}
{"channel":"application","context":"RouterExplorer","level":"info","message":"Mapped {/reservations, POST} route","service":"juman-backend-node","timestamp":"2026-08-09T08:21:13.560Z"}
{"channel":"application","context":"RouterExplorer","level":"info","message":"Mapped {/reservations/:id/checkout, POST} route","service":"juman-backend-node","timestamp":"2026-08-09T08:21:13.561Z"}
{"channel":"application","context":"RouterExplorer","level":"info","message":"Mapped {/reservations/:id/cancel, POST} route","service":"juman-backend-node","timestamp":"2026-08-09T08:21:13.561Z"}
{"channel":"application","context":"RouterExplorer","level":"info","message":"Mapped {/reservations/:id/expire, POST} route","service":"juman-backend-node","timestamp":"2026-08-09T08:21:13.561Z"}
{"channel":"application","context":"RoutesResolver","level":"info","message":"SalesController {/sales}:","service":"juman-backend-node","timestamp":"2026-08-09T08:21:13.562Z"}
{"channel":"application","context":"RouterExplorer","level":"info","message":"Mapped {/sales, GET} route","service":"juman-backend-node","timestamp":"2026-08-09T08:21:13.562Z"}
{"channel":"application","context":"RouterExplorer","level":"info","message":"Mapped {/sales/:id/history, GET} route","service":"juman-backend-node","timestamp":"2026-08-09T08:21:13.562Z"}
{"channel":"application","context":"RouterExplorer","level":"info","message":"Mapped {/sales/:id, GET} route","service":"juman-backend-node","timestamp":"2026-08-09T08:21:13.563Z"}
{"channel":"application","context":"RouterExplorer","level":"info","message":"Mapped {/sales, POST} route","service":"juman-backend-node","timestamp":"2026-08-09T08:21:13.563Z"}
{"channel":"application","context":"RouterExplorer","level":"info","message":"Mapped {/sales/:id/confirm, POST} route","service":"juman-backend-node","timestamp":"2026-08-09T08:21:13.563Z"}
{"channel":"application","context":"RouterExplorer","level":"info","message":"Mapped {/sales/:id/payment, POST} route","service":"juman-backend-node","timestamp":"2026-08-09T08:21:13.564Z"}
{"channel":"application","context":"RouterExplorer","level":"info","message":"Mapped {/sales/:id/complete, POST} route","service":"juman-backend-node","timestamp":"2026-08-09T08:21:13.564Z"}
{"channel":"application","context":"RouterExplorer","level":"info","message":"Mapped {/sales/:id/cancel, POST} route","service":"juman-backend-node","timestamp":"2026-08-09T08:21:13.564Z"}
{"channel":"application","context":"RoutesResolver","level":"info","message":"ReportsController {/reports}:","service":"juman-backend-node","timestamp":"2026-08-09T08:21:13.564Z"}
{"channel":"application","context":"RouterExplorer","level":"info","message":"Mapped {/reports/dashboard, GET} route","service":"juman-backend-node","timestamp":"2026-08-09T08:21:13.564Z"}
{"channel":"application","context":"RouterExplorer","level":"info","message":"Mapped {/reports/financial, GET} route","service":"juman-backend-node","timestamp":"2026-08-09T08:21:13.564Z"}
{"channel":"application","context":"RouterExplorer","level":"info","message":"Mapped {/reports/rentals/current, GET} route","service":"juman-backend-node","timestamp":"2026-08-09T08:21:13.564Z"}
{"channel":"application","context":"RouterExplorer","level":"info","message":"Mapped {/reports/rentals/overdue, GET} route","service":"juman-backend-node","timestamp":"2026-08-09T08:21:13.565Z"}
{"channel":"application","context":"RouterExplorer","level":"info","message":"Mapped {/reports/rentals/returns, GET} route","service":"juman-backend-node","timestamp":"2026-08-09T08:21:13.565Z"}
{"channel":"application","context":"RouterExplorer","level":"info","message":"Mapped {/reports/rentals/reservations, GET} route","service":"juman-backend-node","timestamp":"2026-08-09T08:21:13.565Z"}
{"channel":"application","context":"RouterExplorer","level":"info","message":"Mapped {/reports/rentals/history, GET} route","service":"juman-backend-node","timestamp":"2026-08-09T08:21:13.565Z"}
{"channel":"application","context":"RouterExplorer","level":"info","message":"Mapped {/reports/inventory/value, GET} route","service":"juman-backend-node","timestamp":"2026-08-09T08:21:13.565Z"}
{"channel":"application","context":"RouterExplorer","level":"info","message":"Mapped {/reports/inventory/availability, GET} route","service":"juman-backend-node","timestamp":"2026-08-09T08:21:13.565Z"}
{"channel":"application","context":"RouterExplorer","level":"info","message":"Mapped {/reports/inventory/category, GET} route","service":"juman-backend-node","timestamp":"2026-08-09T08:21:13.566Z"}
{"channel":"application","context":"RouterExplorer","level":"info","message":"Mapped {/reports/inventory/brand, GET} route","service":"juman-backend-node","timestamp":"2026-08-09T08:21:13.566Z"}
{"channel":"application","context":"RouterExplorer","level":"info","message":"Mapped {/reports/inventory/color, GET} route","service":"juman-backend-node","timestamp":"2026-08-09T08:21:13.566Z"}
{"channel":"application","context":"RouterExplorer","level":"info","message":"Mapped {/reports/inventory/size, GET} route","service":"juman-backend-node","timestamp":"2026-08-09T08:21:13.566Z"}
{"channel":"application","context":"RouterExplorer","level":"info","message":"Mapped {/reports/inventory/lifecycle, GET} route","service":"juman-backend-node","timestamp":"2026-08-09T08:21:13.566Z"}
{"channel":"application","context":"RouterExplorer","level":"info","message":"Mapped {/reports/inventory/retired, GET} route","service":"juman-backend-node","timestamp":"2026-08-09T08:21:13.566Z"}
{"channel":"application","context":"RouterExplorer","level":"info","message":"Mapped {/reports/inventory/maintenance, GET} route","service":"juman-backend-node","timestamp":"2026-08-09T08:21:13.567Z"}
{"channel":"application","context":"RouterExplorer","level":"info","message":"Mapped {/reports/customers/:id/rentals, GET} route","service":"juman-backend-node","timestamp":"2026-08-09T08:21:13.567Z"}
{"channel":"application","context":"RouterExplorer","level":"info","message":"Mapped {/reports/customers/:id/outstanding, GET} route","service":"juman-backend-node","timestamp":"2026-08-09T08:21:13.567Z"}
{"channel":"application","context":"RouterExplorer","level":"info","message":"Mapped {/reports/customers/:id/payments, GET} route","service":"juman-backend-node","timestamp":"2026-08-09T08:21:13.567Z"}
{"channel":"application","context":"RouterExplorer","level":"info","message":"Mapped {/reports/customers/:id/reservations, GET} route","service":"juman-backend-node","timestamp":"2026-08-09T08:21:13.567Z"}
{"channel":"application","context":"RouterExplorer","level":"info","message":"Mapped {/reports/export, GET} route","service":"juman-backend-node","timestamp":"2026-08-09T08:21:13.567Z"}
{"channel":"application","context":"RoutesResolver","level":"info","message":"HealthController {/health}:","service":"juman-backend-node","timestamp":"2026-08-09T08:21:13.567Z"}
{"channel":"application","context":"RouterExplorer","level":"info","message":"Mapped {/health, GET} route","service":"juman-backend-node","timestamp":"2026-08-09T08:21:13.567Z"}
{"channel":"application","context":"NestApplication","level":"info","message":"Nest application successfully started","service":"juman-backend-node","timestamp":"2026-08-09T08:21:13.567Z"}
{"channel":"startup","context":"Startup","level":"info","message":"Listening on http://127.0.0.1:8787","service":"juman-backend-node","timestamp":"2026-08-09T08:21:13.569Z"}
{"channel":"startup","context":"Startup","level":"info","message":"GET /health ready","service":"juman-backend-node","timestamp":"2026-08-09T08:21:13.569Z"}
{"channel":"startup","context":"Startup","dataDir":"C:\\Users\\moham\\Desktop\\juman","envCreated":false,"envFile":"C:\\Users\\moham\\Desktop\\juman\\config\\juman.env","environment":"development","host":"127.0.0.1","level":"info","message":"Juman Backend V2 starting","migrations":"applied","port":8787,"service":"juman-backend-node","timestamp":"2026-08-09T08:21:29.750Z","version":"2.0.0"}
{"channel":"startup","context":"Startup","level":"info","message":"SQLite PRAGMAs applied (foreign_keys, WAL, busy_timeout)","service":"juman-backend-node","timestamp":"2026-08-09T08:21:29.838Z"}
{"channel":"startup","context":"Startup","level":"info","message":"Prisma connected to SQLite","service":"juman-backend-node","timestamp":"2026-08-09T08:21:29.841Z"}
{"channel":"startup","context":"Startup","count":27,"level":"info","message":"App settings ensured","service":"juman-backend-node","timestamp":"2026-08-09T08:21:29.930Z"}
{"channel":"startup","context":"Startup","count":105,"level":"info","message":"RBAC permissions ensured","service":"juman-backend-node","timestamp":"2026-08-09T08:21:30.219Z"}
{"channel":"startup","context":"Startup","count":105,"level":"info","message":"RBAC permissions ensured","service":"juman-backend-node","timestamp":"2026-08-09T08:21:30.617Z"}
{"channel":"startup","context":"Startup","count":4,"level":"info","message":"RBAC system roles ensured","service":"juman-backend-node","timestamp":"2026-08-09T08:21:31.074Z"}
{"channel":"startup","context":"Startup","level":"info","message":"Administrator user already present","service":"juman-backend-node","timestamp":"2026-08-09T08:21:31.079Z","username":"admin"}
{"categories":3,"channel":"startup","context":"Startup","level":"info","message":"Demo seed skipped (categories already present)","service":"juman-backend-node","timestamp":"2026-08-09T08:21:31.082Z"}
{"channel":"startup","context":"Startup","customerId":"45c43439-599c-459d-85d9-5ad83caded3a","customerNumber":"WALK-IN","level":"info","message":"Walk-in customer ready","service":"juman-backend-node","timestamp":"2026-08-09T08:21:31.087Z"}
{"channel":"application","context":"NestFactory","level":"info","message":"Starting Nest application...","service":"juman-backend-node","timestamp":"2026-08-09T08:21:31.111Z"}
{"channel":"application","context":"InstanceLoader","level":"info","message":"LoggerModule dependencies initialized","service":"juman-backend-node","timestamp":"2026-08-09T08:21:31.111Z"}
{"channel":"application","context":"InstanceLoader","level":"info","message":"PassportModule dependencies initialized","service":"juman-backend-node","timestamp":"2026-08-09T08:21:31.112Z"}
{"channel":"application","context":"InstanceLoader","level":"info","message":"ConfigHostModule dependencies initialized","service":"juman-backend-node","timestamp":"2026-08-09T08:21:31.112Z"}
{"channel":"application","context":"InstanceLoader","level":"info","message":"ConfigModule dependencies initialized","service":"juman-backend-node","timestamp":"2026-08-09T08:21:31.112Z"}
{"channel":"application","context":"InstanceLoader","level":"info","message":"ConfigModule dependencies initialized","service":"juman-backend-node","timestamp":"2026-08-09T08:21:31.113Z"}
{"channel":"application","context":"InstanceLoader","level":"info","message":"PrismaModule dependencies initialized","service":"juman-backend-node","timestamp":"2026-08-09T08:21:31.113Z"}
{"channel":"application","context":"InstanceLoader","level":"info","message":"JwtModule dependencies initialized","service":"juman-backend-node","timestamp":"2026-08-09T08:21:31.113Z"}
{"channel":"application","context":"InstanceLoader","level":"info","message":"SettingsModule dependencies initialized","service":"juman-backend-node","timestamp":"2026-08-09T08:21:31.114Z"}
{"channel":"application","context":"InstanceLoader","level":"info","message":"AuditModule dependencies initialized","service":"juman-backend-node","timestamp":"2026-08-09T08:21:31.114Z"}
{"channel":"application","context":"InstanceLoader","level":"info","message":"SecurityModule dependencies initialized","service":"juman-backend-node","timestamp":"2026-08-09T08:21:31.114Z"}
{"channel":"application","context":"InstanceLoader","level":"info","message":"HealthModule dependencies initialized","service":"juman-backend-node","timestamp":"2026-08-09T08:21:31.115Z"}
{"channel":"application","context":"InstanceLoader","level":"info","message":"PermissionsModule dependencies initialized","service":"juman-backend-node","timestamp":"2026-08-09T08:21:31.115Z"}
{"channel":"application","context":"InstanceLoader","level":"info","message":"RolesModule dependencies initialized","service":"juman-backend-node","timestamp":"2026-08-09T08:21:31.115Z"}
{"channel":"application","context":"InstanceLoader","level":"info","message":"AppModule dependencies initialized","service":"juman-backend-node","timestamp":"2026-08-09T08:21:31.115Z"}
{"channel":"application","context":"InstanceLoader","level":"info","message":"AvailabilityModule dependencies initialized","service":"juman-backend-node","timestamp":"2026-08-09T08:21:31.116Z"}
{"channel":"application","context":"InstanceLoader","level":"info","message":"ReportsModule dependencies initialized","service":"juman-backend-node","timestamp":"2026-08-09T08:21:31.116Z"}
{"channel":"application","context":"InstanceLoader","level":"info","message":"MediaModule dependencies initialized","service":"juman-backend-node","timestamp":"2026-08-09T08:21:31.116Z"}
{"channel":"application","context":"InstanceLoader","level":"info","message":"BarcodeModule dependencies initialized","service":"juman-backend-node","timestamp":"2026-08-09T08:21:31.117Z"}
{"channel":"application","context":"InstanceLoader","level":"info","message":"CustomersModule dependencies initialized","service":"juman-backend-node","timestamp":"2026-08-09T08:21:31.117Z"}
{"channel":"application","context":"InstanceLoader","level":"info","message":"UsersModule dependencies initialized","service":"juman-backend-node","timestamp":"2026-08-09T08:21:31.117Z"}
{"channel":"application","context":"InstanceLoader","level":"info","message":"AuthModule dependencies initialized","service":"juman-backend-node","timestamp":"2026-08-09T08:21:31.118Z"}
{"channel":"application","context":"InstanceLoader","level":"info","message":"InventoryModule dependencies initialized","service":"juman-backend-node","timestamp":"2026-08-09T08:21:31.118Z"}
{"channel":"application","context":"InstanceLoader","level":"info","message":"FinanceModule dependencies initialized","service":"juman-backend-node","timestamp":"2026-08-09T08:21:31.118Z"}
{"channel":"application","context":"InstanceLoader","level":"info","message":"RentalsModule dependencies initialized","service":"juman-backend-node","timestamp":"2026-08-09T08:21:31.118Z"}
{"channel":"application","context":"InstanceLoader","level":"info","message":"SalesModule dependencies initialized","service":"juman-backend-node","timestamp":"2026-08-09T08:21:31.119Z"}
{"channel":"application","context":"InstanceLoader","level":"info","message":"ReservationsModule dependencies initialized","service":"juman-backend-node","timestamp":"2026-08-09T08:21:31.119Z"}
{"channel":"application","context":"RoutesResolver","level":"info","message":"MediaController {/media}:","service":"juman-backend-node","timestamp":"2026-08-09T08:21:31.119Z"}
{"channel":"application","context":"RouterExplorer","level":"info","message":"Mapped {/media, GET} route","service":"juman-backend-node","timestamp":"2026-08-09T08:21:31.120Z"}
{"channel":"application","context":"RouterExplorer","level":"info","message":"Mapped {/media/:id, GET} route","service":"juman-backend-node","timestamp":"2026-08-09T08:21:31.120Z"}
{"channel":"application","context":"RouterExplorer","level":"info","message":"Mapped {/media/:id/integrity, GET} route","service":"juman-backend-node","timestamp":"2026-08-09T08:21:31.120Z"}
{"channel":"application","context":"RouterExplorer","level":"info","message":"Mapped {/media, POST} route","service":"juman-backend-node","timestamp":"2026-08-09T08:21:31.120Z"}
{"channel":"application","context":"RouterExplorer","level":"info","message":"Mapped {/media/:id, DELETE} route","service":"juman-backend-node","timestamp":"2026-08-09T08:21:31.120Z"}
{"channel":"application","context":"RouterExplorer","level":"info","message":"Mapped {/media/:id/restore, POST} route","service":"juman-backend-node","timestamp":"2026-08-09T08:21:31.121Z"}
{"channel":"application","context":"RoutesResolver","level":"info","message":"BarcodeController {/barcodes}:","service":"juman-backend-node","timestamp":"2026-08-09T08:21:31.121Z"}
{"channel":"application","context":"RouterExplorer","level":"info","message":"Mapped {/barcodes, GET} route","service":"juman-backend-node","timestamp":"2026-08-09T08:21:31.122Z"}
{"channel":"application","context":"RouterExplorer","level":"info","message":"Mapped {/barcodes/:id, GET} route","service":"juman-backend-node","timestamp":"2026-08-09T08:21:31.123Z"}
{"channel":"application","context":"RouterExplorer","level":"info","message":"Mapped {/barcodes/generate, POST} route","service":"juman-backend-node","timestamp":"2026-08-09T08:21:31.123Z"}
{"channel":"application","context":"RouterExplorer","level":"info","message":"Mapped {/barcodes/validate, POST} route","service":"juman-backend-node","timestamp":"2026-08-09T08:21:31.124Z"}
{"channel":"application","context":"RouterExplorer","level":"info","message":"Mapped {/barcodes/reserve, POST} route","service":"juman-backend-node","timestamp":"2026-08-09T08:21:31.124Z"}
{"channel":"application","context":"RouterExplorer","level":"info","message":"Mapped {/barcodes/release, POST} route","service":"juman-backend-node","timestamp":"2026-08-09T08:21:31.124Z"}
{"channel":"application","context":"RouterExplorer","level":"info","message":"Mapped {/barcodes/retire, POST} route","service":"juman-backend-node","timestamp":"2026-08-09T08:21:31.125Z"}
{"channel":"application","context":"RoutesResolver","level":"info","message":"PermissionsController {/permissions}:","service":"juman-backend-node","timestamp":"2026-08-09T08:21:31.125Z"}
{"channel":"application","context":"RouterExplorer","level":"info","message":"Mapped {/permissions, GET} route","service":"juman-backend-node","timestamp":"2026-08-09T08:21:31.125Z"}
{"channel":"application","context":"RoutesResolver","level":"info","message":"RolesController {/roles}:","service":"juman-backend-node","timestamp":"2026-08-09T08:21:31.126Z"}
{"channel":"application","context":"RouterExplorer","level":"info","message":"Mapped {/roles, GET} route","service":"juman-backend-node","timestamp":"2026-08-09T08:21:31.126Z"}
{"channel":"application","context":"RoutesResolver","level":"info","message":"UsersController {/users}:","service":"juman-backend-node","timestamp":"2026-08-09T08:21:31.127Z"}
{"channel":"application","context":"RouterExplorer","level":"info","message":"Mapped {/users, GET} route","service":"juman-backend-node","timestamp":"2026-08-09T08:21:31.127Z"}
{"channel":"application","context":"RouterExplorer","level":"info","message":"Mapped {/users/:id, GET} route","service":"juman-backend-node","timestamp":"2026-08-09T08:21:31.128Z"}
{"channel":"application","context":"RouterExplorer","level":"info","message":"Mapped {/users, POST} route","service":"juman-backend-node","timestamp":"2026-08-09T08:21:31.128Z"}
{"channel":"application","context":"RouterExplorer","level":"info","message":"Mapped {/users/:id, PATCH} route","service":"juman-backend-node","timestamp":"2026-08-09T08:21:31.128Z"}
{"channel":"application","context":"RouterExplorer","level":"info","message":"Mapped {/users/:id/deactivate, POST} route","service":"juman-backend-node","timestamp":"2026-08-09T08:21:31.128Z"}
{"channel":"application","context":"RouterExplorer","level":"info","message":"Mapped {/users/:id/activate, POST} route","service":"juman-backend-node","timestamp":"2026-08-09T08:21:31.128Z"}
{"channel":"application","context":"RouterExplorer","level":"info","message":"Mapped {/users/:id/unlock, POST} route","service":"juman-backend-node","timestamp":"2026-08-09T08:21:31.128Z"}
{"channel":"application","context":"RouterExplorer","level":"info","message":"Mapped {/users/:id/reset-password, POST} route","service":"juman-backend-node","timestamp":"2026-08-09T08:21:31.129Z"}
{"channel":"application","context":"RouterExplorer","level":"info","message":"Mapped {/users/:id, DELETE} route","service":"juman-backend-node","timestamp":"2026-08-09T08:21:31.129Z"}
{"channel":"application","context":"RouterExplorer","level":"info","message":"Mapped {/users/:id/restore, POST} route","service":"juman-backend-node","timestamp":"2026-08-09T08:21:31.129Z"}
{"channel":"application","context":"RoutesResolver","level":"info","message":"AuthController {/auth}:","service":"juman-backend-node","timestamp":"2026-08-09T08:21:31.129Z"}
{"channel":"application","context":"RouterExplorer","level":"info","message":"Mapped {/auth/login, POST} route","service":"juman-backend-node","timestamp":"2026-08-09T08:21:31.129Z"}
{"channel":"application","context":"RouterExplorer","level":"info","message":"Mapped {/auth/logout, POST} route","service":"juman-backend-node","timestamp":"2026-08-09T08:21:31.130Z"}
{"channel":"application","context":"RouterExplorer","level":"info","message":"Mapped {/auth/change-password, POST} route","service":"juman-backend-node","timestamp":"2026-08-09T08:21:31.130Z"}
{"channel":"application","context":"RouterExplorer","level":"info","message":"Mapped {/auth/admin/unlock, POST} route","service":"juman-backend-node","timestamp":"2026-08-09T08:21:31.130Z"}
{"channel":"application","context":"RouterExplorer","level":"info","message":"Mapped {/auth/session, GET} route","service":"juman-backend-node","timestamp":"2026-08-09T08:21:31.130Z"}
{"channel":"application","context":"RouterExplorer","level":"info","message":"Mapped {/auth/me, GET} route","service":"juman-backend-node","timestamp":"2026-08-09T08:21:31.131Z"}
{"channel":"application","context":"RoutesResolver","level":"info","message":"CustomersController {/customers}:","service":"juman-backend-node","timestamp":"2026-08-09T08:21:31.131Z"}
{"channel":"application","context":"RouterExplorer","level":"info","message":"Mapped {/customers, GET} route","service":"juman-backend-node","timestamp":"2026-08-09T08:21:31.131Z"}
{"channel":"application","context":"RouterExplorer","level":"info","message":"Mapped {/customers/search, GET} route","service":"juman-backend-node","timestamp":"2026-08-09T08:21:31.131Z"}
{"channel":"application","context":"RouterExplorer","level":"info","message":"Mapped {/customers/number/:customerNumber, GET} route","service":"juman-backend-node","timestamp":"2026-08-09T08:21:31.131Z"}
{"channel":"application","context":"RouterExplorer","level":"info","message":"Mapped {/customers/:id, GET} route","service":"juman-backend-node","timestamp":"2026-08-09T08:21:31.132Z"}
{"channel":"application","context":"RouterExplorer","level":"info","message":"Mapped {/customers, POST} route","service":"juman-backend-node","timestamp":"2026-08-09T08:21:31.132Z"}
{"channel":"application","context":"RouterExplorer","level":"info","message":"Mapped {/customers/:id, PATCH} route","service":"juman-backend-node","timestamp":"2026-08-09T08:21:31.132Z"}
{"channel":"application","context":"RouterExplorer","level":"info","message":"Mapped {/customers/:id, DELETE} route","service":"juman-backend-node","timestamp":"2026-08-09T08:21:31.132Z"}
{"channel":"application","context":"RouterExplorer","level":"info","message":"Mapped {/customers/:id/restore, POST} route","service":"juman-backend-node","timestamp":"2026-08-09T08:21:31.132Z"}
{"channel":"application","context":"RoutesResolver","level":"info","message":"CategoriesController {/categories}:","service":"juman-backend-node","timestamp":"2026-08-09T08:21:31.133Z"}
{"channel":"application","context":"RouterExplorer","level":"info","message":"Mapped {/categories, GET} route","service":"juman-backend-node","timestamp":"2026-08-09T08:21:31.133Z"}
{"channel":"application","context":"RouterExplorer","level":"info","message":"Mapped {/categories/:id, GET} route","service":"juman-backend-node","timestamp":"2026-08-09T08:21:31.133Z"}
{"channel":"application","context":"RouterExplorer","level":"info","message":"Mapped {/categories, POST} route","service":"juman-backend-node","timestamp":"2026-08-09T08:21:31.133Z"}
{"channel":"application","context":"RouterExplorer","level":"info","message":"Mapped {/categories/:id, PATCH} route","service":"juman-backend-node","timestamp":"2026-08-09T08:21:31.133Z"}
{"channel":"application","context":"RouterExplorer","level":"info","message":"Mapped {/categories/:id, DELETE} route","service":"juman-backend-node","timestamp":"2026-08-09T08:21:31.134Z"}
{"channel":"application","context":"RouterExplorer","level":"info","message":"Mapped {/categories/:id/restore, POST} route","service":"juman-backend-node","timestamp":"2026-08-09T08:21:31.134Z"}
{"channel":"application","context":"RoutesResolver","level":"info","message":"BrandsController {/brands}:","service":"juman-backend-node","timestamp":"2026-08-09T08:21:31.134Z"}
{"channel":"application","context":"RouterExplorer","level":"info","message":"Mapped {/brands, GET} route","service":"juman-backend-node","timestamp":"2026-08-09T08:21:31.134Z"}
{"channel":"application","context":"RouterExplorer","level":"info","message":"Mapped {/brands/:id, GET} route","service":"juman-backend-node","timestamp":"2026-08-09T08:21:31.134Z"}
{"channel":"application","context":"RouterExplorer","level":"info","message":"Mapped {/brands, POST} route","service":"juman-backend-node","timestamp":"2026-08-09T08:21:31.134Z"}
{"channel":"application","context":"RouterExplorer","level":"info","message":"Mapped {/brands/:id, PATCH} route","service":"juman-backend-node","timestamp":"2026-08-09T08:21:31.134Z"}
{"channel":"application","context":"RouterExplorer","level":"info","message":"Mapped {/brands/:id, DELETE} route","service":"juman-backend-node","timestamp":"2026-08-09T08:21:31.134Z"}
{"channel":"application","context":"RouterExplorer","level":"info","message":"Mapped {/brands/:id/restore, POST} route","service":"juman-backend-node","timestamp":"2026-08-09T08:21:31.135Z"}
{"channel":"application","context":"RoutesResolver","level":"info","message":"ColorsController {/colors}:","service":"juman-backend-node","timestamp":"2026-08-09T08:21:31.135Z"}
{"channel":"application","context":"RouterExplorer","level":"info","message":"Mapped {/colors, GET} route","service":"juman-backend-node","timestamp":"2026-08-09T08:21:31.135Z"}
{"channel":"application","context":"RouterExplorer","level":"info","message":"Mapped {/colors/:id, GET} route","service":"juman-backend-node","timestamp":"2026-08-09T08:21:31.135Z"}
{"channel":"application","context":"RouterExplorer","level":"info","message":"Mapped {/colors, POST} route","service":"juman-backend-node","timestamp":"2026-08-09T08:21:31.136Z"}
{"channel":"application","context":"RouterExplorer","level":"info","message":"Mapped {/colors/:id, PATCH} route","service":"juman-backend-node","timestamp":"2026-08-09T08:21:31.136Z"}
{"channel":"application","context":"RouterExplorer","level":"info","message":"Mapped {/colors/:id, DELETE} route","service":"juman-backend-node","timestamp":"2026-08-09T08:21:31.136Z"}
{"channel":"application","context":"RouterExplorer","level":"info","message":"Mapped {/colors/:id/restore, POST} route","service":"juman-backend-node","timestamp":"2026-08-09T08:21:31.137Z"}
{"channel":"application","context":"RoutesResolver","level":"info","message":"SizesController {/sizes}:","service":"juman-backend-node","timestamp":"2026-08-09T08:21:31.137Z"}
{"channel":"application","context":"RouterExplorer","level":"info","message":"Mapped {/sizes, GET} route","service":"juman-backend-node","timestamp":"2026-08-09T08:21:31.137Z"}
{"channel":"application","context":"RouterExplorer","level":"info","message":"Mapped {/sizes/:id, GET} route","service":"juman-backend-node","timestamp":"2026-08-09T08:21:31.138Z"}
{"channel":"application","context":"RouterExplorer","level":"info","message":"Mapped {/sizes, POST} route","service":"juman-backend-node","timestamp":"2026-08-09T08:21:31.138Z"}
{"channel":"application","context":"RouterExplorer","level":"info","message":"Mapped {/sizes/:id, PATCH} route","service":"juman-backend-node","timestamp":"2026-08-09T08:21:31.139Z"}
{"channel":"application","context":"RouterExplorer","level":"info","message":"Mapped {/sizes/:id, DELETE} route","service":"juman-backend-node","timestamp":"2026-08-09T08:21:31.140Z"}
{"channel":"application","context":"RouterExplorer","level":"info","message":"Mapped {/sizes/:id/restore, POST} route","service":"juman-backend-node","timestamp":"2026-08-09T08:21:31.140Z"}
{"channel":"application","context":"RoutesResolver","level":"info","message":"LifecycleController {/items}:","service":"juman-backend-node","timestamp":"2026-08-09T08:21:31.140Z"}
{"channel":"application","context":"RouterExplorer","level":"info","message":"Mapped {/items/:id/state, GET} route","service":"juman-backend-node","timestamp":"2026-08-09T08:21:31.141Z"}
{"channel":"application","context":"RouterExplorer","level":"info","message":"Mapped {/items/:id/history, GET} route","service":"juman-backend-node","timestamp":"2026-08-09T08:21:31.141Z"}
{"channel":"application","context":"RouterExplorer","level":"info","message":"Mapped {/items/:id/transition, POST} route","service":"juman-backend-node","timestamp":"2026-08-09T08:21:31.141Z"}
{"channel":"application","context":"RoutesResolver","level":"info","message":"ItemsController {/items}:","service":"juman-backend-node","timestamp":"2026-08-09T08:21:31.142Z"}
{"channel":"application","context":"RouterExplorer","level":"info","message":"Mapped {/items, GET} route","service":"juman-backend-node","timestamp":"2026-08-09T08:21:31.142Z"}
{"channel":"application","context":"RouterExplorer","level":"info","message":"Mapped {/items/search, GET} route","service":"juman-backend-node","timestamp":"2026-08-09T08:21:31.142Z"}
{"channel":"application","context":"RouterExplorer","level":"info","message":"Mapped {/items/code/:internalCode, GET} route","service":"juman-backend-node","timestamp":"2026-08-09T08:21:31.143Z"}
{"channel":"application","context":"RouterExplorer","level":"info","message":"Mapped {/items/:id, GET} route","service":"juman-backend-node","timestamp":"2026-08-09T08:21:31.143Z"}
{"channel":"application","context":"RouterExplorer","level":"info","message":"Mapped {/items, POST} route","service":"juman-backend-node","timestamp":"2026-08-09T08:21:31.143Z"}
{"channel":"application","context":"RouterExplorer","level":"info","message":"Mapped {/items/:id, PATCH} route","service":"juman-backend-node","timestamp":"2026-08-09T08:21:31.144Z"}
{"channel":"application","context":"RouterExplorer","level":"info","message":"Mapped {/items/:id, DELETE} route","service":"juman-backend-node","timestamp":"2026-08-09T08:21:31.144Z"}
{"channel":"application","context":"RouterExplorer","level":"info","message":"Mapped {/items/:id/restore, POST} route","service":"juman-backend-node","timestamp":"2026-08-09T08:21:31.144Z"}
{"channel":"application","context":"RouterExplorer","level":"info","message":"Mapped {/items/:id/media, POST} route","service":"juman-backend-node","timestamp":"2026-08-09T08:21:31.144Z"}
{"channel":"application","context":"RoutesResolver","level":"info","message":"AvailabilityController {/availability}:","service":"juman-backend-node","timestamp":"2026-08-09T08:21:31.145Z"}
{"channel":"application","context":"RouterExplorer","level":"info","message":"Mapped {/availability, GET} route","service":"juman-backend-node","timestamp":"2026-08-09T08:21:31.145Z"}
{"channel":"application","context":"RouterExplorer","level":"info","message":"Mapped {/availability/calendar, GET} route","service":"juman-backend-node","timestamp":"2026-08-09T08:21:31.145Z"}
{"channel":"application","context":"RouterExplorer","level":"info","message":"Mapped {/availability/item/:id, GET} route","service":"juman-backend-node","timestamp":"2026-08-09T08:21:31.145Z"}
{"channel":"application","context":"RoutesResolver","level":"info","message":"FinanceController {/finance}:","service":"juman-backend-node","timestamp":"2026-08-09T08:21:31.146Z"}
{"channel":"application","context":"RouterExplorer","level":"info","message":"Mapped {/finance/accounts, GET} route","service":"juman-backend-node","timestamp":"2026-08-09T08:21:31.146Z"}
{"channel":"application","context":"RouterExplorer","level":"info","message":"Mapped {/finance/transactions, GET} route","service":"juman-backend-node","timestamp":"2026-08-09T08:21:31.146Z"}
{"channel":"application","context":"RouterExplorer","level":"info","message":"Mapped {/finance/payments, GET} route","service":"juman-backend-node","timestamp":"2026-08-09T08:21:31.146Z"}
{"channel":"application","context":"RouterExplorer","level":"info","message":"Mapped {/finance/payments, POST} route","service":"juman-backend-node","timestamp":"2026-08-09T08:21:31.146Z"}
{"channel":"application","context":"RouterExplorer","level":"info","message":"Mapped {/finance/outstanding, GET} route","service":"juman-backend-node","timestamp":"2026-08-09T08:21:31.147Z"}
{"channel":"application","context":"RoutesResolver","level":"info","message":"SettlementController {/settlements}:","service":"juman-backend-node","timestamp":"2026-08-09T08:21:31.147Z"}
{"channel":"application","context":"RouterExplorer","level":"info","message":"Mapped {/settlements, GET} route","service":"juman-backend-node","timestamp":"2026-08-09T08:21:31.147Z"}
{"channel":"application","context":"RouterExplorer","level":"info","message":"Mapped {/settlements/:id, GET} route","service":"juman-backend-node","timestamp":"2026-08-09T08:21:31.147Z"}
{"channel":"application","context":"RouterExplorer","level":"info","message":"Mapped {/settlements/:id/payment, POST} route","service":"juman-backend-node","timestamp":"2026-08-09T08:21:31.148Z"}
{"channel":"application","context":"RouterExplorer","level":"info","message":"Mapped {/settlements/:id/refund, POST} route","service":"juman-backend-node","timestamp":"2026-08-09T08:21:31.148Z"}
{"channel":"application","context":"RouterExplorer","level":"info","message":"Mapped {/settlements/:id/adjustment, POST} route","service":"juman-backend-node","timestamp":"2026-08-09T08:21:31.148Z"}
{"channel":"application","context":"RouterExplorer","level":"info","message":"Mapped {/settlements/:id/discount, POST} route","service":"juman-backend-node","timestamp":"2026-08-09T08:21:31.148Z"}
{"channel":"application","context":"RouterExplorer","level":"info","message":"Mapped {/settlements/:id/late-fee, POST} route","service":"juman-backend-node","timestamp":"2026-08-09T08:21:31.149Z"}
{"channel":"application","context":"RouterExplorer","level":"info","message":"Mapped {/settlements/:id/close, POST} route","service":"juman-backend-node","timestamp":"2026-08-09T08:21:31.149Z"}
{"channel":"application","context":"RouterExplorer","level":"info","message":"Mapped {/settlements/:id/cancel, POST} route","service":"juman-backend-node","timestamp":"2026-08-09T08:21:31.149Z"}
{"channel":"application","context":"RoutesResolver","level":"info","message":"RentalsController {/rentals}:","service":"juman-backend-node","timestamp":"2026-08-09T08:21:31.149Z"}
{"channel":"application","context":"RouterExplorer","level":"info","message":"Mapped {/rentals, GET} route","service":"juman-backend-node","timestamp":"2026-08-09T08:21:31.150Z"}
{"channel":"application","context":"RouterExplorer","level":"info","message":"Mapped {/rentals/:id/audit, GET} route","service":"juman-backend-node","timestamp":"2026-08-09T08:21:31.150Z"}
{"channel":"application","context":"RouterExplorer","level":"info","message":"Mapped {/rentals/:id, GET} route","service":"juman-backend-node","timestamp":"2026-08-09T08:21:31.150Z"}
{"channel":"application","context":"RouterExplorer","level":"info","message":"Mapped {/rentals, POST} route","service":"juman-backend-node","timestamp":"2026-08-09T08:21:31.150Z"}
{"channel":"application","context":"RouterExplorer","level":"info","message":"Mapped {/rentals/:id/notes, POST} route","service":"juman-backend-node","timestamp":"2026-08-09T08:21:31.151Z"}
{"channel":"application","context":"RouterExplorer","level":"info","message":"Mapped {/rentals/:id, PATCH} route","service":"juman-backend-node","timestamp":"2026-08-09T08:21:31.151Z"}
{"channel":"application","context":"RouterExplorer","level":"info","message":"Mapped {/rentals/:id/checkout, POST} route","service":"juman-backend-node","timestamp":"2026-08-09T08:21:31.151Z"}
{"channel":"application","context":"RouterExplorer","level":"info","message":"Mapped {/rentals/:id/return, POST} route","service":"juman-backend-node","timestamp":"2026-08-09T08:21:31.151Z"}
{"channel":"application","context":"RouterExplorer","level":"info","message":"Mapped {/rentals/:id/complete, POST} route","service":"juman-backend-node","timestamp":"2026-08-09T08:21:31.152Z"}
{"channel":"application","context":"RouterExplorer","level":"info","message":"Mapped {/rentals/:id/cancel, POST} route","service":"juman-backend-node","timestamp":"2026-08-09T08:21:31.152Z"}
{"channel":"application","context":"RoutesResolver","level":"info","message":"ReservationsController {/reservations}:","service":"juman-backend-node","timestamp":"2026-08-09T08:21:31.152Z"}
{"channel":"application","context":"RouterExplorer","level":"info","message":"Mapped {/reservations, GET} route","service":"juman-backend-node","timestamp":"2026-08-09T08:21:31.152Z"}
{"channel":"application","context":"RouterExplorer","level":"info","message":"Mapped {/reservations/:id, GET} route","service":"juman-backend-node","timestamp":"2026-08-09T08:21:31.153Z"}
{"channel":"application","context":"RouterExplorer","level":"info","message":"Mapped {/reservations, POST} route","service":"juman-backend-node","timestamp":"2026-08-09T08:21:31.153Z"}
{"channel":"application","context":"RouterExplorer","level":"info","message":"Mapped {/reservations/:id/checkout, POST} route","service":"juman-backend-node","timestamp":"2026-08-09T08:21:31.153Z"}
{"channel":"application","context":"RouterExplorer","level":"info","message":"Mapped {/reservations/:id/cancel, POST} route","service":"juman-backend-node","timestamp":"2026-08-09T08:21:31.153Z"}
{"channel":"application","context":"RouterExplorer","level":"info","message":"Mapped {/reservations/:id/expire, POST} route","service":"juman-backend-node","timestamp":"2026-08-09T08:21:31.154Z"}
{"channel":"application","context":"RoutesResolver","level":"info","message":"SalesController {/sales}:","service":"juman-backend-node","timestamp":"2026-08-09T08:21:31.155Z"}
{"channel":"application","context":"RouterExplorer","level":"info","message":"Mapped {/sales, GET} route","service":"juman-backend-node","timestamp":"2026-08-09T08:21:31.157Z"}
{"channel":"application","context":"RouterExplorer","level":"info","message":"Mapped {/sales/:id/history, GET} route","service":"juman-backend-node","timestamp":"2026-08-09T08:21:31.158Z"}
{"channel":"application","context":"RouterExplorer","level":"info","message":"Mapped {/sales/:id, GET} route","service":"juman-backend-node","timestamp":"2026-08-09T08:21:31.159Z"}
{"channel":"application","context":"RouterExplorer","level":"info","message":"Mapped {/sales, POST} route","service":"juman-backend-node","timestamp":"2026-08-09T08:21:31.159Z"}
{"channel":"application","context":"RouterExplorer","level":"info","message":"Mapped {/sales/:id/confirm, POST} route","service":"juman-backend-node","timestamp":"2026-08-09T08:21:31.159Z"}
{"channel":"application","context":"RouterExplorer","level":"info","message":"Mapped {/sales/:id/payment, POST} route","service":"juman-backend-node","timestamp":"2026-08-09T08:21:31.160Z"}
{"channel":"application","context":"RouterExplorer","level":"info","message":"Mapped {/sales/:id/complete, POST} route","service":"juman-backend-node","timestamp":"2026-08-09T08:21:31.161Z"}
{"channel":"application","context":"RouterExplorer","level":"info","message":"Mapped {/sales/:id/cancel, POST} route","service":"juman-backend-node","timestamp":"2026-08-09T08:21:31.162Z"}
{"channel":"application","context":"RoutesResolver","level":"info","message":"ReportsController {/reports}:","service":"juman-backend-node","timestamp":"2026-08-09T08:21:31.163Z"}
{"channel":"application","context":"RouterExplorer","level":"info","message":"Mapped {/reports/dashboard, GET} route","service":"juman-backend-node","timestamp":"2026-08-09T08:21:31.163Z"}
{"channel":"application","context":"RouterExplorer","level":"info","message":"Mapped {/reports/financial, GET} route","service":"juman-backend-node","timestamp":"2026-08-09T08:21:31.163Z"}
{"channel":"application","context":"RouterExplorer","level":"info","message":"Mapped {/reports/rentals/current, GET} route","service":"juman-backend-node","timestamp":"2026-08-09T08:21:31.164Z"}
{"channel":"application","context":"RouterExplorer","level":"info","message":"Mapped {/reports/rentals/overdue, GET} route","service":"juman-backend-node","timestamp":"2026-08-09T08:21:31.164Z"}
{"channel":"application","context":"RouterExplorer","level":"info","message":"Mapped {/reports/rentals/returns, GET} route","service":"juman-backend-node","timestamp":"2026-08-09T08:21:31.164Z"}
{"channel":"application","context":"RouterExplorer","level":"info","message":"Mapped {/reports/rentals/reservations, GET} route","service":"juman-backend-node","timestamp":"2026-08-09T08:21:31.165Z"}
{"channel":"application","context":"RouterExplorer","level":"info","message":"Mapped {/reports/rentals/history, GET} route","service":"juman-backend-node","timestamp":"2026-08-09T08:21:31.165Z"}
{"channel":"application","context":"RouterExplorer","level":"info","message":"Mapped {/reports/inventory/value, GET} route","service":"juman-backend-node","timestamp":"2026-08-09T08:21:31.165Z"}
{"channel":"application","context":"RouterExplorer","level":"info","message":"Mapped {/reports/inventory/availability, GET} route","service":"juman-backend-node","timestamp":"2026-08-09T08:21:31.165Z"}
{"channel":"application","context":"RouterExplorer","level":"info","message":"Mapped {/reports/inventory/category, GET} route","service":"juman-backend-node","timestamp":"2026-08-09T08:21:31.165Z"}
{"channel":"application","context":"RouterExplorer","level":"info","message":"Mapped {/reports/inventory/brand, GET} route","service":"juman-backend-node","timestamp":"2026-08-09T08:21:31.166Z"}
{"channel":"application","context":"RouterExplorer","level":"info","message":"Mapped {/reports/inventory/color, GET} route","service":"juman-backend-node","timestamp":"2026-08-09T08:21:31.166Z"}
{"channel":"application","context":"RouterExplorer","level":"info","message":"Mapped {/reports/inventory/size, GET} route","service":"juman-backend-node","timestamp":"2026-08-09T08:21:31.166Z"}
{"channel":"application","context":"RouterExplorer","level":"info","message":"Mapped {/reports/inventory/lifecycle, GET} route","service":"juman-backend-node","timestamp":"2026-08-09T08:21:31.166Z"}
{"channel":"application","context":"RouterExplorer","level":"info","message":"Mapped {/reports/inventory/retired, GET} route","service":"juman-backend-node","timestamp":"2026-08-09T08:21:31.166Z"}
{"channel":"application","context":"RouterExplorer","level":"info","message":"Mapped {/reports/inventory/maintenance, GET} route","service":"juman-backend-node","timestamp":"2026-08-09T08:21:31.167Z"}
{"channel":"application","context":"RouterExplorer","level":"info","message":"Mapped {/reports/customers/:id/rentals, GET} route","service":"juman-backend-node","timestamp":"2026-08-09T08:21:31.167Z"}
{"channel":"application","context":"RouterExplorer","level":"info","message":"Mapped {/reports/customers/:id/outstanding, GET} route","service":"juman-backend-node","timestamp":"2026-08-09T08:21:31.167Z"}
{"channel":"application","context":"RouterExplorer","level":"info","message":"Mapped {/reports/customers/:id/payments, GET} route","service":"juman-backend-node","timestamp":"2026-08-09T08:21:31.167Z"}
{"channel":"application","context":"RouterExplorer","level":"info","message":"Mapped {/reports/customers/:id/reservations, GET} route","service":"juman-backend-node","timestamp":"2026-08-09T08:21:31.167Z"}
{"channel":"application","context":"RouterExplorer","level":"info","message":"Mapped {/reports/export, GET} route","service":"juman-backend-node","timestamp":"2026-08-09T08:21:31.168Z"}
{"channel":"application","context":"RoutesResolver","level":"info","message":"HealthController {/health}:","service":"juman-backend-node","timestamp":"2026-08-09T08:21:31.168Z"}
{"channel":"application","context":"RouterExplorer","level":"info","message":"Mapped {/health, GET} route","service":"juman-backend-node","timestamp":"2026-08-09T08:21:31.168Z"}
{"channel":"application","context":"NestApplication","level":"info","message":"Nest application successfully started","service":"juman-backend-node","timestamp":"2026-08-09T08:21:31.168Z"}
{"channel":"startup","context":"Startup","level":"info","message":"Listening on http://127.0.0.1:8787","service":"juman-backend-node","timestamp":"2026-08-09T08:21:31.170Z"}
{"channel":"startup","context":"Startup","level":"info","message":"GET /health ready","service":"juman-backend-node","timestamp":"2026-08-09T08:21:31.170Z"}
{"channel":"startup","context":"Startup","dataDir":"C:\\Users\\moham\\Desktop\\juman","envCreated":false,"envFile":"C:\\Users\\moham\\Desktop\\juman\\config\\juman.env","environment":"development","host":"127.0.0.1","level":"info","message":"Juman Backend V2 starting","migrations":"applied","port":8787,"service":"juman-backend-node","timestamp":"2026-08-09T08:22:03.539Z","version":"2.0.0"}
{"channel":"startup","context":"Startup","level":"info","message":"SQLite PRAGMAs applied (foreign_keys, WAL, busy_timeout)","service":"juman-backend-node","timestamp":"2026-08-09T08:22:03.616Z"}
{"channel":"startup","context":"Startup","level":"info","message":"Prisma connected to SQLite","service":"juman-backend-node","timestamp":"2026-08-09T08:22:03.618Z"}
{"channel":"startup","context":"Startup","count":27,"level":"info","message":"App settings ensured","service":"juman-backend-node","timestamp":"2026-08-09T08:22:03.717Z"}
{"channel":"startup","context":"Startup","count":105,"level":"info","message":"RBAC permissions ensured","service":"juman-backend-node","timestamp":"2026-08-09T08:22:04.073Z"}
{"channel":"startup","context":"Startup","count":105,"level":"info","message":"RBAC permissions ensured","service":"juman-backend-node","timestamp":"2026-08-09T08:22:04.410Z"}
{"channel":"startup","context":"Startup","count":4,"level":"info","message":"RBAC system roles ensured","service":"juman-backend-node","timestamp":"2026-08-09T08:22:04.828Z"}
{"channel":"startup","context":"Startup","level":"info","message":"Administrator user already present","service":"juman-backend-node","timestamp":"2026-08-09T08:22:04.832Z","username":"admin"}
{"categories":3,"channel":"startup","context":"Startup","level":"info","message":"Demo seed skipped (categories already present)","service":"juman-backend-node","timestamp":"2026-08-09T08:22:04.835Z"}
{"channel":"startup","context":"Startup","customerId":"45c43439-599c-459d-85d9-5ad83caded3a","customerNumber":"WALK-IN","level":"info","message":"Walk-in customer ready","service":"juman-backend-node","timestamp":"2026-08-09T08:22:04.844Z"}
{"channel":"application","context":"NestFactory","level":"info","message":"Starting Nest application...","service":"juman-backend-node","timestamp":"2026-08-09T08:22:04.881Z"}
{"channel":"application","context":"InstanceLoader","level":"info","message":"LoggerModule dependencies initialized","service":"juman-backend-node","timestamp":"2026-08-09T08:22:04.882Z"}
{"channel":"application","context":"InstanceLoader","level":"info","message":"PassportModule dependencies initialized","service":"juman-backend-node","timestamp":"2026-08-09T08:22:04.882Z"}
{"channel":"application","context":"InstanceLoader","level":"info","message":"ConfigHostModule dependencies initialized","service":"juman-backend-node","timestamp":"2026-08-09T08:22:04.883Z"}
{"channel":"application","context":"InstanceLoader","level":"info","message":"ConfigModule dependencies initialized","service":"juman-backend-node","timestamp":"2026-08-09T08:22:04.883Z"}
{"channel":"application","context":"InstanceLoader","level":"info","message":"ConfigModule dependencies initialized","service":"juman-backend-node","timestamp":"2026-08-09T08:22:04.884Z"}
{"channel":"application","context":"InstanceLoader","level":"info","message":"PrismaModule dependencies initialized","service":"juman-backend-node","timestamp":"2026-08-09T08:22:04.884Z"}
{"channel":"application","context":"InstanceLoader","level":"info","message":"JwtModule dependencies initialized","service":"juman-backend-node","timestamp":"2026-08-09T08:22:04.885Z"}
{"channel":"application","context":"InstanceLoader","level":"info","message":"SettingsModule dependencies initialized","service":"juman-backend-node","timestamp":"2026-08-09T08:22:04.885Z"}
{"channel":"application","context":"InstanceLoader","level":"info","message":"AuditModule dependencies initialized","service":"juman-backend-node","timestamp":"2026-08-09T08:22:04.886Z"}
{"channel":"application","context":"InstanceLoader","level":"info","message":"SecurityModule dependencies initialized","service":"juman-backend-node","timestamp":"2026-08-09T08:22:04.886Z"}
{"channel":"application","context":"InstanceLoader","level":"info","message":"HealthModule dependencies initialized","service":"juman-backend-node","timestamp":"2026-08-09T08:22:04.886Z"}
{"channel":"application","context":"InstanceLoader","level":"info","message":"PermissionsModule dependencies initialized","service":"juman-backend-node","timestamp":"2026-08-09T08:22:04.887Z"}
{"channel":"application","context":"InstanceLoader","level":"info","message":"RolesModule dependencies initialized","service":"juman-backend-node","timestamp":"2026-08-09T08:22:04.888Z"}
{"channel":"application","context":"InstanceLoader","level":"info","message":"AppModule dependencies initialized","service":"juman-backend-node","timestamp":"2026-08-09T08:22:04.889Z"}
{"channel":"application","context":"InstanceLoader","level":"info","message":"AvailabilityModule dependencies initialized","service":"juman-backend-node","timestamp":"2026-08-09T08:22:04.890Z"}
{"channel":"application","context":"InstanceLoader","level":"info","message":"ReportsModule dependencies initialized","service":"juman-backend-node","timestamp":"2026-08-09T08:22:04.891Z"}
{"channel":"application","context":"InstanceLoader","level":"info","message":"MediaModule dependencies initialized","service":"juman-backend-node","timestamp":"2026-08-09T08:22:04.891Z"}
{"channel":"application","context":"InstanceLoader","level":"info","message":"BarcodeModule dependencies initialized","service":"juman-backend-node","timestamp":"2026-08-09T08:22:04.892Z"}
{"channel":"application","context":"InstanceLoader","level":"info","message":"CustomersModule dependencies initialized","service":"juman-backend-node","timestamp":"2026-08-09T08:22:04.892Z"}
{"channel":"application","context":"InstanceLoader","level":"info","message":"UsersModule dependencies initialized","service":"juman-backend-node","timestamp":"2026-08-09T08:22:04.893Z"}
{"channel":"application","context":"InstanceLoader","level":"info","message":"AuthModule dependencies initialized","service":"juman-backend-node","timestamp":"2026-08-09T08:22:04.893Z"}
{"channel":"application","context":"InstanceLoader","level":"info","message":"InventoryModule dependencies initialized","service":"juman-backend-node","timestamp":"2026-08-09T08:22:04.894Z"}
{"channel":"application","context":"InstanceLoader","level":"info","message":"FinanceModule dependencies initialized","service":"juman-backend-node","timestamp":"2026-08-09T08:22:04.894Z"}
{"channel":"application","context":"InstanceLoader","level":"info","message":"RentalsModule dependencies initialized","service":"juman-backend-node","timestamp":"2026-08-09T08:22:04.894Z"}
{"channel":"application","context":"InstanceLoader","level":"info","message":"SalesModule dependencies initialized","service":"juman-backend-node","timestamp":"2026-08-09T08:22:04.895Z"}
{"channel":"application","context":"InstanceLoader","level":"info","message":"ReservationsModule dependencies initialized","service":"juman-backend-node","timestamp":"2026-08-09T08:22:04.895Z"}
{"channel":"application","context":"RoutesResolver","level":"info","message":"MediaController {/media}:","service":"juman-backend-node","timestamp":"2026-08-09T08:22:04.895Z"}
{"channel":"application","context":"RouterExplorer","level":"info","message":"Mapped {/media, GET} route","service":"juman-backend-node","timestamp":"2026-08-09T08:22:04.896Z"}
{"channel":"application","context":"RouterExplorer","level":"info","message":"Mapped {/media/:id, GET} route","service":"juman-backend-node","timestamp":"2026-08-09T08:22:04.896Z"}
{"channel":"application","context":"RouterExplorer","level":"info","message":"Mapped {/media/:id/integrity, GET} route","service":"juman-backend-node","timestamp":"2026-08-09T08:22:04.896Z"}
{"channel":"application","context":"RouterExplorer","level":"info","message":"Mapped {/media, POST} route","service":"juman-backend-node","timestamp":"2026-08-09T08:22:04.897Z"}
{"channel":"application","context":"RouterExplorer","level":"info","message":"Mapped {/media/:id, DELETE} route","service":"juman-backend-node","timestamp":"2026-08-09T08:22:04.897Z"}
{"channel":"application","context":"RouterExplorer","level":"info","message":"Mapped {/media/:id/restore, POST} route","service":"juman-backend-node","timestamp":"2026-08-09T08:22:04.897Z"}
{"channel":"application","context":"RoutesResolver","level":"info","message":"BarcodeController {/barcodes}:","service":"juman-backend-node","timestamp":"2026-08-09T08:22:04.897Z"}
{"channel":"application","context":"RouterExplorer","level":"info","message":"Mapped {/barcodes, GET} route","service":"juman-backend-node","timestamp":"2026-08-09T08:22:04.898Z"}
{"channel":"application","context":"RouterExplorer","level":"info","message":"Mapped {/barcodes/:id, GET} route","service":"juman-backend-node","timestamp":"2026-08-09T08:22:04.898Z"}
{"channel":"application","context":"RouterExplorer","level":"info","message":"Mapped {/barcodes/generate, POST} route","service":"juman-backend-node","timestamp":"2026-08-09T08:22:04.898Z"}
{"channel":"application","context":"RouterExplorer","level":"info","message":"Mapped {/barcodes/validate, POST} route","service":"juman-backend-node","timestamp":"2026-08-09T08:22:04.899Z"}
{"channel":"application","context":"RouterExplorer","level":"info","message":"Mapped {/barcodes/reserve, POST} route","service":"juman-backend-node","timestamp":"2026-08-09T08:22:04.899Z"}
{"channel":"application","context":"RouterExplorer","level":"info","message":"Mapped {/barcodes/release, POST} route","service":"juman-backend-node","timestamp":"2026-08-09T08:22:04.899Z"}
{"channel":"application","context":"RouterExplorer","level":"info","message":"Mapped {/barcodes/retire, POST} route","service":"juman-backend-node","timestamp":"2026-08-09T08:22:04.900Z"}
{"channel":"application","context":"RoutesResolver","level":"info","message":"PermissionsController {/permissions}:","service":"juman-backend-node","timestamp":"2026-08-09T08:22:04.900Z"}
{"channel":"application","context":"RouterExplorer","level":"info","message":"Mapped {/permissions, GET} route","service":"juman-backend-node","timestamp":"2026-08-09T08:22:04.900Z"}
{"channel":"application","context":"RoutesResolver","level":"info","message":"RolesController {/roles}:","service":"juman-backend-node","timestamp":"2026-08-09T08:22:04.901Z"}
{"channel":"application","context":"RouterExplorer","level":"info","message":"Mapped {/roles, GET} route","service":"juman-backend-node","timestamp":"2026-08-09T08:22:04.901Z"}
{"channel":"application","context":"RoutesResolver","level":"info","message":"UsersController {/users}:","service":"juman-backend-node","timestamp":"2026-08-09T08:22:04.901Z"}
{"channel":"application","context":"RouterExplorer","level":"info","message":"Mapped {/users, GET} route","service":"juman-backend-node","timestamp":"2026-08-09T08:22:04.902Z"}
{"channel":"application","context":"RouterExplorer","level":"info","message":"Mapped {/users/:id, GET} route","service":"juman-backend-node","timestamp":"2026-08-09T08:22:04.902Z"}
{"channel":"application","context":"RouterExplorer","level":"info","message":"Mapped {/users, POST} route","service":"juman-backend-node","timestamp":"2026-08-09T08:22:04.902Z"}
{"channel":"application","context":"RouterExplorer","level":"info","message":"Mapped {/users/:id, PATCH} route","service":"juman-backend-node","timestamp":"2026-08-09T08:22:04.903Z"}
{"channel":"application","context":"RouterExplorer","level":"info","message":"Mapped {/users/:id/deactivate, POST} route","service":"juman-backend-node","timestamp":"2026-08-09T08:22:04.903Z"}
{"channel":"application","context":"RouterExplorer","level":"info","message":"Mapped {/users/:id/activate, POST} route","service":"juman-backend-node","timestamp":"2026-08-09T08:22:04.904Z"}
{"channel":"application","context":"RouterExplorer","level":"info","message":"Mapped {/users/:id/unlock, POST} route","service":"juman-backend-node","timestamp":"2026-08-09T08:22:04.905Z"}
{"channel":"application","context":"RouterExplorer","level":"info","message":"Mapped {/users/:id/reset-password, POST} route","service":"juman-backend-node","timestamp":"2026-08-09T08:22:04.906Z"}
{"channel":"application","context":"RouterExplorer","level":"info","message":"Mapped {/users/:id, DELETE} route","service":"juman-backend-node","timestamp":"2026-08-09T08:22:04.907Z"}
{"channel":"application","context":"RouterExplorer","level":"info","message":"Mapped {/users/:id/restore, POST} route","service":"juman-backend-node","timestamp":"2026-08-09T08:22:04.907Z"}
{"channel":"application","context":"RoutesResolver","level":"info","message":"AuthController {/auth}:","service":"juman-backend-node","timestamp":"2026-08-09T08:22:04.907Z"}
{"channel":"application","context":"RouterExplorer","level":"info","message":"Mapped {/auth/login, POST} route","service":"juman-backend-node","timestamp":"2026-08-09T08:22:04.908Z"}
{"channel":"application","context":"RouterExplorer","level":"info","message":"Mapped {/auth/logout, POST} route","service":"juman-backend-node","timestamp":"2026-08-09T08:22:04.908Z"}
{"channel":"application","context":"RouterExplorer","level":"info","message":"Mapped {/auth/change-password, POST} route","service":"juman-backend-node","timestamp":"2026-08-09T08:22:04.908Z"}
{"channel":"application","context":"RouterExplorer","level":"info","message":"Mapped {/auth/admin/unlock, POST} route","service":"juman-backend-node","timestamp":"2026-08-09T08:22:04.909Z"}
{"channel":"application","context":"RouterExplorer","level":"info","message":"Mapped {/auth/session, GET} route","service":"juman-backend-node","timestamp":"2026-08-09T08:22:04.909Z"}
{"channel":"application","context":"RouterExplorer","level":"info","message":"Mapped {/auth/me, GET} route","service":"juman-backend-node","timestamp":"2026-08-09T08:22:04.909Z"}
{"channel":"application","context":"RoutesResolver","level":"info","message":"CustomersController {/customers}:","service":"juman-backend-node","timestamp":"2026-08-09T08:22:04.910Z"}
{"channel":"application","context":"RouterExplorer","level":"info","message":"Mapped {/customers, GET} route","service":"juman-backend-node","timestamp":"2026-08-09T08:22:04.910Z"}
{"channel":"application","context":"RouterExplorer","level":"info","message":"Mapped {/customers/search, GET} route","service":"juman-backend-node","timestamp":"2026-08-09T08:22:04.910Z"}
{"channel":"application","context":"RouterExplorer","level":"info","message":"Mapped {/customers/number/:customerNumber, GET} route","service":"juman-backend-node","timestamp":"2026-08-09T08:22:04.911Z"}
{"channel":"application","context":"RouterExplorer","level":"info","message":"Mapped {/customers/:id, GET} route","service":"juman-backend-node","timestamp":"2026-08-09T08:22:04.911Z"}
{"channel":"application","context":"RouterExplorer","level":"info","message":"Mapped {/customers, POST} route","service":"juman-backend-node","timestamp":"2026-08-09T08:22:04.911Z"}
{"channel":"application","context":"RouterExplorer","level":"info","message":"Mapped {/customers/:id, PATCH} route","service":"juman-backend-node","timestamp":"2026-08-09T08:22:04.911Z"}
{"channel":"application","context":"RouterExplorer","level":"info","message":"Mapped {/customers/:id, DELETE} route","service":"juman-backend-node","timestamp":"2026-08-09T08:22:04.912Z"}
{"channel":"application","context":"RouterExplorer","level":"info","message":"Mapped {/customers/:id/restore, POST} route","service":"juman-backend-node","timestamp":"2026-08-09T08:22:04.912Z"}
{"channel":"application","context":"RoutesResolver","level":"info","message":"CategoriesController {/categories}:","service":"juman-backend-node","timestamp":"2026-08-09T08:22:04.912Z"}
{"channel":"application","context":"RouterExplorer","level":"info","message":"Mapped {/categories, GET} route","service":"juman-backend-node","timestamp":"2026-08-09T08:22:04.913Z"}
{"channel":"application","context":"RouterExplorer","level":"info","message":"Mapped {/categories/:id, GET} route","service":"juman-backend-node","timestamp":"2026-08-09T08:22:04.913Z"}
{"channel":"application","context":"RouterExplorer","level":"info","message":"Mapped {/categories, POST} route","service":"juman-backend-node","timestamp":"2026-08-09T08:22:04.914Z"}
{"channel":"application","context":"RouterExplorer","level":"info","message":"Mapped {/categories/:id, PATCH} route","service":"juman-backend-node","timestamp":"2026-08-09T08:22:04.914Z"}
{"channel":"application","context":"RouterExplorer","level":"info","message":"Mapped {/categories/:id, DELETE} route","service":"juman-backend-node","timestamp":"2026-08-09T08:22:04.914Z"}
{"channel":"application","context":"RouterExplorer","level":"info","message":"Mapped {/categories/:id/restore, POST} route","service":"juman-backend-node","timestamp":"2026-08-09T08:22:04.915Z"}
{"channel":"application","context":"RoutesResolver","level":"info","message":"BrandsController {/brands}:","service":"juman-backend-node","timestamp":"2026-08-09T08:22:04.915Z"}
{"channel":"application","context":"RouterExplorer","level":"info","message":"Mapped {/brands, GET} route","service":"juman-backend-node","timestamp":"2026-08-09T08:22:04.915Z"}
{"channel":"application","context":"RouterExplorer","level":"info","message":"Mapped {/brands/:id, GET} route","service":"juman-backend-node","timestamp":"2026-08-09T08:22:04.916Z"}
{"channel":"application","context":"RouterExplorer","level":"info","message":"Mapped {/brands, POST} route","service":"juman-backend-node","timestamp":"2026-08-09T08:22:04.916Z"}
{"channel":"application","context":"RouterExplorer","level":"info","message":"Mapped {/brands/:id, PATCH} route","service":"juman-backend-node","timestamp":"2026-08-09T08:22:04.916Z"}
{"channel":"application","context":"RouterExplorer","level":"info","message":"Mapped {/brands/:id, DELETE} route","service":"juman-backend-node","timestamp":"2026-08-09T08:22:04.916Z"}
{"channel":"application","context":"RouterExplorer","level":"info","message":"Mapped {/brands/:id/restore, POST} route","service":"juman-backend-node","timestamp":"2026-08-09T08:22:04.917Z"}
{"channel":"application","context":"RoutesResolver","level":"info","message":"ColorsController {/colors}:","service":"juman-backend-node","timestamp":"2026-08-09T08:22:04.917Z"}
{"channel":"application","context":"RouterExplorer","level":"info","message":"Mapped {/colors, GET} route","service":"juman-backend-node","timestamp":"2026-08-09T08:22:04.917Z"}
{"channel":"application","context":"RouterExplorer","level":"info","message":"Mapped {/colors/:id, GET} route","service":"juman-backend-node","timestamp":"2026-08-09T08:22:04.918Z"}
{"channel":"application","context":"RouterExplorer","level":"info","message":"Mapped {/colors, POST} route","service":"juman-backend-node","timestamp":"2026-08-09T08:22:04.918Z"}
{"channel":"application","context":"RouterExplorer","level":"info","message":"Mapped {/colors/:id, PATCH} route","service":"juman-backend-node","timestamp":"2026-08-09T08:22:04.918Z"}
{"channel":"application","context":"RouterExplorer","level":"info","message":"Mapped {/colors/:id, DELETE} route","service":"juman-backend-node","timestamp":"2026-08-09T08:22:04.918Z"}
{"channel":"application","context":"RouterExplorer","level":"info","message":"Mapped {/colors/:id/restore, POST} route","service":"juman-backend-node","timestamp":"2026-08-09T08:22:04.919Z"}
{"channel":"application","context":"RoutesResolver","level":"info","message":"SizesController {/sizes}:","service":"juman-backend-node","timestamp":"2026-08-09T08:22:04.919Z"}
{"channel":"application","context":"RouterExplorer","level":"info","message":"Mapped {/sizes, GET} route","service":"juman-backend-node","timestamp":"2026-08-09T08:22:04.920Z"}
{"channel":"application","context":"RouterExplorer","level":"info","message":"Mapped {/sizes/:id, GET} route","service":"juman-backend-node","timestamp":"2026-08-09T08:22:04.920Z"}
{"channel":"application","context":"RouterExplorer","level":"info","message":"Mapped {/sizes, POST} route","service":"juman-backend-node","timestamp":"2026-08-09T08:22:04.921Z"}
{"channel":"application","context":"RouterExplorer","level":"info","message":"Mapped {/sizes/:id, PATCH} route","service":"juman-backend-node","timestamp":"2026-08-09T08:22:04.921Z"}
{"channel":"application","context":"RouterExplorer","level":"info","message":"Mapped {/sizes/:id, DELETE} route","service":"juman-backend-node","timestamp":"2026-08-09T08:22:04.922Z"}
{"channel":"application","context":"RouterExplorer","level":"info","message":"Mapped {/sizes/:id/restore, POST} route","service":"juman-backend-node","timestamp":"2026-08-09T08:22:04.923Z"}
{"channel":"application","context":"RoutesResolver","level":"info","message":"LifecycleController {/items}:","service":"juman-backend-node","timestamp":"2026-08-09T08:22:04.924Z"}
{"channel":"application","context":"RouterExplorer","level":"info","message":"Mapped {/items/:id/state, GET} route","service":"juman-backend-node","timestamp":"2026-08-09T08:22:04.924Z"}
{"channel":"application","context":"RouterExplorer","level":"info","message":"Mapped {/items/:id/history, GET} route","service":"juman-backend-node","timestamp":"2026-08-09T08:22:04.925Z"}
{"channel":"application","context":"RouterExplorer","level":"info","message":"Mapped {/items/:id/transition, POST} route","service":"juman-backend-node","timestamp":"2026-08-09T08:22:04.925Z"}
{"channel":"application","context":"RoutesResolver","level":"info","message":"ItemsController {/items}:","service":"juman-backend-node","timestamp":"2026-08-09T08:22:04.925Z"}
{"channel":"application","context":"RouterExplorer","level":"info","message":"Mapped {/items, GET} route","service":"juman-backend-node","timestamp":"2026-08-09T08:22:04.926Z"}
{"channel":"application","context":"RouterExplorer","level":"info","message":"Mapped {/items/search, GET} route","service":"juman-backend-node","timestamp":"2026-08-09T08:22:04.926Z"}
{"channel":"application","context":"RouterExplorer","level":"info","message":"Mapped {/items/code/:internalCode, GET} route","service":"juman-backend-node","timestamp":"2026-08-09T08:22:04.927Z"}
{"channel":"application","context":"RouterExplorer","level":"info","message":"Mapped {/items/:id, GET} route","service":"juman-backend-node","timestamp":"2026-08-09T08:22:04.927Z"}
{"channel":"application","context":"RouterExplorer","level":"info","message":"Mapped {/items, POST} route","service":"juman-backend-node","timestamp":"2026-08-09T08:22:04.928Z"}
{"channel":"application","context":"RouterExplorer","level":"info","message":"Mapped {/items/:id, PATCH} route","service":"juman-backend-node","timestamp":"2026-08-09T08:22:04.928Z"}
{"channel":"application","context":"RouterExplorer","level":"info","message":"Mapped {/items/:id, DELETE} route","service":"juman-backend-node","timestamp":"2026-08-09T08:22:04.928Z"}
{"channel":"application","context":"RouterExplorer","level":"info","message":"Mapped {/items/:id/restore, POST} route","service":"juman-backend-node","timestamp":"2026-08-09T08:22:04.929Z"}
{"channel":"application","context":"RouterExplorer","level":"info","message":"Mapped {/items/:id/media, POST} route","service":"juman-backend-node","timestamp":"2026-08-09T08:22:04.929Z"}
{"channel":"application","context":"RoutesResolver","level":"info","message":"AvailabilityController {/availability}:","service":"juman-backend-node","timestamp":"2026-08-09T08:22:04.929Z"}
{"channel":"application","context":"RouterExplorer","level":"info","message":"Mapped {/availability, GET} route","service":"juman-backend-node","timestamp":"2026-08-09T08:22:04.929Z"}
{"channel":"application","context":"RouterExplorer","level":"info","message":"Mapped {/availability/calendar, GET} route","service":"juman-backend-node","timestamp":"2026-08-09T08:22:04.930Z"}
{"channel":"application","context":"RouterExplorer","level":"info","message":"Mapped {/availability/item/:id, GET} route","service":"juman-backend-node","timestamp":"2026-08-09T08:22:04.930Z"}
{"channel":"application","context":"RoutesResolver","level":"info","message":"FinanceController {/finance}:","service":"juman-backend-node","timestamp":"2026-08-09T08:22:04.931Z"}
{"channel":"application","context":"RouterExplorer","level":"info","message":"Mapped {/finance/accounts, GET} route","service":"juman-backend-node","timestamp":"2026-08-09T08:22:04.931Z"}
{"channel":"application","context":"RouterExplorer","level":"info","message":"Mapped {/finance/transactions, GET} route","service":"juman-backend-node","timestamp":"2026-08-09T08:22:04.931Z"}
{"channel":"application","context":"RouterExplorer","level":"info","message":"Mapped {/finance/payments, GET} route","service":"juman-backend-node","timestamp":"2026-08-09T08:22:04.931Z"}
{"channel":"application","context":"RouterExplorer","level":"info","message":"Mapped {/finance/payments, POST} route","service":"juman-backend-node","timestamp":"2026-08-09T08:22:04.932Z"}
{"channel":"application","context":"RouterExplorer","level":"info","message":"Mapped {/finance/outstanding, GET} route","service":"juman-backend-node","timestamp":"2026-08-09T08:22:04.932Z"}
{"channel":"application","context":"RoutesResolver","level":"info","message":"SettlementController {/settlements}:","service":"juman-backend-node","timestamp":"2026-08-09T08:22:04.933Z"}
{"channel":"application","context":"RouterExplorer","level":"info","message":"Mapped {/settlements, GET} route","service":"juman-backend-node","timestamp":"2026-08-09T08:22:04.933Z"}
{"channel":"application","context":"RouterExplorer","level":"info","message":"Mapped {/settlements/:id, GET} route","service":"juman-backend-node","timestamp":"2026-08-09T08:22:04.933Z"}
{"channel":"application","context":"RouterExplorer","level":"info","message":"Mapped {/settlements/:id/payment, POST} route","service":"juman-backend-node","timestamp":"2026-08-09T08:22:04.934Z"}
{"channel":"application","context":"RouterExplorer","level":"info","message":"Mapped {/settlements/:id/refund, POST} route","service":"juman-backend-node","timestamp":"2026-08-09T08:22:04.934Z"}
{"channel":"application","context":"RouterExplorer","level":"info","message":"Mapped {/settlements/:id/adjustment, POST} route","service":"juman-backend-node","timestamp":"2026-08-09T08:22:04.934Z"}
{"channel":"application","context":"RouterExplorer","level":"info","message":"Mapped {/settlements/:id/discount, POST} route","service":"juman-backend-node","timestamp":"2026-08-09T08:22:04.934Z"}
{"channel":"application","context":"RouterExplorer","level":"info","message":"Mapped {/settlements/:id/late-fee, POST} route","service":"juman-backend-node","timestamp":"2026-08-09T08:22:04.935Z"}
{"channel":"application","context":"RouterExplorer","level":"info","message":"Mapped {/settlements/:id/close, POST} route","service":"juman-backend-node","timestamp":"2026-08-09T08:22:04.935Z"}
{"channel":"application","context":"RouterExplorer","level":"info","message":"Mapped {/settlements/:id/cancel, POST} route","service":"juman-backend-node","timestamp":"2026-08-09T08:22:04.935Z"}
{"channel":"application","context":"RoutesResolver","level":"info","message":"RentalsController {/rentals}:","service":"juman-backend-node","timestamp":"2026-08-09T08:22:04.935Z"}
{"channel":"application","context":"RouterExplorer","level":"info","message":"Mapped {/rentals, GET} route","service":"juman-backend-node","timestamp":"2026-08-09T08:22:04.936Z"}
{"channel":"application","context":"RouterExplorer","level":"info","message":"Mapped {/rentals/:id/audit, GET} route","service":"juman-backend-node","timestamp":"2026-08-09T08:22:04.936Z"}
{"channel":"application","context":"RouterExplorer","level":"info","message":"Mapped {/rentals/:id, GET} route","service":"juman-backend-node","timestamp":"2026-08-09T08:22:04.936Z"}
{"channel":"application","context":"RouterExplorer","level":"info","message":"Mapped {/rentals, POST} route","service":"juman-backend-node","timestamp":"2026-08-09T08:22:04.937Z"}
{"channel":"application","context":"RouterExplorer","level":"info","message":"Mapped {/rentals/:id/notes, POST} route","service":"juman-backend-node","timestamp":"2026-08-09T08:22:04.937Z"}
{"channel":"application","context":"RouterExplorer","level":"info","message":"Mapped {/rentals/:id, PATCH} route","service":"juman-backend-node","timestamp":"2026-08-09T08:22:04.938Z"}
{"channel":"application","context":"RouterExplorer","level":"info","message":"Mapped {/rentals/:id/checkout, POST} route","service":"juman-backend-node","timestamp":"2026-08-09T08:22:04.939Z"}
{"channel":"application","context":"RouterExplorer","level":"info","message":"Mapped {/rentals/:id/return, POST} route","service":"juman-backend-node","timestamp":"2026-08-09T08:22:04.939Z"}
{"channel":"application","context":"RouterExplorer","level":"info","message":"Mapped {/rentals/:id/complete, POST} route","service":"juman-backend-node","timestamp":"2026-08-09T08:22:04.940Z"}
{"channel":"application","context":"RouterExplorer","level":"info","message":"Mapped {/rentals/:id/cancel, POST} route","service":"juman-backend-node","timestamp":"2026-08-09T08:22:04.940Z"}
{"channel":"application","context":"RoutesResolver","level":"info","message":"ReservationsController {/reservations}:","service":"juman-backend-node","timestamp":"2026-08-09T08:22:04.941Z"}
{"channel":"application","context":"RouterExplorer","level":"info","message":"Mapped {/reservations, GET} route","service":"juman-backend-node","timestamp":"2026-08-09T08:22:04.941Z"}
{"channel":"application","context":"RouterExplorer","level":"info","message":"Mapped {/reservations/:id, GET} route","service":"juman-backend-node","timestamp":"2026-08-09T08:22:04.942Z"}
{"channel":"application","context":"RouterExplorer","level":"info","message":"Mapped {/reservations, POST} route","service":"juman-backend-node","timestamp":"2026-08-09T08:22:04.943Z"}
{"channel":"application","context":"RouterExplorer","level":"info","message":"Mapped {/reservations/:id/checkout, POST} route","service":"juman-backend-node","timestamp":"2026-08-09T08:22:04.943Z"}
{"channel":"application","context":"RouterExplorer","level":"info","message":"Mapped {/reservations/:id/cancel, POST} route","service":"juman-backend-node","timestamp":"2026-08-09T08:22:04.943Z"}
{"channel":"application","context":"RouterExplorer","level":"info","message":"Mapped {/reservations/:id/expire, POST} route","service":"juman-backend-node","timestamp":"2026-08-09T08:22:04.944Z"}
{"channel":"application","context":"RoutesResolver","level":"info","message":"SalesController {/sales}:","service":"juman-backend-node","timestamp":"2026-08-09T08:22:04.944Z"}
{"channel":"application","context":"RouterExplorer","level":"info","message":"Mapped {/sales, GET} route","service":"juman-backend-node","timestamp":"2026-08-09T08:22:04.945Z"}
{"channel":"application","context":"RouterExplorer","level":"info","message":"Mapped {/sales/:id/history, GET} route","service":"juman-backend-node","timestamp":"2026-08-09T08:22:04.945Z"}
{"channel":"application","context":"RouterExplorer","level":"info","message":"Mapped {/sales/:id, GET} route","service":"juman-backend-node","timestamp":"2026-08-09T08:22:04.945Z"}
{"channel":"application","context":"RouterExplorer","level":"info","message":"Mapped {/sales, POST} route","service":"juman-backend-node","timestamp":"2026-08-09T08:22:04.945Z"}
{"channel":"application","context":"RouterExplorer","level":"info","message":"Mapped {/sales/:id/confirm, POST} route","service":"juman-backend-node","timestamp":"2026-08-09T08:22:04.946Z"}
{"channel":"application","context":"RouterExplorer","level":"info","message":"Mapped {/sales/:id/payment, POST} route","service":"juman-backend-node","timestamp":"2026-08-09T08:22:04.947Z"}
{"channel":"application","context":"RouterExplorer","level":"info","message":"Mapped {/sales/:id/complete, POST} route","service":"juman-backend-node","timestamp":"2026-08-09T08:22:04.947Z"}
{"channel":"application","context":"RouterExplorer","level":"info","message":"Mapped {/sales/:id/cancel, POST} route","service":"juman-backend-node","timestamp":"2026-08-09T08:22:04.947Z"}
{"channel":"application","context":"RoutesResolver","level":"info","message":"ReportsController {/reports}:","service":"juman-backend-node","timestamp":"2026-08-09T08:22:04.948Z"}
{"channel":"application","context":"RouterExplorer","level":"info","message":"Mapped {/reports/dashboard, GET} route","service":"juman-backend-node","timestamp":"2026-08-09T08:22:04.948Z"}
{"channel":"application","context":"RouterExplorer","level":"info","message":"Mapped {/reports/financial, GET} route","service":"juman-backend-node","timestamp":"2026-08-09T08:22:04.948Z"}
{"channel":"application","context":"RouterExplorer","level":"info","message":"Mapped {/reports/rentals/current, GET} route","service":"juman-backend-node","timestamp":"2026-08-09T08:22:04.949Z"}
{"channel":"application","context":"RouterExplorer","level":"info","message":"Mapped {/reports/rentals/overdue, GET} route","service":"juman-backend-node","timestamp":"2026-08-09T08:22:04.949Z"}
{"channel":"application","context":"RouterExplorer","level":"info","message":"Mapped {/reports/rentals/returns, GET} route","service":"juman-backend-node","timestamp":"2026-08-09T08:22:04.950Z"}
{"channel":"application","context":"RouterExplorer","level":"info","message":"Mapped {/reports/rentals/reservations, GET} route","service":"juman-backend-node","timestamp":"2026-08-09T08:22:04.950Z"}
{"channel":"application","context":"RouterExplorer","level":"info","message":"Mapped {/reports/rentals/history, GET} route","service":"juman-backend-node","timestamp":"2026-08-09T08:22:04.950Z"}
{"channel":"application","context":"RouterExplorer","level":"info","message":"Mapped {/reports/inventory/value, GET} route","service":"juman-backend-node","timestamp":"2026-08-09T08:22:04.951Z"}
{"channel":"application","context":"RouterExplorer","level":"info","message":"Mapped {/reports/inventory/availability, GET} route","service":"juman-backend-node","timestamp":"2026-08-09T08:22:04.951Z"}
{"channel":"application","context":"RouterExplorer","level":"info","message":"Mapped {/reports/inventory/category, GET} route","service":"juman-backend-node","timestamp":"2026-08-09T08:22:04.951Z"}
{"channel":"application","context":"RouterExplorer","level":"info","message":"Mapped {/reports/inventory/brand, GET} route","service":"juman-backend-node","timestamp":"2026-08-09T08:22:04.951Z"}
{"channel":"application","context":"RouterExplorer","level":"info","message":"Mapped {/reports/inventory/color, GET} route","service":"juman-backend-node","timestamp":"2026-08-09T08:22:04.951Z"}
{"channel":"application","context":"RouterExplorer","level":"info","message":"Mapped {/reports/inventory/size, GET} route","service":"juman-backend-node","timestamp":"2026-08-09T08:22:04.952Z"}
{"channel":"application","context":"RouterExplorer","level":"info","message":"Mapped {/reports/inventory/lifecycle, GET} route","service":"juman-backend-node","timestamp":"2026-08-09T08:22:04.952Z"}
{"channel":"application","context":"RouterExplorer","level":"info","message":"Mapped {/reports/inventory/retired, GET} route","service":"juman-backend-node","timestamp":"2026-08-09T08:22:04.952Z"}
{"channel":"application","context":"RouterExplorer","level":"info","message":"Mapped {/reports/inventory/maintenance, GET} route","service":"juman-backend-node","timestamp":"2026-08-09T08:22:04.953Z"}
{"channel":"application","context":"RouterExplorer","level":"info","message":"Mapped {/reports/customers/:id/rentals, GET} route","service":"juman-backend-node","timestamp":"2026-08-09T08:22:04.953Z"}
{"channel":"application","context":"RouterExplorer","level":"info","message":"Mapped {/reports/customers/:id/outstanding, GET} route","service":"juman-backend-node","timestamp":"2026-08-09T08:22:04.953Z"}
{"channel":"application","context":"RouterExplorer","level":"info","message":"Mapped {/reports/customers/:id/payments, GET} route","service":"juman-backend-node","timestamp":"2026-08-09T08:22:04.954Z"}
{"channel":"application","context":"RouterExplorer","level":"info","message":"Mapped {/reports/customers/:id/reservations, GET} route","service":"juman-backend-node","timestamp":"2026-08-09T08:22:04.954Z"}
{"channel":"application","context":"RouterExplorer","level":"info","message":"Mapped {/reports/export, GET} route","service":"juman-backend-node","timestamp":"2026-08-09T08:22:04.955Z"}
{"channel":"application","context":"RoutesResolver","level":"info","message":"HealthController {/health}:","service":"juman-backend-node","timestamp":"2026-08-09T08:22:04.956Z"}
{"channel":"application","context":"RouterExplorer","level":"info","message":"Mapped {/health, GET} route","service":"juman-backend-node","timestamp":"2026-08-09T08:22:04.957Z"}
{"channel":"application","context":"NestApplication","level":"info","message":"Nest application successfully started","service":"juman-backend-node","timestamp":"2026-08-09T08:22:04.957Z"}
{"channel":"startup","context":"Startup","level":"info","message":"Listening on http://127.0.0.1:8787","service":"juman-backend-node","timestamp":"2026-08-09T08:22:04.960Z"}
{"channel":"startup","context":"Startup","level":"info","message":"GET /health ready","service":"juman-backend-node","timestamp":"2026-08-09T08:22:04.960Z"}
{"channel":"startup","context":"Startup","dataDir":"C:\\Users\\moham\\Desktop\\juman","envCreated":false,"envFile":"C:\\Users\\moham\\Desktop\\juman\\config\\juman.env","environment":"development","host":"127.0.0.1","level":"info","message":"Juman Backend V2 starting","migrations":"applied","port":8787,"service":"juman-backend-node","timestamp":"2026-08-09T08:22:21.445Z","version":"2.0.0"}
{"channel":"startup","context":"Startup","level":"info","message":"SQLite PRAGMAs applied (foreign_keys, WAL, busy_timeout)","service":"juman-backend-node","timestamp":"2026-08-09T08:22:21.512Z"}
{"channel":"startup","context":"Startup","level":"info","message":"Prisma connected to SQLite","service":"juman-backend-node","timestamp":"2026-08-09T08:22:21.514Z"}
{"channel":"startup","context":"Startup","count":27,"level":"info","message":"App settings ensured","service":"juman-backend-node","timestamp":"2026-08-09T08:22:21.600Z"}
{"channel":"startup","context":"Startup","count":105,"level":"info","message":"RBAC permissions ensured","service":"juman-backend-node","timestamp":"2026-08-09T08:22:21.846Z"}
{"channel":"startup","context":"Startup","count":105,"level":"info","message":"RBAC permissions ensured","service":"juman-backend-node","timestamp":"2026-08-09T08:22:22.064Z"}
{"channel":"startup","context":"Startup","count":4,"level":"info","message":"RBAC system roles ensured","service":"juman-backend-node","timestamp":"2026-08-09T08:22:22.406Z"}
{"channel":"startup","context":"Startup","level":"info","message":"Administrator user already present","service":"juman-backend-node","timestamp":"2026-08-09T08:22:22.409Z","username":"admin"}
{"categories":3,"channel":"startup","context":"Startup","level":"info","message":"Demo seed skipped (categories already present)","service":"juman-backend-node","timestamp":"2026-08-09T08:22:22.412Z"}
{"channel":"startup","context":"Startup","customerId":"45c43439-599c-459d-85d9-5ad83caded3a","customerNumber":"WALK-IN","level":"info","message":"Walk-in customer ready","service":"juman-backend-node","timestamp":"2026-08-09T08:22:22.420Z"}
{"channel":"application","context":"NestFactory","level":"info","message":"Starting Nest application...","service":"juman-backend-node","timestamp":"2026-08-09T08:22:22.460Z"}
{"channel":"application","context":"InstanceLoader","level":"info","message":"LoggerModule dependencies initialized","service":"juman-backend-node","timestamp":"2026-08-09T08:22:22.460Z"}
{"channel":"application","context":"InstanceLoader","level":"info","message":"PassportModule dependencies initialized","service":"juman-backend-node","timestamp":"2026-08-09T08:22:22.461Z"}
{"channel":"application","context":"InstanceLoader","level":"info","message":"ConfigHostModule dependencies initialized","service":"juman-backend-node","timestamp":"2026-08-09T08:22:22.462Z"}
{"channel":"application","context":"InstanceLoader","level":"info","message":"ConfigModule dependencies initialized","service":"juman-backend-node","timestamp":"2026-08-09T08:22:22.462Z"}
{"channel":"application","context":"InstanceLoader","level":"info","message":"ConfigModule dependencies initialized","service":"juman-backend-node","timestamp":"2026-08-09T08:22:22.462Z"}
{"channel":"application","context":"InstanceLoader","level":"info","message":"PrismaModule dependencies initialized","service":"juman-backend-node","timestamp":"2026-08-09T08:22:22.463Z"}
{"channel":"application","context":"InstanceLoader","level":"info","message":"JwtModule dependencies initialized","service":"juman-backend-node","timestamp":"2026-08-09T08:22:22.464Z"}
{"channel":"application","context":"InstanceLoader","level":"info","message":"SettingsModule dependencies initialized","service":"juman-backend-node","timestamp":"2026-08-09T08:22:22.464Z"}
{"channel":"application","context":"InstanceLoader","level":"info","message":"AuditModule dependencies initialized","service":"juman-backend-node","timestamp":"2026-08-09T08:22:22.465Z"}
{"channel":"application","context":"InstanceLoader","level":"info","message":"SecurityModule dependencies initialized","service":"juman-backend-node","timestamp":"2026-08-09T08:22:22.465Z"}
{"channel":"application","context":"InstanceLoader","level":"info","message":"HealthModule dependencies initialized","service":"juman-backend-node","timestamp":"2026-08-09T08:22:22.466Z"}
{"channel":"application","context":"InstanceLoader","level":"info","message":"PermissionsModule dependencies initialized","service":"juman-backend-node","timestamp":"2026-08-09T08:22:22.466Z"}
{"channel":"application","context":"InstanceLoader","level":"info","message":"RolesModule dependencies initialized","service":"juman-backend-node","timestamp":"2026-08-09T08:22:22.467Z"}
{"channel":"application","context":"InstanceLoader","level":"info","message":"AppModule dependencies initialized","service":"juman-backend-node","timestamp":"2026-08-09T08:22:22.467Z"}
{"channel":"application","context":"InstanceLoader","level":"info","message":"AvailabilityModule dependencies initialized","service":"juman-backend-node","timestamp":"2026-08-09T08:22:22.468Z"}
{"channel":"application","context":"InstanceLoader","level":"info","message":"ReportsModule dependencies initialized","service":"juman-backend-node","timestamp":"2026-08-09T08:22:22.468Z"}
{"channel":"application","context":"InstanceLoader","level":"info","message":"MediaModule dependencies initialized","service":"juman-backend-node","timestamp":"2026-08-09T08:22:22.469Z"}
{"channel":"application","context":"InstanceLoader","level":"info","message":"BarcodeModule dependencies initialized","service":"juman-backend-node","timestamp":"2026-08-09T08:22:22.469Z"}
{"channel":"application","context":"InstanceLoader","level":"info","message":"CustomersModule dependencies initialized","service":"juman-backend-node","timestamp":"2026-08-09T08:22:22.470Z"}
{"channel":"application","context":"InstanceLoader","level":"info","message":"UsersModule dependencies initialized","service":"juman-backend-node","timestamp":"2026-08-09T08:22:22.471Z"}
{"channel":"application","context":"InstanceLoader","level":"info","message":"AuthModule dependencies initialized","service":"juman-backend-node","timestamp":"2026-08-09T08:22:22.472Z"}
{"channel":"application","context":"InstanceLoader","level":"info","message":"InventoryModule dependencies initialized","service":"juman-backend-node","timestamp":"2026-08-09T08:22:22.473Z"}
{"channel":"application","context":"InstanceLoader","level":"info","message":"FinanceModule dependencies initialized","service":"juman-backend-node","timestamp":"2026-08-09T08:22:22.473Z"}
{"channel":"application","context":"InstanceLoader","level":"info","message":"RentalsModule dependencies initialized","service":"juman-backend-node","timestamp":"2026-08-09T08:22:22.474Z"}
{"channel":"application","context":"InstanceLoader","level":"info","message":"SalesModule dependencies initialized","service":"juman-backend-node","timestamp":"2026-08-09T08:22:22.474Z"}
{"channel":"application","context":"InstanceLoader","level":"info","message":"ReservationsModule dependencies initialized","service":"juman-backend-node","timestamp":"2026-08-09T08:22:22.474Z"}
{"channel":"application","context":"RoutesResolver","level":"info","message":"MediaController {/media}:","service":"juman-backend-node","timestamp":"2026-08-09T08:22:22.475Z"}
{"channel":"application","context":"RouterExplorer","level":"info","message":"Mapped {/media, GET} route","service":"juman-backend-node","timestamp":"2026-08-09T08:22:22.475Z"}
{"channel":"application","context":"RouterExplorer","level":"info","message":"Mapped {/media/:id, GET} route","service":"juman-backend-node","timestamp":"2026-08-09T08:22:22.476Z"}
{"channel":"application","context":"RouterExplorer","level":"info","message":"Mapped {/media/:id/integrity, GET} route","service":"juman-backend-node","timestamp":"2026-08-09T08:22:22.476Z"}
{"channel":"application","context":"RouterExplorer","level":"info","message":"Mapped {/media, POST} route","service":"juman-backend-node","timestamp":"2026-08-09T08:22:22.476Z"}
{"channel":"application","context":"RouterExplorer","level":"info","message":"Mapped {/media/:id, DELETE} route","service":"juman-backend-node","timestamp":"2026-08-09T08:22:22.477Z"}
{"channel":"application","context":"RouterExplorer","level":"info","message":"Mapped {/media/:id/restore, POST} route","service":"juman-backend-node","timestamp":"2026-08-09T08:22:22.477Z"}
{"channel":"application","context":"RoutesResolver","level":"info","message":"BarcodeController {/barcodes}:","service":"juman-backend-node","timestamp":"2026-08-09T08:22:22.478Z"}
{"channel":"application","context":"RouterExplorer","level":"info","message":"Mapped {/barcodes, GET} route","service":"juman-backend-node","timestamp":"2026-08-09T08:22:22.478Z"}
{"channel":"application","context":"RouterExplorer","level":"info","message":"Mapped {/barcodes/:id, GET} route","service":"juman-backend-node","timestamp":"2026-08-09T08:22:22.478Z"}
{"channel":"application","context":"RouterExplorer","level":"info","message":"Mapped {/barcodes/generate, POST} route","service":"juman-backend-node","timestamp":"2026-08-09T08:22:22.479Z"}
{"channel":"application","context":"RouterExplorer","level":"info","message":"Mapped {/barcodes/validate, POST} route","service":"juman-backend-node","timestamp":"2026-08-09T08:22:22.479Z"}
{"channel":"application","context":"RouterExplorer","level":"info","message":"Mapped {/barcodes/reserve, POST} route","service":"juman-backend-node","timestamp":"2026-08-09T08:22:22.480Z"}
{"channel":"application","context":"RouterExplorer","level":"info","message":"Mapped {/barcodes/release, POST} route","service":"juman-backend-node","timestamp":"2026-08-09T08:22:22.480Z"}
{"channel":"application","context":"RouterExplorer","level":"info","message":"Mapped {/barcodes/retire, POST} route","service":"juman-backend-node","timestamp":"2026-08-09T08:22:22.481Z"}
{"channel":"application","context":"RoutesResolver","level":"info","message":"PermissionsController {/permissions}:","service":"juman-backend-node","timestamp":"2026-08-09T08:22:22.481Z"}
{"channel":"application","context":"RouterExplorer","level":"info","message":"Mapped {/permissions, GET} route","service":"juman-backend-node","timestamp":"2026-08-09T08:22:22.482Z"}
{"channel":"application","context":"RoutesResolver","level":"info","message":"RolesController {/roles}:","service":"juman-backend-node","timestamp":"2026-08-09T08:22:22.482Z"}
{"channel":"application","context":"RouterExplorer","level":"info","message":"Mapped {/roles, GET} route","service":"juman-backend-node","timestamp":"2026-08-09T08:22:22.483Z"}
{"channel":"application","context":"RoutesResolver","level":"info","message":"UsersController {/users}:","service":"juman-backend-node","timestamp":"2026-08-09T08:22:22.483Z"}
{"channel":"application","context":"RouterExplorer","level":"info","message":"Mapped {/users, GET} route","service":"juman-backend-node","timestamp":"2026-08-09T08:22:22.484Z"}
{"channel":"application","context":"RouterExplorer","level":"info","message":"Mapped {/users/:id, GET} route","service":"juman-backend-node","timestamp":"2026-08-09T08:22:22.484Z"}
{"channel":"application","context":"RouterExplorer","level":"info","message":"Mapped {/users, POST} route","service":"juman-backend-node","timestamp":"2026-08-09T08:22:22.485Z"}
{"channel":"application","context":"RouterExplorer","level":"info","message":"Mapped {/users/:id, PATCH} route","service":"juman-backend-node","timestamp":"2026-08-09T08:22:22.485Z"}
{"channel":"application","context":"RouterExplorer","level":"info","message":"Mapped {/users/:id/deactivate, POST} route","service":"juman-backend-node","timestamp":"2026-08-09T08:22:22.486Z"}
{"channel":"application","context":"RouterExplorer","level":"info","message":"Mapped {/users/:id/activate, POST} route","service":"juman-backend-node","timestamp":"2026-08-09T08:22:22.487Z"}
{"channel":"application","context":"RouterExplorer","level":"info","message":"Mapped {/users/:id/unlock, POST} route","service":"juman-backend-node","timestamp":"2026-08-09T08:22:22.488Z"}
{"channel":"application","context":"RouterExplorer","level":"info","message":"Mapped {/users/:id/reset-password, POST} route","service":"juman-backend-node","timestamp":"2026-08-09T08:22:22.490Z"}
{"channel":"application","context":"RouterExplorer","level":"info","message":"Mapped {/users/:id, DELETE} route","service":"juman-backend-node","timestamp":"2026-08-09T08:22:22.490Z"}
{"channel":"application","context":"RouterExplorer","level":"info","message":"Mapped {/users/:id/restore, POST} route","service":"juman-backend-node","timestamp":"2026-08-09T08:22:22.491Z"}
{"channel":"application","context":"RoutesResolver","level":"info","message":"AuthController {/auth}:","service":"juman-backend-node","timestamp":"2026-08-09T08:22:22.491Z"}
{"channel":"application","context":"RouterExplorer","level":"info","message":"Mapped {/auth/login, POST} route","service":"juman-backend-node","timestamp":"2026-08-09T08:22:22.492Z"}
{"channel":"application","context":"RouterExplorer","level":"info","message":"Mapped {/auth/logout, POST} route","service":"juman-backend-node","timestamp":"2026-08-09T08:22:22.493Z"}
{"channel":"application","context":"RouterExplorer","level":"info","message":"Mapped {/auth/change-password, POST} route","service":"juman-backend-node","timestamp":"2026-08-09T08:22:22.493Z"}
{"channel":"application","context":"RouterExplorer","level":"info","message":"Mapped {/auth/admin/unlock, POST} route","service":"juman-backend-node","timestamp":"2026-08-09T08:22:22.494Z"}
{"channel":"application","context":"RouterExplorer","level":"info","message":"Mapped {/auth/session, GET} route","service":"juman-backend-node","timestamp":"2026-08-09T08:22:22.495Z"}
{"channel":"application","context":"RouterExplorer","level":"info","message":"Mapped {/auth/me, GET} route","service":"juman-backend-node","timestamp":"2026-08-09T08:22:22.495Z"}
{"channel":"application","context":"RoutesResolver","level":"info","message":"CustomersController {/customers}:","service":"juman-backend-node","timestamp":"2026-08-09T08:22:22.495Z"}
{"channel":"application","context":"RouterExplorer","level":"info","message":"Mapped {/customers, GET} route","service":"juman-backend-node","timestamp":"2026-08-09T08:22:22.496Z"}
{"channel":"application","context":"RouterExplorer","level":"info","message":"Mapped {/customers/search, GET} route","service":"juman-backend-node","timestamp":"2026-08-09T08:22:22.496Z"}
{"channel":"application","context":"RouterExplorer","level":"info","message":"Mapped {/customers/number/:customerNumber, GET} route","service":"juman-backend-node","timestamp":"2026-08-09T08:22:22.497Z"}
{"channel":"application","context":"RouterExplorer","level":"info","message":"Mapped {/customers/:id, GET} route","service":"juman-backend-node","timestamp":"2026-08-09T08:22:22.497Z"}
{"channel":"application","context":"RouterExplorer","level":"info","message":"Mapped {/customers, POST} route","service":"juman-backend-node","timestamp":"2026-08-09T08:22:22.498Z"}
{"channel":"application","context":"RouterExplorer","level":"info","message":"Mapped {/customers/:id, PATCH} route","service":"juman-backend-node","timestamp":"2026-08-09T08:22:22.498Z"}
{"channel":"application","context":"RouterExplorer","level":"info","message":"Mapped {/customers/:id, DELETE} route","service":"juman-backend-node","timestamp":"2026-08-09T08:22:22.499Z"}
{"channel":"application","context":"RouterExplorer","level":"info","message":"Mapped {/customers/:id/restore, POST} route","service":"juman-backend-node","timestamp":"2026-08-09T08:22:22.499Z"}
{"channel":"application","context":"RoutesResolver","level":"info","message":"CategoriesController {/categories}:","service":"juman-backend-node","timestamp":"2026-08-09T08:22:22.500Z"}
{"channel":"application","context":"RouterExplorer","level":"info","message":"Mapped {/categories, GET} route","service":"juman-backend-node","timestamp":"2026-08-09T08:22:22.500Z"}
{"channel":"application","context":"RouterExplorer","level":"info","message":"Mapped {/categories/:id, GET} route","service":"juman-backend-node","timestamp":"2026-08-09T08:22:22.501Z"}
{"channel":"application","context":"RouterExplorer","level":"info","message":"Mapped {/categories, POST} route","service":"juman-backend-node","timestamp":"2026-08-09T08:22:22.502Z"}
{"channel":"application","context":"RouterExplorer","level":"info","message":"Mapped {/categories/:id, PATCH} route","service":"juman-backend-node","timestamp":"2026-08-09T08:22:22.503Z"}
{"channel":"application","context":"RouterExplorer","level":"info","message":"Mapped {/categories/:id, DELETE} route","service":"juman-backend-node","timestamp":"2026-08-09T08:22:22.504Z"}
{"channel":"application","context":"RouterExplorer","level":"info","message":"Mapped {/categories/:id/restore, POST} route","service":"juman-backend-node","timestamp":"2026-08-09T08:22:22.506Z"}
{"channel":"application","context":"RoutesResolver","level":"info","message":"BrandsController {/brands}:","service":"juman-backend-node","timestamp":"2026-08-09T08:22:22.507Z"}
{"channel":"application","context":"RouterExplorer","level":"info","message":"Mapped {/brands, GET} route","service":"juman-backend-node","timestamp":"2026-08-09T08:22:22.508Z"}
{"channel":"application","context":"RouterExplorer","level":"info","message":"Mapped {/brands/:id, GET} route","service":"juman-backend-node","timestamp":"2026-08-09T08:22:22.508Z"}
{"channel":"application","context":"RouterExplorer","level":"info","message":"Mapped {/brands, POST} route","service":"juman-backend-node","timestamp":"2026-08-09T08:22:22.509Z"}
{"channel":"application","context":"RouterExplorer","level":"info","message":"Mapped {/brands/:id, PATCH} route","service":"juman-backend-node","timestamp":"2026-08-09T08:22:22.509Z"}
{"channel":"application","context":"RouterExplorer","level":"info","message":"Mapped {/brands/:id, DELETE} route","service":"juman-backend-node","timestamp":"2026-08-09T08:22:22.509Z"}
{"channel":"application","context":"RouterExplorer","level":"info","message":"Mapped {/brands/:id/restore, POST} route","service":"juman-backend-node","timestamp":"2026-08-09T08:22:22.510Z"}
{"channel":"application","context":"RoutesResolver","level":"info","message":"ColorsController {/colors}:","service":"juman-backend-node","timestamp":"2026-08-09T08:22:22.510Z"}
{"channel":"application","context":"RouterExplorer","level":"info","message":"Mapped {/colors, GET} route","service":"juman-backend-node","timestamp":"2026-08-09T08:22:22.511Z"}
{"channel":"application","context":"RouterExplorer","level":"info","message":"Mapped {/colors/:id, GET} route","service":"juman-backend-node","timestamp":"2026-08-09T08:22:22.511Z"}
{"channel":"application","context":"RouterExplorer","level":"info","message":"Mapped {/colors, POST} route","service":"juman-backend-node","timestamp":"2026-08-09T08:22:22.511Z"}
{"channel":"application","context":"RouterExplorer","level":"info","message":"Mapped {/colors/:id, PATCH} route","service":"juman-backend-node","timestamp":"2026-08-09T08:22:22.512Z"}
{"channel":"application","context":"RouterExplorer","level":"info","message":"Mapped {/colors/:id, DELETE} route","service":"juman-backend-node","timestamp":"2026-08-09T08:22:22.512Z"}
{"channel":"application","context":"RouterExplorer","level":"info","message":"Mapped {/colors/:id/restore, POST} route","service":"juman-backend-node","timestamp":"2026-08-09T08:22:22.513Z"}
{"channel":"application","context":"RoutesResolver","level":"info","message":"SizesController {/sizes}:","service":"juman-backend-node","timestamp":"2026-08-09T08:22:22.513Z"}
{"channel":"application","context":"RouterExplorer","level":"info","message":"Mapped {/sizes, GET} route","service":"juman-backend-node","timestamp":"2026-08-09T08:22:22.514Z"}
{"channel":"application","context":"RouterExplorer","level":"info","message":"Mapped {/sizes/:id, GET} route","service":"juman-backend-node","timestamp":"2026-08-09T08:22:22.514Z"}
{"channel":"application","context":"RouterExplorer","level":"info","message":"Mapped {/sizes, POST} route","service":"juman-backend-node","timestamp":"2026-08-09T08:22:22.514Z"}
{"channel":"application","context":"RouterExplorer","level":"info","message":"Mapped {/sizes/:id, PATCH} route","service":"juman-backend-node","timestamp":"2026-08-09T08:22:22.515Z"}
{"channel":"application","context":"RouterExplorer","level":"info","message":"Mapped {/sizes/:id, DELETE} route","service":"juman-backend-node","timestamp":"2026-08-09T08:22:22.515Z"}
{"channel":"application","context":"RouterExplorer","level":"info","message":"Mapped {/sizes/:id/restore, POST} route","service":"juman-backend-node","timestamp":"2026-08-09T08:22:22.515Z"}
{"channel":"application","context":"RoutesResolver","level":"info","message":"LifecycleController {/items}:","service":"juman-backend-node","timestamp":"2026-08-09T08:22:22.516Z"}
{"channel":"application","context":"RouterExplorer","level":"info","message":"Mapped {/items/:id/state, GET} route","service":"juman-backend-node","timestamp":"2026-08-09T08:22:22.516Z"}
{"channel":"application","context":"RouterExplorer","level":"info","message":"Mapped {/items/:id/history, GET} route","service":"juman-backend-node","timestamp":"2026-08-09T08:22:22.517Z"}
{"channel":"application","context":"RouterExplorer","level":"info","message":"Mapped {/items/:id/transition, POST} route","service":"juman-backend-node","timestamp":"2026-08-09T08:22:22.517Z"}
{"channel":"application","context":"RoutesResolver","level":"info","message":"ItemsController {/items}:","service":"juman-backend-node","timestamp":"2026-08-09T08:22:22.518Z"}
{"channel":"application","context":"RouterExplorer","level":"info","message":"Mapped {/items, GET} route","service":"juman-backend-node","timestamp":"2026-08-09T08:22:22.518Z"}
{"channel":"application","context":"RouterExplorer","level":"info","message":"Mapped {/items/search, GET} route","service":"juman-backend-node","timestamp":"2026-08-09T08:22:22.518Z"}
{"channel":"application","context":"RouterExplorer","level":"info","message":"Mapped {/items/code/:internalCode, GET} route","service":"juman-backend-node","timestamp":"2026-08-09T08:22:22.519Z"}
{"channel":"application","context":"RouterExplorer","level":"info","message":"Mapped {/items/:id, GET} route","service":"juman-backend-node","timestamp":"2026-08-09T08:22:22.519Z"}
{"channel":"application","context":"RouterExplorer","level":"info","message":"Mapped {/items, POST} route","service":"juman-backend-node","timestamp":"2026-08-09T08:22:22.521Z"}
{"channel":"application","context":"RouterExplorer","level":"info","message":"Mapped {/items/:id, PATCH} route","service":"juman-backend-node","timestamp":"2026-08-09T08:22:22.522Z"}
{"channel":"application","context":"RouterExplorer","level":"info","message":"Mapped {/items/:id, DELETE} route","service":"juman-backend-node","timestamp":"2026-08-09T08:22:22.523Z"}
{"channel":"application","context":"RouterExplorer","level":"info","message":"Mapped {/items/:id/restore, POST} route","service":"juman-backend-node","timestamp":"2026-08-09T08:22:22.524Z"}
{"channel":"application","context":"RouterExplorer","level":"info","message":"Mapped {/items/:id/media, POST} route","service":"juman-backend-node","timestamp":"2026-08-09T08:22:22.524Z"}
{"channel":"application","context":"RoutesResolver","level":"info","message":"AvailabilityController {/availability}:","service":"juman-backend-node","timestamp":"2026-08-09T08:22:22.525Z"}
{"channel":"application","context":"RouterExplorer","level":"info","message":"Mapped {/availability, GET} route","service":"juman-backend-node","timestamp":"2026-08-09T08:22:22.525Z"}
{"channel":"application","context":"RouterExplorer","level":"info","message":"Mapped {/availability/calendar, GET} route","service":"juman-backend-node","timestamp":"2026-08-09T08:22:22.526Z"}
{"channel":"application","context":"RouterExplorer","level":"info","message":"Mapped {/availability/item/:id, GET} route","service":"juman-backend-node","timestamp":"2026-08-09T08:22:22.526Z"}
{"channel":"application","context":"RoutesResolver","level":"info","message":"FinanceController {/finance}:","service":"juman-backend-node","timestamp":"2026-08-09T08:22:22.527Z"}
{"channel":"application","context":"RouterExplorer","level":"info","message":"Mapped {/finance/accounts, GET} route","service":"juman-backend-node","timestamp":"2026-08-09T08:22:22.527Z"}
{"channel":"application","context":"RouterExplorer","level":"info","message":"Mapped {/finance/transactions, GET} route","service":"juman-backend-node","timestamp":"2026-08-09T08:22:22.528Z"}
{"channel":"application","context":"RouterExplorer","level":"info","message":"Mapped {/finance/payments, GET} route","service":"juman-backend-node","timestamp":"2026-08-09T08:22:22.528Z"}
{"channel":"application","context":"RouterExplorer","level":"info","message":"Mapped {/finance/payments, POST} route","service":"juman-backend-node","timestamp":"2026-08-09T08:22:22.528Z"}
{"channel":"application","context":"RouterExplorer","level":"info","message":"Mapped {/finance/outstanding, GET} route","service":"juman-backend-node","timestamp":"2026-08-09T08:22:22.529Z"}
{"channel":"application","context":"RoutesResolver","level":"info","message":"SettlementController {/settlements}:","service":"juman-backend-node","timestamp":"2026-08-09T08:22:22.529Z"}
{"channel":"application","context":"RouterExplorer","level":"info","message":"Mapped {/settlements, GET} route","service":"juman-backend-node","timestamp":"2026-08-09T08:22:22.530Z"}
{"channel":"application","context":"RouterExplorer","level":"info","message":"Mapped {/settlements/:id, GET} route","service":"juman-backend-node","timestamp":"2026-08-09T08:22:22.530Z"}
{"channel":"application","context":"RouterExplorer","level":"info","message":"Mapped {/settlements/:id/payment, POST} route","service":"juman-backend-node","timestamp":"2026-08-09T08:22:22.530Z"}
{"channel":"application","context":"RouterExplorer","level":"info","message":"Mapped {/settlements/:id/refund, POST} route","service":"juman-backend-node","timestamp":"2026-08-09T08:22:22.531Z"}
{"channel":"application","context":"RouterExplorer","level":"info","message":"Mapped {/settlements/:id/adjustment, POST} route","service":"juman-backend-node","timestamp":"2026-08-09T08:22:22.531Z"}
{"channel":"application","context":"RouterExplorer","level":"info","message":"Mapped {/settlements/:id/discount, POST} route","service":"juman-backend-node","timestamp":"2026-08-09T08:22:22.531Z"}
{"channel":"application","context":"RouterExplorer","level":"info","message":"Mapped {/settlements/:id/late-fee, POST} route","service":"juman-backend-node","timestamp":"2026-08-09T08:22:22.531Z"}
{"channel":"application","context":"RouterExplorer","level":"info","message":"Mapped {/settlements/:id/close, POST} route","service":"juman-backend-node","timestamp":"2026-08-09T08:22:22.532Z"}
{"channel":"application","context":"RouterExplorer","level":"info","message":"Mapped {/settlements/:id/cancel, POST} route","service":"juman-backend-node","timestamp":"2026-08-09T08:22:22.532Z"}
{"channel":"application","context":"RoutesResolver","level":"info","message":"RentalsController {/rentals}:","service":"juman-backend-node","timestamp":"2026-08-09T08:22:22.532Z"}
{"channel":"application","context":"RouterExplorer","level":"info","message":"Mapped {/rentals, GET} route","service":"juman-backend-node","timestamp":"2026-08-09T08:22:22.532Z"}
{"channel":"application","context":"RouterExplorer","level":"info","message":"Mapped {/rentals/:id/audit, GET} route","service":"juman-backend-node","timestamp":"2026-08-09T08:22:22.533Z"}
{"channel":"application","context":"RouterExplorer","level":"info","message":"Mapped {/rentals/:id, GET} route","service":"juman-backend-node","timestamp":"2026-08-09T08:22:22.533Z"}
{"channel":"application","context":"RouterExplorer","level":"info","message":"Mapped {/rentals, POST} route","service":"juman-backend-node","timestamp":"2026-08-09T08:22:22.533Z"}
{"channel":"application","context":"RouterExplorer","level":"info","message":"Mapped {/rentals/:id/notes, POST} route","service":"juman-backend-node","timestamp":"2026-08-09T08:22:22.533Z"}
{"channel":"application","context":"RouterExplorer","level":"info","message":"Mapped {/rentals/:id, PATCH} route","service":"juman-backend-node","timestamp":"2026-08-09T08:22:22.534Z"}
{"channel":"application","context":"RouterExplorer","level":"info","message":"Mapped {/rentals/:id/checkout, POST} route","service":"juman-backend-node","timestamp":"2026-08-09T08:22:22.534Z"}
{"channel":"application","context":"RouterExplorer","level":"info","message":"Mapped {/rentals/:id/return, POST} route","service":"juman-backend-node","timestamp":"2026-08-09T08:22:22.534Z"}
{"channel":"application","context":"RouterExplorer","level":"info","message":"Mapped {/rentals/:id/complete, POST} route","service":"juman-backend-node","timestamp":"2026-08-09T08:22:22.534Z"}
{"channel":"application","context":"RouterExplorer","level":"info","message":"Mapped {/rentals/:id/cancel, POST} route","service":"juman-backend-node","timestamp":"2026-08-09T08:22:22.535Z"}
{"channel":"application","context":"RoutesResolver","level":"info","message":"ReservationsController {/reservations}:","service":"juman-backend-node","timestamp":"2026-08-09T08:22:22.535Z"}
{"channel":"application","context":"RouterExplorer","level":"info","message":"Mapped {/reservations, GET} route","service":"juman-backend-node","timestamp":"2026-08-09T08:22:22.535Z"}
{"channel":"application","context":"RouterExplorer","level":"info","message":"Mapped {/reservations/:id, GET} route","service":"juman-backend-node","timestamp":"2026-08-09T08:22:22.536Z"}
{"channel":"application","context":"RouterExplorer","level":"info","message":"Mapped {/reservations, POST} route","service":"juman-backend-node","timestamp":"2026-08-09T08:22:22.536Z"}
{"channel":"application","context":"RouterExplorer","level":"info","message":"Mapped {/reservations/:id/checkout, POST} route","service":"juman-backend-node","timestamp":"2026-08-09T08:22:22.536Z"}
{"channel":"application","context":"RouterExplorer","level":"info","message":"Mapped {/reservations/:id/cancel, POST} route","service":"juman-backend-node","timestamp":"2026-08-09T08:22:22.537Z"}
{"channel":"application","context":"RouterExplorer","level":"info","message":"Mapped {/reservations/:id/expire, POST} route","service":"juman-backend-node","timestamp":"2026-08-09T08:22:22.537Z"}
{"channel":"application","context":"RoutesResolver","level":"info","message":"SalesController {/sales}:","service":"juman-backend-node","timestamp":"2026-08-09T08:22:22.538Z"}
{"channel":"application","context":"RouterExplorer","level":"info","message":"Mapped {/sales, GET} route","service":"juman-backend-node","timestamp":"2026-08-09T08:22:22.539Z"}
{"channel":"application","context":"RouterExplorer","level":"info","message":"Mapped {/sales/:id/history, GET} route","service":"juman-backend-node","timestamp":"2026-08-09T08:22:22.539Z"}
{"channel":"application","context":"RouterExplorer","level":"info","message":"Mapped {/sales/:id, GET} route","service":"juman-backend-node","timestamp":"2026-08-09T08:22:22.540Z"}
{"channel":"application","context":"RouterExplorer","level":"info","message":"Mapped {/sales, POST} route","service":"juman-backend-node","timestamp":"2026-08-09T08:22:22.540Z"}
{"channel":"application","context":"RouterExplorer","level":"info","message":"Mapped {/sales/:id/confirm, POST} route","service":"juman-backend-node","timestamp":"2026-08-09T08:22:22.541Z"}
{"channel":"application","context":"RouterExplorer","level":"info","message":"Mapped {/sales/:id/payment, POST} route","service":"juman-backend-node","timestamp":"2026-08-09T08:22:22.541Z"}
{"channel":"application","context":"RouterExplorer","level":"info","message":"Mapped {/sales/:id/complete, POST} route","service":"juman-backend-node","timestamp":"2026-08-09T08:22:22.542Z"}
{"channel":"application","context":"RouterExplorer","level":"info","message":"Mapped {/sales/:id/cancel, POST} route","service":"juman-backend-node","timestamp":"2026-08-09T08:22:22.542Z"}
{"channel":"application","context":"RoutesResolver","level":"info","message":"ReportsController {/reports}:","service":"juman-backend-node","timestamp":"2026-08-09T08:22:22.543Z"}
{"channel":"application","context":"RouterExplorer","level":"info","message":"Mapped {/reports/dashboard, GET} route","service":"juman-backend-node","timestamp":"2026-08-09T08:22:22.544Z"}
{"channel":"application","context":"RouterExplorer","level":"info","message":"Mapped {/reports/financial, GET} route","service":"juman-backend-node","timestamp":"2026-08-09T08:22:22.544Z"}
{"channel":"application","context":"RouterExplorer","level":"info","message":"Mapped {/reports/rentals/current, GET} route","service":"juman-backend-node","timestamp":"2026-08-09T08:22:22.544Z"}
{"channel":"application","context":"RouterExplorer","level":"info","message":"Mapped {/reports/rentals/overdue, GET} route","service":"juman-backend-node","timestamp":"2026-08-09T08:22:22.545Z"}
{"channel":"application","context":"RouterExplorer","level":"info","message":"Mapped {/reports/rentals/returns, GET} route","service":"juman-backend-node","timestamp":"2026-08-09T08:22:22.546Z"}
{"channel":"application","context":"RouterExplorer","level":"info","message":"Mapped {/reports/rentals/reservations, GET} route","service":"juman-backend-node","timestamp":"2026-08-09T08:22:22.546Z"}
{"channel":"application","context":"RouterExplorer","level":"info","message":"Mapped {/reports/rentals/history, GET} route","service":"juman-backend-node","timestamp":"2026-08-09T08:22:22.546Z"}
{"channel":"application","context":"RouterExplorer","level":"info","message":"Mapped {/reports/inventory/value, GET} route","service":"juman-backend-node","timestamp":"2026-08-09T08:22:22.547Z"}
{"channel":"application","context":"RouterExplorer","level":"info","message":"Mapped {/reports/inventory/availability, GET} route","service":"juman-backend-node","timestamp":"2026-08-09T08:22:22.547Z"}
{"channel":"application","context":"RouterExplorer","level":"info","message":"Mapped {/reports/inventory/category, GET} route","service":"juman-backend-node","timestamp":"2026-08-09T08:22:22.547Z"}
{"channel":"application","context":"RouterExplorer","level":"info","message":"Mapped {/reports/inventory/brand, GET} route","service":"juman-backend-node","timestamp":"2026-08-09T08:22:22.548Z"}
{"channel":"application","context":"RouterExplorer","level":"info","message":"Mapped {/reports/inventory/color, GET} route","service":"juman-backend-node","timestamp":"2026-08-09T08:22:22.548Z"}
{"channel":"application","context":"RouterExplorer","level":"info","message":"Mapped {/reports/inventory/size, GET} route","service":"juman-backend-node","timestamp":"2026-08-09T08:22:22.548Z"}
{"channel":"application","context":"RouterExplorer","level":"info","message":"Mapped {/reports/inventory/lifecycle, GET} route","service":"juman-backend-node","timestamp":"2026-08-09T08:22:22.549Z"}
{"channel":"application","context":"RouterExplorer","level":"info","message":"Mapped {/reports/inventory/retired, GET} route","service":"juman-backend-node","timestamp":"2026-08-09T08:22:22.549Z"}
{"channel":"application","context":"RouterExplorer","level":"info","message":"Mapped {/reports/inventory/maintenance, GET} route","service":"juman-backend-node","timestamp":"2026-08-09T08:22:22.549Z"}
{"channel":"application","context":"RouterExplorer","level":"info","message":"Mapped {/reports/customers/:id/rentals, GET} route","service":"juman-backend-node","timestamp":"2026-08-09T08:22:22.550Z"}
{"channel":"application","context":"RouterExplorer","level":"info","message":"Mapped {/reports/customers/:id/outstanding, GET} route","service":"juman-backend-node","timestamp":"2026-08-09T08:22:22.550Z"}
{"channel":"application","context":"RouterExplorer","level":"info","message":"Mapped {/reports/customers/:id/payments, GET} route","service":"juman-backend-node","timestamp":"2026-08-09T08:22:22.551Z"}
{"channel":"application","context":"RouterExplorer","level":"info","message":"Mapped {/reports/customers/:id/reservations, GET} route","service":"juman-backend-node","timestamp":"2026-08-09T08:22:22.551Z"}
{"channel":"application","context":"RouterExplorer","level":"info","message":"Mapped {/reports/export, GET} route","service":"juman-backend-node","timestamp":"2026-08-09T08:22:22.551Z"}
{"channel":"application","context":"RoutesResolver","level":"info","message":"HealthController {/health}:","service":"juman-backend-node","timestamp":"2026-08-09T08:22:22.552Z"}
{"channel":"application","context":"RouterExplorer","level":"info","message":"Mapped {/health, GET} route","service":"juman-backend-node","timestamp":"2026-08-09T08:22:22.552Z"}
{"channel":"application","context":"NestApplication","level":"info","message":"Nest application successfully started","service":"juman-backend-node","timestamp":"2026-08-09T08:22:22.552Z"}
{"channel":"startup","context":"Startup","level":"info","message":"Listening on http://127.0.0.1:8787","service":"juman-backend-node","timestamp":"2026-08-09T08:22:22.555Z"}
{"channel":"startup","context":"Startup","level":"info","message":"GET /health ready","service":"juman-backend-node","timestamp":"2026-08-09T08:22:22.557Z"}
{"channel":"startup","context":"Startup","dataDir":"C:\\Users\\moham\\Desktop\\juman","envCreated":false,"envFile":"C:\\Users\\moham\\Desktop\\juman\\config\\juman.env","environment":"development","host":"127.0.0.1","level":"info","message":"Juman Backend V2 starting","migrations":"applied","port":8787,"service":"juman-backend-node","timestamp":"2026-08-09T08:22:43.014Z","version":"2.0.0"}
{"channel":"startup","context":"Startup","level":"info","message":"SQLite PRAGMAs applied (foreign_keys, WAL, busy_timeout)","service":"juman-backend-node","timestamp":"2026-08-09T08:22:43.092Z"}
{"channel":"startup","context":"Startup","level":"info","message":"Prisma connected to SQLite","service":"juman-backend-node","timestamp":"2026-08-09T08:22:43.094Z"}
{"channel":"startup","context":"Startup","count":27,"level":"info","message":"App settings ensured","service":"juman-backend-node","timestamp":"2026-08-09T08:22:43.223Z"}
{"channel":"startup","context":"Startup","count":105,"level":"info","message":"RBAC permissions ensured","service":"juman-backend-node","timestamp":"2026-08-09T08:22:43.509Z"}
{"channel":"startup","context":"Startup","count":105,"level":"info","message":"RBAC permissions ensured","service":"juman-backend-node","timestamp":"2026-08-09T08:22:43.766Z"}
{"channel":"startup","context":"Startup","count":4,"level":"info","message":"RBAC system roles ensured","service":"juman-backend-node","timestamp":"2026-08-09T08:22:44.090Z"}
{"channel":"startup","context":"Startup","level":"info","message":"Administrator user already present","service":"juman-backend-node","timestamp":"2026-08-09T08:22:44.096Z","username":"admin"}
{"categories":3,"channel":"startup","context":"Startup","level":"info","message":"Demo seed skipped (categories already present)","service":"juman-backend-node","timestamp":"2026-08-09T08:22:44.099Z"}
{"channel":"startup","context":"Startup","customerId":"45c43439-599c-459d-85d9-5ad83caded3a","customerNumber":"WALK-IN","level":"info","message":"Walk-in customer ready","service":"juman-backend-node","timestamp":"2026-08-09T08:22:44.107Z"}
{"channel":"application","context":"NestFactory","level":"info","message":"Starting Nest application...","service":"juman-backend-node","timestamp":"2026-08-09T08:22:44.143Z"}
{"channel":"application","context":"InstanceLoader","level":"info","message":"LoggerModule dependencies initialized","service":"juman-backend-node","timestamp":"2026-08-09T08:22:44.144Z"}
{"channel":"application","context":"InstanceLoader","level":"info","message":"PassportModule dependencies initialized","service":"juman-backend-node","timestamp":"2026-08-09T08:22:44.145Z"}
{"channel":"application","context":"InstanceLoader","level":"info","message":"ConfigHostModule dependencies initialized","service":"juman-backend-node","timestamp":"2026-08-09T08:22:44.146Z"}
{"channel":"application","context":"InstanceLoader","level":"info","message":"ConfigModule dependencies initialized","service":"juman-backend-node","timestamp":"2026-08-09T08:22:44.146Z"}
{"channel":"application","context":"InstanceLoader","level":"info","message":"ConfigModule dependencies initialized","service":"juman-backend-node","timestamp":"2026-08-09T08:22:44.147Z"}
{"channel":"application","context":"InstanceLoader","level":"info","message":"PrismaModule dependencies initialized","service":"juman-backend-node","timestamp":"2026-08-09T08:22:44.147Z"}
{"channel":"application","context":"InstanceLoader","level":"info","message":"JwtModule dependencies initialized","service":"juman-backend-node","timestamp":"2026-08-09T08:22:44.148Z"}
{"channel":"application","context":"InstanceLoader","level":"info","message":"SettingsModule dependencies initialized","service":"juman-backend-node","timestamp":"2026-08-09T08:22:44.148Z"}
{"channel":"application","context":"InstanceLoader","level":"info","message":"AuditModule dependencies initialized","service":"juman-backend-node","timestamp":"2026-08-09T08:22:44.149Z"}
{"channel":"application","context":"InstanceLoader","level":"info","message":"SecurityModule dependencies initialized","service":"juman-backend-node","timestamp":"2026-08-09T08:22:44.150Z"}
{"channel":"application","context":"InstanceLoader","level":"info","message":"HealthModule dependencies initialized","service":"juman-backend-node","timestamp":"2026-08-09T08:22:44.150Z"}
{"channel":"application","context":"InstanceLoader","level":"info","message":"PermissionsModule dependencies initialized","service":"juman-backend-node","timestamp":"2026-08-09T08:22:44.150Z"}
{"channel":"application","context":"InstanceLoader","level":"info","message":"RolesModule dependencies initialized","service":"juman-backend-node","timestamp":"2026-08-09T08:22:44.151Z"}
{"channel":"application","context":"InstanceLoader","level":"info","message":"AppModule dependencies initialized","service":"juman-backend-node","timestamp":"2026-08-09T08:22:44.152Z"}
{"channel":"application","context":"InstanceLoader","level":"info","message":"AvailabilityModule dependencies initialized","service":"juman-backend-node","timestamp":"2026-08-09T08:22:44.152Z"}
{"channel":"application","context":"InstanceLoader","level":"info","message":"ReportsModule dependencies initialized","service":"juman-backend-node","timestamp":"2026-08-09T08:22:44.153Z"}
{"channel":"application","context":"InstanceLoader","level":"info","message":"MediaModule dependencies initialized","service":"juman-backend-node","timestamp":"2026-08-09T08:22:44.154Z"}
{"channel":"application","context":"InstanceLoader","level":"info","message":"BarcodeModule dependencies initialized","service":"juman-backend-node","timestamp":"2026-08-09T08:22:44.155Z"}
{"channel":"application","context":"InstanceLoader","level":"info","message":"CustomersModule dependencies initialized","service":"juman-backend-node","timestamp":"2026-08-09T08:22:44.157Z"}
{"channel":"application","context":"InstanceLoader","level":"info","message":"UsersModule dependencies initialized","service":"juman-backend-node","timestamp":"2026-08-09T08:22:44.158Z"}
{"channel":"application","context":"InstanceLoader","level":"info","message":"AuthModule dependencies initialized","service":"juman-backend-node","timestamp":"2026-08-09T08:22:44.159Z"}
{"channel":"application","context":"InstanceLoader","level":"info","message":"InventoryModule dependencies initialized","service":"juman-backend-node","timestamp":"2026-08-09T08:22:44.159Z"}
{"channel":"application","context":"InstanceLoader","level":"info","message":"FinanceModule dependencies initialized","service":"juman-backend-node","timestamp":"2026-08-09T08:22:44.160Z"}
{"channel":"application","context":"InstanceLoader","level":"info","message":"RentalsModule dependencies initialized","service":"juman-backend-node","timestamp":"2026-08-09T08:22:44.160Z"}
{"channel":"application","context":"InstanceLoader","level":"info","message":"SalesModule dependencies initialized","service":"juman-backend-node","timestamp":"2026-08-09T08:22:44.161Z"}
{"channel":"application","context":"InstanceLoader","level":"info","message":"ReservationsModule dependencies initialized","service":"juman-backend-node","timestamp":"2026-08-09T08:22:44.162Z"}
{"channel":"application","context":"RoutesResolver","level":"info","message":"MediaController {/media}:","service":"juman-backend-node","timestamp":"2026-08-09T08:22:44.162Z"}
{"channel":"application","context":"RouterExplorer","level":"info","message":"Mapped {/media, GET} route","service":"juman-backend-node","timestamp":"2026-08-09T08:22:44.163Z"}
{"channel":"application","context":"RouterExplorer","level":"info","message":"Mapped {/media/:id, GET} route","service":"juman-backend-node","timestamp":"2026-08-09T08:22:44.163Z"}
{"channel":"application","context":"RouterExplorer","level":"info","message":"Mapped {/media/:id/integrity, GET} route","service":"juman-backend-node","timestamp":"2026-08-09T08:22:44.164Z"}
{"channel":"application","context":"RouterExplorer","level":"info","message":"Mapped {/media, POST} route","service":"juman-backend-node","timestamp":"2026-08-09T08:22:44.164Z"}
{"channel":"application","context":"RouterExplorer","level":"info","message":"Mapped {/media/:id, DELETE} route","service":"juman-backend-node","timestamp":"2026-08-09T08:22:44.165Z"}
{"channel":"application","context":"RouterExplorer","level":"info","message":"Mapped {/media/:id/restore, POST} route","service":"juman-backend-node","timestamp":"2026-08-09T08:22:44.165Z"}
{"channel":"application","context":"RoutesResolver","level":"info","message":"BarcodeController {/barcodes}:","service":"juman-backend-node","timestamp":"2026-08-09T08:22:44.166Z"}
{"channel":"application","context":"RouterExplorer","level":"info","message":"Mapped {/barcodes, GET} route","service":"juman-backend-node","timestamp":"2026-08-09T08:22:44.166Z"}
{"channel":"application","context":"RouterExplorer","level":"info","message":"Mapped {/barcodes/:id, GET} route","service":"juman-backend-node","timestamp":"2026-08-09T08:22:44.167Z"}
{"channel":"application","context":"RouterExplorer","level":"info","message":"Mapped {/barcodes/generate, POST} route","service":"juman-backend-node","timestamp":"2026-08-09T08:22:44.167Z"}
{"channel":"application","context":"RouterExplorer","level":"info","message":"Mapped {/barcodes/validate, POST} route","service":"juman-backend-node","timestamp":"2026-08-09T08:22:44.168Z"}
{"channel":"application","context":"RouterExplorer","level":"info","message":"Mapped {/barcodes/reserve, POST} route","service":"juman-backend-node","timestamp":"2026-08-09T08:22:44.168Z"}
{"channel":"application","context":"RouterExplorer","level":"info","message":"Mapped {/barcodes/release, POST} route","service":"juman-backend-node","timestamp":"2026-08-09T08:22:44.169Z"}
{"channel":"application","context":"RouterExplorer","level":"info","message":"Mapped {/barcodes/retire, POST} route","service":"juman-backend-node","timestamp":"2026-08-09T08:22:44.169Z"}
{"channel":"application","context":"RoutesResolver","level":"info","message":"PermissionsController {/permissions}:","service":"juman-backend-node","timestamp":"2026-08-09T08:22:44.170Z"}
{"channel":"application","context":"RouterExplorer","level":"info","message":"Mapped {/permissions, GET} route","service":"juman-backend-node","timestamp":"2026-08-09T08:22:44.171Z"}
{"channel":"application","context":"RoutesResolver","level":"info","message":"RolesController {/roles}:","service":"juman-backend-node","timestamp":"2026-08-09T08:22:44.171Z"}
{"channel":"application","context":"RouterExplorer","level":"info","message":"Mapped {/roles, GET} route","service":"juman-backend-node","timestamp":"2026-08-09T08:22:44.172Z"}
{"channel":"application","context":"RoutesResolver","level":"info","message":"UsersController {/users}:","service":"juman-backend-node","timestamp":"2026-08-09T08:22:44.173Z"}
{"channel":"application","context":"RouterExplorer","level":"info","message":"Mapped {/users, GET} route","service":"juman-backend-node","timestamp":"2026-08-09T08:22:44.174Z"}
{"channel":"application","context":"RouterExplorer","level":"info","message":"Mapped {/users/:id, GET} route","service":"juman-backend-node","timestamp":"2026-08-09T08:22:44.175Z"}
{"channel":"application","context":"RouterExplorer","level":"info","message":"Mapped {/users, POST} route","service":"juman-backend-node","timestamp":"2026-08-09T08:22:44.175Z"}
{"channel":"application","context":"RouterExplorer","level":"info","message":"Mapped {/users/:id, PATCH} route","service":"juman-backend-node","timestamp":"2026-08-09T08:22:44.176Z"}
{"channel":"application","context":"RouterExplorer","level":"info","message":"Mapped {/users/:id/deactivate, POST} route","service":"juman-backend-node","timestamp":"2026-08-09T08:22:44.177Z"}
{"channel":"application","context":"RouterExplorer","level":"info","message":"Mapped {/users/:id/activate, POST} route","service":"juman-backend-node","timestamp":"2026-08-09T08:22:44.177Z"}
{"channel":"application","context":"RouterExplorer","level":"info","message":"Mapped {/users/:id/unlock, POST} route","service":"juman-backend-node","timestamp":"2026-08-09T08:22:44.178Z"}
{"channel":"application","context":"RouterExplorer","level":"info","message":"Mapped {/users/:id/reset-password, POST} route","service":"juman-backend-node","timestamp":"2026-08-09T08:22:44.178Z"}
{"channel":"application","context":"RouterExplorer","level":"info","message":"Mapped {/users/:id, DELETE} route","service":"juman-backend-node","timestamp":"2026-08-09T08:22:44.179Z"}
{"channel":"application","context":"RouterExplorer","level":"info","message":"Mapped {/users/:id/restore, POST} route","service":"juman-backend-node","timestamp":"2026-08-09T08:22:44.179Z"}
{"channel":"application","context":"RoutesResolver","level":"info","message":"AuthController {/auth}:","service":"juman-backend-node","timestamp":"2026-08-09T08:22:44.180Z"}
{"channel":"application","context":"RouterExplorer","level":"info","message":"Mapped {/auth/login, POST} route","service":"juman-backend-node","timestamp":"2026-08-09T08:22:44.180Z"}
{"channel":"application","context":"RouterExplorer","level":"info","message":"Mapped {/auth/logout, POST} route","service":"juman-backend-node","timestamp":"2026-08-09T08:22:44.181Z"}
{"channel":"application","context":"RouterExplorer","level":"info","message":"Mapped {/auth/change-password, POST} route","service":"juman-backend-node","timestamp":"2026-08-09T08:22:44.181Z"}
{"channel":"application","context":"RouterExplorer","level":"info","message":"Mapped {/auth/admin/unlock, POST} route","service":"juman-backend-node","timestamp":"2026-08-09T08:22:44.182Z"}
{"channel":"application","context":"RouterExplorer","level":"info","message":"Mapped {/auth/session, GET} route","service":"juman-backend-node","timestamp":"2026-08-09T08:22:44.182Z"}
{"channel":"application","context":"RouterExplorer","level":"info","message":"Mapped {/auth/me, GET} route","service":"juman-backend-node","timestamp":"2026-08-09T08:22:44.183Z"}
{"channel":"application","context":"RoutesResolver","level":"info","message":"CustomersController {/customers}:","service":"juman-backend-node","timestamp":"2026-08-09T08:22:44.183Z"}
{"channel":"application","context":"RouterExplorer","level":"info","message":"Mapped {/customers, GET} route","service":"juman-backend-node","timestamp":"2026-08-09T08:22:44.183Z"}
{"channel":"application","context":"RouterExplorer","level":"info","message":"Mapped {/customers/search, GET} route","service":"juman-backend-node","timestamp":"2026-08-09T08:22:44.184Z"}
{"channel":"application","context":"RouterExplorer","level":"info","message":"Mapped {/customers/number/:customerNumber, GET} route","service":"juman-backend-node","timestamp":"2026-08-09T08:22:44.184Z"}
{"channel":"application","context":"RouterExplorer","level":"info","message":"Mapped {/customers/:id, GET} route","service":"juman-backend-node","timestamp":"2026-08-09T08:22:44.185Z"}
{"channel":"application","context":"RouterExplorer","level":"info","message":"Mapped {/customers, POST} route","service":"juman-backend-node","timestamp":"2026-08-09T08:22:44.185Z"}
{"channel":"application","context":"RouterExplorer","level":"info","message":"Mapped {/customers/:id, PATCH} route","service":"juman-backend-node","timestamp":"2026-08-09T08:22:44.186Z"}
{"channel":"application","context":"RouterExplorer","level":"info","message":"Mapped {/customers/:id, DELETE} route","service":"juman-backend-node","timestamp":"2026-08-09T08:22:44.187Z"}
{"channel":"application","context":"RouterExplorer","level":"info","message":"Mapped {/customers/:id/restore, POST} route","service":"juman-backend-node","timestamp":"2026-08-09T08:22:44.188Z"}
{"channel":"application","context":"RoutesResolver","level":"info","message":"CategoriesController {/categories}:","service":"juman-backend-node","timestamp":"2026-08-09T08:22:44.190Z"}
{"channel":"application","context":"RouterExplorer","level":"info","message":"Mapped {/categories, GET} route","service":"juman-backend-node","timestamp":"2026-08-09T08:22:44.192Z"}
{"channel":"application","context":"RouterExplorer","level":"info","message":"Mapped {/categories/:id, GET} route","service":"juman-backend-node","timestamp":"2026-08-09T08:22:44.192Z"}
{"channel":"application","context":"RouterExplorer","level":"info","message":"Mapped {/categories, POST} route","service":"juman-backend-node","timestamp":"2026-08-09T08:22:44.193Z"}
{"channel":"application","context":"RouterExplorer","level":"info","message":"Mapped {/categories/:id, PATCH} route","service":"juman-backend-node","timestamp":"2026-08-09T08:22:44.194Z"}
{"channel":"application","context":"RouterExplorer","level":"info","message":"Mapped {/categories/:id, DELETE} route","service":"juman-backend-node","timestamp":"2026-08-09T08:22:44.194Z"}
{"channel":"application","context":"RouterExplorer","level":"info","message":"Mapped {/categories/:id/restore, POST} route","service":"juman-backend-node","timestamp":"2026-08-09T08:22:44.195Z"}
{"channel":"application","context":"RoutesResolver","level":"info","message":"BrandsController {/brands}:","service":"juman-backend-node","timestamp":"2026-08-09T08:22:44.195Z"}
{"channel":"application","context":"RouterExplorer","level":"info","message":"Mapped {/brands, GET} route","service":"juman-backend-node","timestamp":"2026-08-09T08:22:44.195Z"}
{"channel":"application","context":"RouterExplorer","level":"info","message":"Mapped {/brands/:id, GET} route","service":"juman-backend-node","timestamp":"2026-08-09T08:22:44.196Z"}
{"channel":"application","context":"RouterExplorer","level":"info","message":"Mapped {/brands, POST} route","service":"juman-backend-node","timestamp":"2026-08-09T08:22:44.196Z"}
{"channel":"application","context":"RouterExplorer","level":"info","message":"Mapped {/brands/:id, PATCH} route","service":"juman-backend-node","timestamp":"2026-08-09T08:22:44.196Z"}
{"channel":"application","context":"RouterExplorer","level":"info","message":"Mapped {/brands/:id, DELETE} route","service":"juman-backend-node","timestamp":"2026-08-09T08:22:44.197Z"}
{"channel":"application","context":"RouterExplorer","level":"info","message":"Mapped {/brands/:id/restore, POST} route","service":"juman-backend-node","timestamp":"2026-08-09T08:22:44.197Z"}
{"channel":"application","context":"RoutesResolver","level":"info","message":"ColorsController {/colors}:","service":"juman-backend-node","timestamp":"2026-08-09T08:22:44.198Z"}
{"channel":"application","context":"RouterExplorer","level":"info","message":"Mapped {/colors, GET} route","service":"juman-backend-node","timestamp":"2026-08-09T08:22:44.198Z"}
{"channel":"application","context":"RouterExplorer","level":"info","message":"Mapped {/colors/:id, GET} route","service":"juman-backend-node","timestamp":"2026-08-09T08:22:44.198Z"}
{"channel":"application","context":"RouterExplorer","level":"info","message":"Mapped {/colors, POST} route","service":"juman-backend-node","timestamp":"2026-08-09T08:22:44.199Z"}
{"channel":"application","context":"RouterExplorer","level":"info","message":"Mapped {/colors/:id, PATCH} route","service":"juman-backend-node","timestamp":"2026-08-09T08:22:44.199Z"}
{"channel":"application","context":"RouterExplorer","level":"info","message":"Mapped {/colors/:id, DELETE} route","service":"juman-backend-node","timestamp":"2026-08-09T08:22:44.199Z"}
{"channel":"application","context":"RouterExplorer","level":"info","message":"Mapped {/colors/:id/restore, POST} route","service":"juman-backend-node","timestamp":"2026-08-09T08:22:44.200Z"}
{"channel":"application","context":"RoutesResolver","level":"info","message":"SizesController {/sizes}:","service":"juman-backend-node","timestamp":"2026-08-09T08:22:44.200Z"}
{"channel":"application","context":"RouterExplorer","level":"info","message":"Mapped {/sizes, GET} route","service":"juman-backend-node","timestamp":"2026-08-09T08:22:44.201Z"}
{"channel":"application","context":"RouterExplorer","level":"info","message":"Mapped {/sizes/:id, GET} route","service":"juman-backend-node","timestamp":"2026-08-09T08:22:44.201Z"}
{"channel":"application","context":"RouterExplorer","level":"info","message":"Mapped {/sizes, POST} route","service":"juman-backend-node","timestamp":"2026-08-09T08:22:44.201Z"}
{"channel":"application","context":"RouterExplorer","level":"info","message":"Mapped {/sizes/:id, PATCH} route","service":"juman-backend-node","timestamp":"2026-08-09T08:22:44.202Z"}
{"channel":"application","context":"RouterExplorer","level":"info","message":"Mapped {/sizes/:id, DELETE} route","service":"juman-backend-node","timestamp":"2026-08-09T08:22:44.202Z"}
{"channel":"application","context":"RouterExplorer","level":"info","message":"Mapped {/sizes/:id/restore, POST} route","service":"juman-backend-node","timestamp":"2026-08-09T08:22:44.202Z"}
{"channel":"application","context":"RoutesResolver","level":"info","message":"LifecycleController {/items}:","service":"juman-backend-node","timestamp":"2026-08-09T08:22:44.203Z"}
{"channel":"application","context":"RouterExplorer","level":"info","message":"Mapped {/items/:id/state, GET} route","service":"juman-backend-node","timestamp":"2026-08-09T08:22:44.203Z"}
{"channel":"application","context":"RouterExplorer","level":"info","message":"Mapped {/items/:id/history, GET} route","service":"juman-backend-node","timestamp":"2026-08-09T08:22:44.204Z"}
{"channel":"application","context":"RouterExplorer","level":"info","message":"Mapped {/items/:id/transition, POST} route","service":"juman-backend-node","timestamp":"2026-08-09T08:22:44.205Z"}
{"channel":"application","context":"RoutesResolver","level":"info","message":"ItemsController {/items}:","service":"juman-backend-node","timestamp":"2026-08-09T08:22:44.206Z"}
{"channel":"application","context":"RouterExplorer","level":"info","message":"Mapped {/items, GET} route","service":"juman-backend-node","timestamp":"2026-08-09T08:22:44.207Z"}
{"channel":"application","context":"RouterExplorer","level":"info","message":"Mapped {/items/search, GET} route","service":"juman-backend-node","timestamp":"2026-08-09T08:22:44.208Z"}
{"channel":"application","context":"RouterExplorer","level":"info","message":"Mapped {/items/code/:internalCode, GET} route","service":"juman-backend-node","timestamp":"2026-08-09T08:22:44.208Z"}
{"channel":"application","context":"RouterExplorer","level":"info","message":"Mapped {/items/:id, GET} route","service":"juman-backend-node","timestamp":"2026-08-09T08:22:44.209Z"}
{"channel":"application","context":"RouterExplorer","level":"info","message":"Mapped {/items, POST} route","service":"juman-backend-node","timestamp":"2026-08-09T08:22:44.209Z"}
{"channel":"application","context":"RouterExplorer","level":"info","message":"Mapped {/items/:id, PATCH} route","service":"juman-backend-node","timestamp":"2026-08-09T08:22:44.209Z"}
{"channel":"application","context":"RouterExplorer","level":"info","message":"Mapped {/items/:id, DELETE} route","service":"juman-backend-node","timestamp":"2026-08-09T08:22:44.210Z"}
{"channel":"application","context":"RouterExplorer","level":"info","message":"Mapped {/items/:id/restore, POST} route","service":"juman-backend-node","timestamp":"2026-08-09T08:22:44.210Z"}
{"channel":"application","context":"RouterExplorer","level":"info","message":"Mapped {/items/:id/media, POST} route","service":"juman-backend-node","timestamp":"2026-08-09T08:22:44.210Z"}
{"channel":"application","context":"RoutesResolver","level":"info","message":"AvailabilityController {/availability}:","service":"juman-backend-node","timestamp":"2026-08-09T08:22:44.211Z"}
{"channel":"application","context":"RouterExplorer","level":"info","message":"Mapped {/availability, GET} route","service":"juman-backend-node","timestamp":"2026-08-09T08:22:44.211Z"}
{"channel":"application","context":"RouterExplorer","level":"info","message":"Mapped {/availability/calendar, GET} route","service":"juman-backend-node","timestamp":"2026-08-09T08:22:44.211Z"}
{"channel":"application","context":"RouterExplorer","level":"info","message":"Mapped {/availability/item/:id, GET} route","service":"juman-backend-node","timestamp":"2026-08-09T08:22:44.212Z"}
{"channel":"application","context":"RoutesResolver","level":"info","message":"FinanceController {/finance}:","service":"juman-backend-node","timestamp":"2026-08-09T08:22:44.212Z"}
{"channel":"application","context":"RouterExplorer","level":"info","message":"Mapped {/finance/accounts, GET} route","service":"juman-backend-node","timestamp":"2026-08-09T08:22:44.213Z"}
{"channel":"application","context":"RouterExplorer","level":"info","message":"Mapped {/finance/transactions, GET} route","service":"juman-backend-node","timestamp":"2026-08-09T08:22:44.213Z"}
{"channel":"application","context":"RouterExplorer","level":"info","message":"Mapped {/finance/payments, GET} route","service":"juman-backend-node","timestamp":"2026-08-09T08:22:44.213Z"}
{"channel":"application","context":"RouterExplorer","level":"info","message":"Mapped {/finance/payments, POST} route","service":"juman-backend-node","timestamp":"2026-08-09T08:22:44.214Z"}
{"channel":"application","context":"RouterExplorer","level":"info","message":"Mapped {/finance/outstanding, GET} route","service":"juman-backend-node","timestamp":"2026-08-09T08:22:44.214Z"}
{"channel":"application","context":"RoutesResolver","level":"info","message":"SettlementController {/settlements}:","service":"juman-backend-node","timestamp":"2026-08-09T08:22:44.215Z"}
{"channel":"application","context":"RouterExplorer","level":"info","message":"Mapped {/settlements, GET} route","service":"juman-backend-node","timestamp":"2026-08-09T08:22:44.215Z"}
{"channel":"application","context":"RouterExplorer","level":"info","message":"Mapped {/settlements/:id, GET} route","service":"juman-backend-node","timestamp":"2026-08-09T08:22:44.215Z"}
{"channel":"application","context":"RouterExplorer","level":"info","message":"Mapped {/settlements/:id/payment, POST} route","service":"juman-backend-node","timestamp":"2026-08-09T08:22:44.215Z"}
{"channel":"application","context":"RouterExplorer","level":"info","message":"Mapped {/settlements/:id/refund, POST} route","service":"juman-backend-node","timestamp":"2026-08-09T08:22:44.216Z"}
{"channel":"application","context":"RouterExplorer","level":"info","message":"Mapped {/settlements/:id/adjustment, POST} route","service":"juman-backend-node","timestamp":"2026-08-09T08:22:44.216Z"}
{"channel":"application","context":"RouterExplorer","level":"info","message":"Mapped {/settlements/:id/discount, POST} route","service":"juman-backend-node","timestamp":"2026-08-09T08:22:44.216Z"}
{"channel":"application","context":"RouterExplorer","level":"info","message":"Mapped {/settlements/:id/late-fee, POST} route","service":"juman-backend-node","timestamp":"2026-08-09T08:22:44.217Z"}
{"channel":"application","context":"RouterExplorer","level":"info","message":"Mapped {/settlements/:id/close, POST} route","service":"juman-backend-node","timestamp":"2026-08-09T08:22:44.217Z"}
{"channel":"application","context":"RouterExplorer","level":"info","message":"Mapped {/settlements/:id/cancel, POST} route","service":"juman-backend-node","timestamp":"2026-08-09T08:22:44.217Z"}
{"channel":"application","context":"RoutesResolver","level":"info","message":"RentalsController {/rentals}:","service":"juman-backend-node","timestamp":"2026-08-09T08:22:44.217Z"}
{"channel":"application","context":"RouterExplorer","level":"info","message":"Mapped {/rentals, GET} route","service":"juman-backend-node","timestamp":"2026-08-09T08:22:44.218Z"}
{"channel":"application","context":"RouterExplorer","level":"info","message":"Mapped {/rentals/:id/audit, GET} route","service":"juman-backend-node","timestamp":"2026-08-09T08:22:44.218Z"}
{"channel":"application","context":"RouterExplorer","level":"info","message":"Mapped {/rentals/:id, GET} route","service":"juman-backend-node","timestamp":"2026-08-09T08:22:44.218Z"}
{"channel":"application","context":"RouterExplorer","level":"info","message":"Mapped {/rentals, POST} route","service":"juman-backend-node","timestamp":"2026-08-09T08:22:44.218Z"}
{"channel":"application","context":"RouterExplorer","level":"info","message":"Mapped {/rentals/:id/notes, POST} route","service":"juman-backend-node","timestamp":"2026-08-09T08:22:44.218Z"}
{"channel":"application","context":"RouterExplorer","level":"info","message":"Mapped {/rentals/:id, PATCH} route","service":"juman-backend-node","timestamp":"2026-08-09T08:22:44.219Z"}
{"channel":"application","context":"RouterExplorer","level":"info","message":"Mapped {/rentals/:id/checkout, POST} route","service":"juman-backend-node","timestamp":"2026-08-09T08:22:44.219Z"}
{"channel":"application","context":"RouterExplorer","level":"info","message":"Mapped {/rentals/:id/return, POST} route","service":"juman-backend-node","timestamp":"2026-08-09T08:22:44.219Z"}
{"channel":"application","context":"RouterExplorer","level":"info","message":"Mapped {/rentals/:id/complete, POST} route","service":"juman-backend-node","timestamp":"2026-08-09T08:22:44.220Z"}
{"channel":"application","context":"RouterExplorer","level":"info","message":"Mapped {/rentals/:id/cancel, POST} route","service":"juman-backend-node","timestamp":"2026-08-09T08:22:44.220Z"}
{"channel":"application","context":"RoutesResolver","level":"info","message":"ReservationsController {/reservations}:","service":"juman-backend-node","timestamp":"2026-08-09T08:22:44.221Z"}
{"channel":"application","context":"RouterExplorer","level":"info","message":"Mapped {/reservations, GET} route","service":"juman-backend-node","timestamp":"2026-08-09T08:22:44.222Z"}
{"channel":"application","context":"RouterExplorer","level":"info","message":"Mapped {/reservations/:id, GET} route","service":"juman-backend-node","timestamp":"2026-08-09T08:22:44.222Z"}
{"channel":"application","context":"RouterExplorer","level":"info","message":"Mapped {/reservations, POST} route","service":"juman-backend-node","timestamp":"2026-08-09T08:22:44.223Z"}
{"channel":"application","context":"RouterExplorer","level":"info","message":"Mapped {/reservations/:id/checkout, POST} route","service":"juman-backend-node","timestamp":"2026-08-09T08:22:44.223Z"}
{"channel":"application","context":"RouterExplorer","level":"info","message":"Mapped {/reservations/:id/cancel, POST} route","service":"juman-backend-node","timestamp":"2026-08-09T08:22:44.224Z"}
{"channel":"application","context":"RouterExplorer","level":"info","message":"Mapped {/reservations/:id/expire, POST} route","service":"juman-backend-node","timestamp":"2026-08-09T08:22:44.224Z"}
{"channel":"application","context":"RoutesResolver","level":"info","message":"SalesController {/sales}:","service":"juman-backend-node","timestamp":"2026-08-09T08:22:44.224Z"}
{"channel":"application","context":"RouterExplorer","level":"info","message":"Mapped {/sales, GET} route","service":"juman-backend-node","timestamp":"2026-08-09T08:22:44.225Z"}
{"channel":"application","context":"RouterExplorer","level":"info","message":"Mapped {/sales/:id/history, GET} route","service":"juman-backend-node","timestamp":"2026-08-09T08:22:44.225Z"}
{"channel":"application","context":"RouterExplorer","level":"info","message":"Mapped {/sales/:id, GET} route","service":"juman-backend-node","timestamp":"2026-08-09T08:22:44.225Z"}
{"channel":"application","context":"RouterExplorer","level":"info","message":"Mapped {/sales, POST} route","service":"juman-backend-node","timestamp":"2026-08-09T08:22:44.226Z"}
{"channel":"application","context":"RouterExplorer","level":"info","message":"Mapped {/sales/:id/confirm, POST} route","service":"juman-backend-node","timestamp":"2026-08-09T08:22:44.226Z"}
{"channel":"application","context":"RouterExplorer","level":"info","message":"Mapped {/sales/:id/payment, POST} route","service":"juman-backend-node","timestamp":"2026-08-09T08:22:44.226Z"}
{"channel":"application","context":"RouterExplorer","level":"info","message":"Mapped {/sales/:id/complete, POST} route","service":"juman-backend-node","timestamp":"2026-08-09T08:22:44.227Z"}
{"channel":"application","context":"RouterExplorer","level":"info","message":"Mapped {/sales/:id/cancel, POST} route","service":"juman-backend-node","timestamp":"2026-08-09T08:22:44.227Z"}
{"channel":"application","context":"RoutesResolver","level":"info","message":"ReportsController {/reports}:","service":"juman-backend-node","timestamp":"2026-08-09T08:22:44.228Z"}
{"channel":"application","context":"RouterExplorer","level":"info","message":"Mapped {/reports/dashboard, GET} route","service":"juman-backend-node","timestamp":"2026-08-09T08:22:44.228Z"}
{"channel":"application","context":"RouterExplorer","level":"info","message":"Mapped {/reports/financial, GET} route","service":"juman-backend-node","timestamp":"2026-08-09T08:22:44.228Z"}
{"channel":"application","context":"RouterExplorer","level":"info","message":"Mapped {/reports/rentals/current, GET} route","service":"juman-backend-node","timestamp":"2026-08-09T08:22:44.228Z"}
{"channel":"application","context":"RouterExplorer","level":"info","message":"Mapped {/reports/rentals/overdue, GET} route","service":"juman-backend-node","timestamp":"2026-08-09T08:22:44.229Z"}
{"channel":"application","context":"RouterExplorer","level":"info","message":"Mapped {/reports/rentals/returns, GET} route","service":"juman-backend-node","timestamp":"2026-08-09T08:22:44.229Z"}
{"channel":"application","context":"RouterExplorer","level":"info","message":"Mapped {/reports/rentals/reservations, GET} route","service":"juman-backend-node","timestamp":"2026-08-09T08:22:44.230Z"}
{"channel":"application","context":"RouterExplorer","level":"info","message":"Mapped {/reports/rentals/history, GET} route","service":"juman-backend-node","timestamp":"2026-08-09T08:22:44.230Z"}
{"channel":"application","context":"RouterExplorer","level":"info","message":"Mapped {/reports/inventory/value, GET} route","service":"juman-backend-node","timestamp":"2026-08-09T08:22:44.230Z"}
{"channel":"application","context":"RouterExplorer","level":"info","message":"Mapped {/reports/inventory/availability, GET} route","service":"juman-backend-node","timestamp":"2026-08-09T08:22:44.230Z"}
{"channel":"application","context":"RouterExplorer","level":"info","message":"Mapped {/reports/inventory/category, GET} route","service":"juman-backend-node","timestamp":"2026-08-09T08:22:44.230Z"}
{"channel":"application","context":"RouterExplorer","level":"info","message":"Mapped {/reports/inventory/brand, GET} route","service":"juman-backend-node","timestamp":"2026-08-09T08:22:44.231Z"}
{"channel":"application","context":"RouterExplorer","level":"info","message":"Mapped {/reports/inventory/color, GET} route","service":"juman-backend-node","timestamp":"2026-08-09T08:22:44.231Z"}
{"channel":"application","context":"RouterExplorer","level":"info","message":"Mapped {/reports/inventory/size, GET} route","service":"juman-backend-node","timestamp":"2026-08-09T08:22:44.231Z"}
{"channel":"application","context":"RouterExplorer","level":"info","message":"Mapped {/reports/inventory/lifecycle, GET} route","service":"juman-backend-node","timestamp":"2026-08-09T08:22:44.231Z"}
{"channel":"application","context":"RouterExplorer","level":"info","message":"Mapped {/reports/inventory/retired, GET} route","service":"juman-backend-node","timestamp":"2026-08-09T08:22:44.231Z"}
{"channel":"application","context":"RouterExplorer","level":"info","message":"Mapped {/reports/inventory/maintenance, GET} route","service":"juman-backend-node","timestamp":"2026-08-09T08:22:44.232Z"}
{"channel":"application","context":"RouterExplorer","level":"info","message":"Mapped {/reports/customers/:id/rentals, GET} route","service":"juman-backend-node","timestamp":"2026-08-09T08:22:44.232Z"}
{"channel":"application","context":"RouterExplorer","level":"info","message":"Mapped {/reports/customers/:id/outstanding, GET} route","service":"juman-backend-node","timestamp":"2026-08-09T08:22:44.232Z"}
{"channel":"application","context":"RouterExplorer","level":"info","message":"Mapped {/reports/customers/:id/payments, GET} route","service":"juman-backend-node","timestamp":"2026-08-09T08:22:44.232Z"}
{"channel":"application","context":"RouterExplorer","level":"info","message":"Mapped {/reports/customers/:id/reservations, GET} route","service":"juman-backend-node","timestamp":"2026-08-09T08:22:44.232Z"}
{"channel":"application","context":"RouterExplorer","level":"info","message":"Mapped {/reports/export, GET} route","service":"juman-backend-node","timestamp":"2026-08-09T08:22:44.232Z"}
{"channel":"application","context":"RoutesResolver","level":"info","message":"HealthController {/health}:","service":"juman-backend-node","timestamp":"2026-08-09T08:22:44.233Z"}
{"channel":"application","context":"RouterExplorer","level":"info","message":"Mapped {/health, GET} route","service":"juman-backend-node","timestamp":"2026-08-09T08:22:44.233Z"}
{"channel":"application","context":"NestApplication","level":"info","message":"Nest application successfully started","service":"juman-backend-node","timestamp":"2026-08-09T08:22:44.233Z"}
{"channel":"startup","context":"Startup","level":"info","message":"Listening on http://127.0.0.1:8787","service":"juman-backend-node","timestamp":"2026-08-09T08:22:44.234Z"}
{"channel":"startup","context":"Startup","level":"info","message":"GET /health ready","service":"juman-backend-node","timestamp":"2026-08-09T08:22:44.234Z"}
{"channel":"startup","context":"Startup","dataDir":"C:\\Users\\moham\\Desktop\\juman","envCreated":false,"envFile":"C:\\Users\\moham\\Desktop\\juman\\config\\juman.env","environment":"development","host":"127.0.0.1","level":"info","message":"Juman Backend V2 starting","migrations":"applied","port":8787,"service":"juman-backend-node","timestamp":"2026-08-09T08:23:07.973Z","version":"2.0.0"}
{"channel":"startup","context":"Startup","level":"info","message":"SQLite PRAGMAs applied (foreign_keys, WAL, busy_timeout)","service":"juman-backend-node","timestamp":"2026-08-09T08:23:08.058Z"}
{"channel":"startup","context":"Startup","level":"info","message":"Prisma connected to SQLite","service":"juman-backend-node","timestamp":"2026-08-09T08:23:08.061Z"}
{"channel":"startup","context":"Startup","count":27,"level":"info","message":"App settings ensured","service":"juman-backend-node","timestamp":"2026-08-09T08:23:08.174Z"}
{"channel":"startup","context":"Startup","count":105,"level":"info","message":"RBAC permissions ensured","service":"juman-backend-node","timestamp":"2026-08-09T08:23:08.561Z"}
{"channel":"startup","context":"Startup","count":105,"level":"info","message":"RBAC permissions ensured","service":"juman-backend-node","timestamp":"2026-08-09T08:23:08.863Z"}
{"channel":"startup","context":"Startup","count":4,"level":"info","message":"RBAC system roles ensured","service":"juman-backend-node","timestamp":"2026-08-09T08:23:09.250Z"}
{"channel":"startup","context":"Startup","level":"info","message":"Administrator user already present","service":"juman-backend-node","timestamp":"2026-08-09T08:23:09.260Z","username":"admin"}
{"categories":3,"channel":"startup","context":"Startup","level":"info","message":"Demo seed skipped (categories already present)","service":"juman-backend-node","timestamp":"2026-08-09T08:23:09.263Z"}
{"channel":"startup","context":"Startup","customerId":"45c43439-599c-459d-85d9-5ad83caded3a","customerNumber":"WALK-IN","level":"info","message":"Walk-in customer ready","service":"juman-backend-node","timestamp":"2026-08-09T08:23:09.273Z"}
{"channel":"application","context":"NestFactory","level":"info","message":"Starting Nest application...","service":"juman-backend-node","timestamp":"2026-08-09T08:23:09.305Z"}
{"channel":"application","context":"InstanceLoader","level":"info","message":"LoggerModule dependencies initialized","service":"juman-backend-node","timestamp":"2026-08-09T08:23:09.307Z"}
{"channel":"application","context":"InstanceLoader","level":"info","message":"PassportModule dependencies initialized","service":"juman-backend-node","timestamp":"2026-08-09T08:23:09.307Z"}
{"channel":"application","context":"InstanceLoader","level":"info","message":"ConfigHostModule dependencies initialized","service":"juman-backend-node","timestamp":"2026-08-09T08:23:09.307Z"}
{"channel":"application","context":"InstanceLoader","level":"info","message":"ConfigModule dependencies initialized","service":"juman-backend-node","timestamp":"2026-08-09T08:23:09.308Z"}
{"channel":"application","context":"InstanceLoader","level":"info","message":"ConfigModule dependencies initialized","service":"juman-backend-node","timestamp":"2026-08-09T08:23:09.308Z"}
{"channel":"application","context":"InstanceLoader","level":"info","message":"PrismaModule dependencies initialized","service":"juman-backend-node","timestamp":"2026-08-09T08:23:09.308Z"}
{"channel":"application","context":"InstanceLoader","level":"info","message":"JwtModule dependencies initialized","service":"juman-backend-node","timestamp":"2026-08-09T08:23:09.309Z"}
{"channel":"application","context":"InstanceLoader","level":"info","message":"SettingsModule dependencies initialized","service":"juman-backend-node","timestamp":"2026-08-09T08:23:09.309Z"}
{"channel":"application","context":"InstanceLoader","level":"info","message":"AuditModule dependencies initialized","service":"juman-backend-node","timestamp":"2026-08-09T08:23:09.310Z"}
{"channel":"application","context":"InstanceLoader","level":"info","message":"SecurityModule dependencies initialized","service":"juman-backend-node","timestamp":"2026-08-09T08:23:09.310Z"}
{"channel":"application","context":"InstanceLoader","level":"info","message":"HealthModule dependencies initialized","service":"juman-backend-node","timestamp":"2026-08-09T08:23:09.310Z"}
{"channel":"application","context":"InstanceLoader","level":"info","message":"PermissionsModule dependencies initialized","service":"juman-backend-node","timestamp":"2026-08-09T08:23:09.311Z"}
{"channel":"application","context":"InstanceLoader","level":"info","message":"RolesModule dependencies initialized","service":"juman-backend-node","timestamp":"2026-08-09T08:23:09.311Z"}
{"channel":"application","context":"InstanceLoader","level":"info","message":"AppModule dependencies initialized","service":"juman-backend-node","timestamp":"2026-08-09T08:23:09.311Z"}
{"channel":"application","context":"InstanceLoader","level":"info","message":"AvailabilityModule dependencies initialized","service":"juman-backend-node","timestamp":"2026-08-09T08:23:09.311Z"}
{"channel":"application","context":"InstanceLoader","level":"info","message":"ReportsModule dependencies initialized","service":"juman-backend-node","timestamp":"2026-08-09T08:23:09.312Z"}
{"channel":"application","context":"InstanceLoader","level":"info","message":"MediaModule dependencies initialized","service":"juman-backend-node","timestamp":"2026-08-09T08:23:09.312Z"}
{"channel":"application","context":"InstanceLoader","level":"info","message":"BarcodeModule dependencies initialized","service":"juman-backend-node","timestamp":"2026-08-09T08:23:09.313Z"}
{"channel":"application","context":"InstanceLoader","level":"info","message":"CustomersModule dependencies initialized","service":"juman-backend-node","timestamp":"2026-08-09T08:23:09.313Z"}
{"channel":"application","context":"InstanceLoader","level":"info","message":"UsersModule dependencies initialized","service":"juman-backend-node","timestamp":"2026-08-09T08:23:09.313Z"}
{"channel":"application","context":"InstanceLoader","level":"info","message":"AuthModule dependencies initialized","service":"juman-backend-node","timestamp":"2026-08-09T08:23:09.314Z"}
{"channel":"application","context":"InstanceLoader","level":"info","message":"InventoryModule dependencies initialized","service":"juman-backend-node","timestamp":"2026-08-09T08:23:09.314Z"}
{"channel":"application","context":"InstanceLoader","level":"info","message":"FinanceModule dependencies initialized","service":"juman-backend-node","timestamp":"2026-08-09T08:23:09.315Z"}
{"channel":"application","context":"InstanceLoader","level":"info","message":"RentalsModule dependencies initialized","service":"juman-backend-node","timestamp":"2026-08-09T08:23:09.315Z"}
{"channel":"application","context":"InstanceLoader","level":"info","message":"SalesModule dependencies initialized","service":"juman-backend-node","timestamp":"2026-08-09T08:23:09.315Z"}
{"channel":"application","context":"InstanceLoader","level":"info","message":"ReservationsModule dependencies initialized","service":"juman-backend-node","timestamp":"2026-08-09T08:23:09.316Z"}
{"channel":"application","context":"RoutesResolver","level":"info","message":"MediaController {/media}:","service":"juman-backend-node","timestamp":"2026-08-09T08:23:09.316Z"}
{"channel":"application","context":"RouterExplorer","level":"info","message":"Mapped {/media, GET} route","service":"juman-backend-node","timestamp":"2026-08-09T08:23:09.316Z"}
{"channel":"application","context":"RouterExplorer","level":"info","message":"Mapped {/media/:id, GET} route","service":"juman-backend-node","timestamp":"2026-08-09T08:23:09.316Z"}
{"channel":"application","context":"RouterExplorer","level":"info","message":"Mapped {/media/:id/integrity, GET} route","service":"juman-backend-node","timestamp":"2026-08-09T08:23:09.317Z"}
{"channel":"application","context":"RouterExplorer","level":"info","message":"Mapped {/media, POST} route","service":"juman-backend-node","timestamp":"2026-08-09T08:23:09.317Z"}
{"channel":"application","context":"RouterExplorer","level":"info","message":"Mapped {/media/:id, DELETE} route","service":"juman-backend-node","timestamp":"2026-08-09T08:23:09.317Z"}
{"channel":"application","context":"RouterExplorer","level":"info","message":"Mapped {/media/:id/restore, POST} route","service":"juman-backend-node","timestamp":"2026-08-09T08:23:09.318Z"}
{"channel":"application","context":"RoutesResolver","level":"info","message":"BarcodeController {/barcodes}:","service":"juman-backend-node","timestamp":"2026-08-09T08:23:09.318Z"}
{"channel":"application","context":"RouterExplorer","level":"info","message":"Mapped {/barcodes, GET} route","service":"juman-backend-node","timestamp":"2026-08-09T08:23:09.318Z"}
{"channel":"application","context":"RouterExplorer","level":"info","message":"Mapped {/barcodes/:id, GET} route","service":"juman-backend-node","timestamp":"2026-08-09T08:23:09.319Z"}
{"channel":"application","context":"RouterExplorer","level":"info","message":"Mapped {/barcodes/generate, POST} route","service":"juman-backend-node","timestamp":"2026-08-09T08:23:09.320Z"}
{"channel":"application","context":"RouterExplorer","level":"info","message":"Mapped {/barcodes/validate, POST} route","service":"juman-backend-node","timestamp":"2026-08-09T08:23:09.320Z"}
{"channel":"application","context":"RouterExplorer","level":"info","message":"Mapped {/barcodes/reserve, POST} route","service":"juman-backend-node","timestamp":"2026-08-09T08:23:09.321Z"}
{"channel":"application","context":"RouterExplorer","level":"info","message":"Mapped {/barcodes/release, POST} route","service":"juman-backend-node","timestamp":"2026-08-09T08:23:09.321Z"}
{"channel":"application","context":"RouterExplorer","level":"info","message":"Mapped {/barcodes/retire, POST} route","service":"juman-backend-node","timestamp":"2026-08-09T08:23:09.322Z"}
{"channel":"application","context":"RoutesResolver","level":"info","message":"PermissionsController {/permissions}:","service":"juman-backend-node","timestamp":"2026-08-09T08:23:09.322Z"}
{"channel":"application","context":"RouterExplorer","level":"info","message":"Mapped {/permissions, GET} route","service":"juman-backend-node","timestamp":"2026-08-09T08:23:09.322Z"}
{"channel":"application","context":"RoutesResolver","level":"info","message":"RolesController {/roles}:","service":"juman-backend-node","timestamp":"2026-08-09T08:23:09.323Z"}
{"channel":"application","context":"RouterExplorer","level":"info","message":"Mapped {/roles, GET} route","service":"juman-backend-node","timestamp":"2026-08-09T08:23:09.323Z"}
{"channel":"application","context":"RoutesResolver","level":"info","message":"UsersController {/users}:","service":"juman-backend-node","timestamp":"2026-08-09T08:23:09.324Z"}
{"channel":"application","context":"RouterExplorer","level":"info","message":"Mapped {/users, GET} route","service":"juman-backend-node","timestamp":"2026-08-09T08:23:09.324Z"}
{"channel":"application","context":"RouterExplorer","level":"info","message":"Mapped {/users/:id, GET} route","service":"juman-backend-node","timestamp":"2026-08-09T08:23:09.324Z"}
{"channel":"application","context":"RouterExplorer","level":"info","message":"Mapped {/users, POST} route","service":"juman-backend-node","timestamp":"2026-08-09T08:23:09.325Z"}
{"channel":"application","context":"RouterExplorer","level":"info","message":"Mapped {/users/:id, PATCH} route","service":"juman-backend-node","timestamp":"2026-08-09T08:23:09.325Z"}
{"channel":"application","context":"RouterExplorer","level":"info","message":"Mapped {/users/:id/deactivate, POST} route","service":"juman-backend-node","timestamp":"2026-08-09T08:23:09.325Z"}
{"channel":"application","context":"RouterExplorer","level":"info","message":"Mapped {/users/:id/activate, POST} route","service":"juman-backend-node","timestamp":"2026-08-09T08:23:09.325Z"}
{"channel":"application","context":"RouterExplorer","level":"info","message":"Mapped {/users/:id/unlock, POST} route","service":"juman-backend-node","timestamp":"2026-08-09T08:23:09.326Z"}
{"channel":"application","context":"RouterExplorer","level":"info","message":"Mapped {/users/:id/reset-password, POST} route","service":"juman-backend-node","timestamp":"2026-08-09T08:23:09.326Z"}
{"channel":"application","context":"RouterExplorer","level":"info","message":"Mapped {/users/:id, DELETE} route","service":"juman-backend-node","timestamp":"2026-08-09T08:23:09.326Z"}
{"channel":"application","context":"RouterExplorer","level":"info","message":"Mapped {/users/:id/restore, POST} route","service":"juman-backend-node","timestamp":"2026-08-09T08:23:09.327Z"}
{"channel":"application","context":"RoutesResolver","level":"info","message":"AuthController {/auth}:","service":"juman-backend-node","timestamp":"2026-08-09T08:23:09.327Z"}
{"channel":"application","context":"RouterExplorer","level":"info","message":"Mapped {/auth/login, POST} route","service":"juman-backend-node","timestamp":"2026-08-09T08:23:09.327Z"}
{"channel":"application","context":"RouterExplorer","level":"info","message":"Mapped {/auth/logout, POST} route","service":"juman-backend-node","timestamp":"2026-08-09T08:23:09.327Z"}
{"channel":"application","context":"RouterExplorer","level":"info","message":"Mapped {/auth/change-password, POST} route","service":"juman-backend-node","timestamp":"2026-08-09T08:23:09.328Z"}
{"channel":"application","context":"RouterExplorer","level":"info","message":"Mapped {/auth/admin/unlock, POST} route","service":"juman-backend-node","timestamp":"2026-08-09T08:23:09.328Z"}
{"channel":"application","context":"RouterExplorer","level":"info","message":"Mapped {/auth/session, GET} route","service":"juman-backend-node","timestamp":"2026-08-09T08:23:09.328Z"}
{"channel":"application","context":"RouterExplorer","level":"info","message":"Mapped {/auth/me, GET} route","service":"juman-backend-node","timestamp":"2026-08-09T08:23:09.329Z"}
{"channel":"application","context":"RoutesResolver","level":"info","message":"CustomersController {/customers}:","service":"juman-backend-node","timestamp":"2026-08-09T08:23:09.329Z"}
{"channel":"application","context":"RouterExplorer","level":"info","message":"Mapped {/customers, GET} route","service":"juman-backend-node","timestamp":"2026-08-09T08:23:09.329Z"}
{"channel":"application","context":"RouterExplorer","level":"info","message":"Mapped {/customers/search, GET} route","service":"juman-backend-node","timestamp":"2026-08-09T08:23:09.329Z"}
{"channel":"application","context":"RouterExplorer","level":"info","message":"Mapped {/customers/number/:customerNumber, GET} route","service":"juman-backend-node","timestamp":"2026-08-09T08:23:09.330Z"}
{"channel":"application","context":"RouterExplorer","level":"info","message":"Mapped {/customers/:id, GET} route","service":"juman-backend-node","timestamp":"2026-08-09T08:23:09.330Z"}
{"channel":"application","context":"RouterExplorer","level":"info","message":"Mapped {/customers, POST} route","service":"juman-backend-node","timestamp":"2026-08-09T08:23:09.330Z"}
{"channel":"application","context":"RouterExplorer","level":"info","message":"Mapped {/customers/:id, PATCH} route","service":"juman-backend-node","timestamp":"2026-08-09T08:23:09.330Z"}
{"channel":"application","context":"RouterExplorer","level":"info","message":"Mapped {/customers/:id, DELETE} route","service":"juman-backend-node","timestamp":"2026-08-09T08:23:09.330Z"}
{"channel":"application","context":"RouterExplorer","level":"info","message":"Mapped {/customers/:id/restore, POST} route","service":"juman-backend-node","timestamp":"2026-08-09T08:23:09.331Z"}
{"channel":"application","context":"RoutesResolver","level":"info","message":"CategoriesController {/categories}:","service":"juman-backend-node","timestamp":"2026-08-09T08:23:09.331Z"}
{"channel":"application","context":"RouterExplorer","level":"info","message":"Mapped {/categories, GET} route","service":"juman-backend-node","timestamp":"2026-08-09T08:23:09.331Z"}
{"channel":"application","context":"RouterExplorer","level":"info","message":"Mapped {/categories/:id, GET} route","service":"juman-backend-node","timestamp":"2026-08-09T08:23:09.332Z"}
{"channel":"application","context":"RouterExplorer","level":"info","message":"Mapped {/categories, POST} route","service":"juman-backend-node","timestamp":"2026-08-09T08:23:09.332Z"}
{"channel":"application","context":"RouterExplorer","level":"info","message":"Mapped {/categories/:id, PATCH} route","service":"juman-backend-node","timestamp":"2026-08-09T08:23:09.332Z"}
{"channel":"application","context":"RouterExplorer","level":"info","message":"Mapped {/categories/:id, DELETE} route","service":"juman-backend-node","timestamp":"2026-08-09T08:23:09.333Z"}
{"channel":"application","context":"RouterExplorer","level":"info","message":"Mapped {/categories/:id/restore, POST} route","service":"juman-backend-node","timestamp":"2026-08-09T08:23:09.333Z"}
{"channel":"application","context":"RoutesResolver","level":"info","message":"BrandsController {/brands}:","service":"juman-backend-node","timestamp":"2026-08-09T08:23:09.333Z"}
{"channel":"application","context":"RouterExplorer","level":"info","message":"Mapped {/brands, GET} route","service":"juman-backend-node","timestamp":"2026-08-09T08:23:09.333Z"}
{"channel":"application","context":"RouterExplorer","level":"info","message":"Mapped {/brands/:id, GET} route","service":"juman-backend-node","timestamp":"2026-08-09T08:23:09.333Z"}
{"channel":"application","context":"RouterExplorer","level":"info","message":"Mapped {/brands, POST} route","service":"juman-backend-node","timestamp":"2026-08-09T08:23:09.334Z"}
{"channel":"application","context":"RouterExplorer","level":"info","message":"Mapped {/brands/:id, PATCH} route","service":"juman-backend-node","timestamp":"2026-08-09T08:23:09.334Z"}
{"channel":"application","context":"RouterExplorer","level":"info","message":"Mapped {/brands/:id, DELETE} route","service":"juman-backend-node","timestamp":"2026-08-09T08:23:09.334Z"}
{"channel":"application","context":"RouterExplorer","level":"info","message":"Mapped {/brands/:id/restore, POST} route","service":"juman-backend-node","timestamp":"2026-08-09T08:23:09.334Z"}
{"channel":"application","context":"RoutesResolver","level":"info","message":"ColorsController {/colors}:","service":"juman-backend-node","timestamp":"2026-08-09T08:23:09.335Z"}
{"channel":"application","context":"RouterExplorer","level":"info","message":"Mapped {/colors, GET} route","service":"juman-backend-node","timestamp":"2026-08-09T08:23:09.335Z"}
{"channel":"application","context":"RouterExplorer","level":"info","message":"Mapped {/colors/:id, GET} route","service":"juman-backend-node","timestamp":"2026-08-09T08:23:09.335Z"}
{"channel":"application","context":"RouterExplorer","level":"info","message":"Mapped {/colors, POST} route","service":"juman-backend-node","timestamp":"2026-08-09T08:23:09.336Z"}
{"channel":"application","context":"RouterExplorer","level":"info","message":"Mapped {/colors/:id, PATCH} route","service":"juman-backend-node","timestamp":"2026-08-09T08:23:09.336Z"}
{"channel":"application","context":"RouterExplorer","level":"info","message":"Mapped {/colors/:id, DELETE} route","service":"juman-backend-node","timestamp":"2026-08-09T08:23:09.337Z"}
{"channel":"application","context":"RouterExplorer","level":"info","message":"Mapped {/colors/:id/restore, POST} route","service":"juman-backend-node","timestamp":"2026-08-09T08:23:09.337Z"}
{"channel":"application","context":"RoutesResolver","level":"info","message":"SizesController {/sizes}:","service":"juman-backend-node","timestamp":"2026-08-09T08:23:09.338Z"}
{"channel":"application","context":"RouterExplorer","level":"info","message":"Mapped {/sizes, GET} route","service":"juman-backend-node","timestamp":"2026-08-09T08:23:09.338Z"}
{"channel":"application","context":"RouterExplorer","level":"info","message":"Mapped {/sizes/:id, GET} route","service":"juman-backend-node","timestamp":"2026-08-09T08:23:09.339Z"}
{"channel":"application","context":"RouterExplorer","level":"info","message":"Mapped {/sizes, POST} route","service":"juman-backend-node","timestamp":"2026-08-09T08:23:09.339Z"}
{"channel":"application","context":"RouterExplorer","level":"info","message":"Mapped {/sizes/:id, PATCH} route","service":"juman-backend-node","timestamp":"2026-08-09T08:23:09.339Z"}
{"channel":"application","context":"RouterExplorer","level":"info","message":"Mapped {/sizes/:id, DELETE} route","service":"juman-backend-node","timestamp":"2026-08-09T08:23:09.339Z"}
{"channel":"application","context":"RouterExplorer","level":"info","message":"Mapped {/sizes/:id/restore, POST} route","service":"juman-backend-node","timestamp":"2026-08-09T08:23:09.340Z"}
{"channel":"application","context":"RoutesResolver","level":"info","message":"LifecycleController {/items}:","service":"juman-backend-node","timestamp":"2026-08-09T08:23:09.340Z"}
{"channel":"application","context":"RouterExplorer","level":"info","message":"Mapped {/items/:id/state, GET} route","service":"juman-backend-node","timestamp":"2026-08-09T08:23:09.340Z"}
{"channel":"application","context":"RouterExplorer","level":"info","message":"Mapped {/items/:id/history, GET} route","service":"juman-backend-node","timestamp":"2026-08-09T08:23:09.340Z"}
{"channel":"application","context":"RouterExplorer","level":"info","message":"Mapped {/items/:id/transition, POST} route","service":"juman-backend-node","timestamp":"2026-08-09T08:23:09.341Z"}
{"channel":"application","context":"RoutesResolver","level":"info","message":"ItemsController {/items}:","service":"juman-backend-node","timestamp":"2026-08-09T08:23:09.341Z"}
{"channel":"application","context":"RouterExplorer","level":"info","message":"Mapped {/items, GET} route","service":"juman-backend-node","timestamp":"2026-08-09T08:23:09.341Z"}
{"channel":"application","context":"RouterExplorer","level":"info","message":"Mapped {/items/search, GET} route","service":"juman-backend-node","timestamp":"2026-08-09T08:23:09.341Z"}
{"channel":"application","context":"RouterExplorer","level":"info","message":"Mapped {/items/code/:internalCode, GET} route","service":"juman-backend-node","timestamp":"2026-08-09T08:23:09.342Z"}
{"channel":"application","context":"RouterExplorer","level":"info","message":"Mapped {/items/:id, GET} route","service":"juman-backend-node","timestamp":"2026-08-09T08:23:09.342Z"}
{"channel":"application","context":"RouterExplorer","level":"info","message":"Mapped {/items, POST} route","service":"juman-backend-node","timestamp":"2026-08-09T08:23:09.342Z"}
{"channel":"application","context":"RouterExplorer","level":"info","message":"Mapped {/items/:id, PATCH} route","service":"juman-backend-node","timestamp":"2026-08-09T08:23:09.342Z"}
{"channel":"application","context":"RouterExplorer","level":"info","message":"Mapped {/items/:id, DELETE} route","service":"juman-backend-node","timestamp":"2026-08-09T08:23:09.343Z"}
{"channel":"application","context":"RouterExplorer","level":"info","message":"Mapped {/items/:id/restore, POST} route","service":"juman-backend-node","timestamp":"2026-08-09T08:23:09.343Z"}
{"channel":"application","context":"RouterExplorer","level":"info","message":"Mapped {/items/:id/media, POST} route","service":"juman-backend-node","timestamp":"2026-08-09T08:23:09.343Z"}
{"channel":"application","context":"RoutesResolver","level":"info","message":"AvailabilityController {/availability}:","service":"juman-backend-node","timestamp":"2026-08-09T08:23:09.343Z"}
{"channel":"application","context":"RouterExplorer","level":"info","message":"Mapped {/availability, GET} route","service":"juman-backend-node","timestamp":"2026-08-09T08:23:09.343Z"}
{"channel":"application","context":"RouterExplorer","level":"info","message":"Mapped {/availability/calendar, GET} route","service":"juman-backend-node","timestamp":"2026-08-09T08:23:09.344Z"}
{"channel":"application","context":"RouterExplorer","level":"info","message":"Mapped {/availability/item/:id, GET} route","service":"juman-backend-node","timestamp":"2026-08-09T08:23:09.344Z"}
{"channel":"application","context":"RoutesResolver","level":"info","message":"FinanceController {/finance}:","service":"juman-backend-node","timestamp":"2026-08-09T08:23:09.344Z"}
{"channel":"application","context":"RouterExplorer","level":"info","message":"Mapped {/finance/accounts, GET} route","service":"juman-backend-node","timestamp":"2026-08-09T08:23:09.345Z"}
{"channel":"application","context":"RouterExplorer","level":"info","message":"Mapped {/finance/transactions, GET} route","service":"juman-backend-node","timestamp":"2026-08-09T08:23:09.345Z"}
{"channel":"application","context":"RouterExplorer","level":"info","message":"Mapped {/finance/payments, GET} route","service":"juman-backend-node","timestamp":"2026-08-09T08:23:09.345Z"}
{"channel":"application","context":"RouterExplorer","level":"info","message":"Mapped {/finance/payments, POST} route","service":"juman-backend-node","timestamp":"2026-08-09T08:23:09.345Z"}
{"channel":"application","context":"RouterExplorer","level":"info","message":"Mapped {/finance/outstanding, GET} route","service":"juman-backend-node","timestamp":"2026-08-09T08:23:09.346Z"}
{"channel":"application","context":"RoutesResolver","level":"info","message":"SettlementController {/settlements}:","service":"juman-backend-node","timestamp":"2026-08-09T08:23:09.346Z"}
{"channel":"application","context":"RouterExplorer","level":"info","message":"Mapped {/settlements, GET} route","service":"juman-backend-node","timestamp":"2026-08-09T08:23:09.346Z"}
{"channel":"application","context":"RouterExplorer","level":"info","message":"Mapped {/settlements/:id, GET} route","service":"juman-backend-node","timestamp":"2026-08-09T08:23:09.346Z"}
{"channel":"application","context":"RouterExplorer","level":"info","message":"Mapped {/settlements/:id/payment, POST} route","service":"juman-backend-node","timestamp":"2026-08-09T08:23:09.347Z"}
{"channel":"application","context":"RouterExplorer","level":"info","message":"Mapped {/settlements/:id/refund, POST} route","service":"juman-backend-node","timestamp":"2026-08-09T08:23:09.347Z"}
{"channel":"application","context":"RouterExplorer","level":"info","message":"Mapped {/settlements/:id/adjustment, POST} route","service":"juman-backend-node","timestamp":"2026-08-09T08:23:09.347Z"}
{"channel":"application","context":"RouterExplorer","level":"info","message":"Mapped {/settlements/:id/discount, POST} route","service":"juman-backend-node","timestamp":"2026-08-09T08:23:09.347Z"}
{"channel":"application","context":"RouterExplorer","level":"info","message":"Mapped {/settlements/:id/late-fee, POST} route","service":"juman-backend-node","timestamp":"2026-08-09T08:23:09.347Z"}
{"channel":"application","context":"RouterExplorer","level":"info","message":"Mapped {/settlements/:id/close, POST} route","service":"juman-backend-node","timestamp":"2026-08-09T08:23:09.348Z"}
{"channel":"application","context":"RouterExplorer","level":"info","message":"Mapped {/settlements/:id/cancel, POST} route","service":"juman-backend-node","timestamp":"2026-08-09T08:23:09.348Z"}
{"channel":"application","context":"RoutesResolver","level":"info","message":"RentalsController {/rentals}:","service":"juman-backend-node","timestamp":"2026-08-09T08:23:09.348Z"}
{"channel":"application","context":"RouterExplorer","level":"info","message":"Mapped {/rentals, GET} route","service":"juman-backend-node","timestamp":"2026-08-09T08:23:09.348Z"}
{"channel":"application","context":"RouterExplorer","level":"info","message":"Mapped {/rentals/:id/audit, GET} route","service":"juman-backend-node","timestamp":"2026-08-09T08:23:09.349Z"}
{"channel":"application","context":"RouterExplorer","level":"info","message":"Mapped {/rentals/:id, GET} route","service":"juman-backend-node","timestamp":"2026-08-09T08:23:09.349Z"}
{"channel":"application","context":"RouterExplorer","level":"info","message":"Mapped {/rentals, POST} route","service":"juman-backend-node","timestamp":"2026-08-09T08:23:09.349Z"}
{"channel":"application","context":"RouterExplorer","level":"info","message":"Mapped {/rentals/:id/notes, POST} route","service":"juman-backend-node","timestamp":"2026-08-09T08:23:09.349Z"}
{"channel":"application","context":"RouterExplorer","level":"info","message":"Mapped {/rentals/:id, PATCH} route","service":"juman-backend-node","timestamp":"2026-08-09T08:23:09.350Z"}
{"channel":"application","context":"RouterExplorer","level":"info","message":"Mapped {/rentals/:id/checkout, POST} route","service":"juman-backend-node","timestamp":"2026-08-09T08:23:09.350Z"}
{"channel":"application","context":"RouterExplorer","level":"info","message":"Mapped {/rentals/:id/return, POST} route","service":"juman-backend-node","timestamp":"2026-08-09T08:23:09.350Z"}
{"channel":"application","context":"RouterExplorer","level":"info","message":"Mapped {/rentals/:id/complete, POST} route","service":"juman-backend-node","timestamp":"2026-08-09T08:23:09.350Z"}
{"channel":"application","context":"RouterExplorer","level":"info","message":"Mapped {/rentals/:id/cancel, POST} route","service":"juman-backend-node","timestamp":"2026-08-09T08:23:09.350Z"}
{"channel":"application","context":"RoutesResolver","level":"info","message":"ReservationsController {/reservations}:","service":"juman-backend-node","timestamp":"2026-08-09T08:23:09.351Z"}
{"channel":"application","context":"RouterExplorer","level":"info","message":"Mapped {/reservations, GET} route","service":"juman-backend-node","timestamp":"2026-08-09T08:23:09.351Z"}
{"channel":"application","context":"RouterExplorer","level":"info","message":"Mapped {/reservations/:id, GET} route","service":"juman-backend-node","timestamp":"2026-08-09T08:23:09.351Z"}
{"channel":"application","context":"RouterExplorer","level":"info","message":"Mapped {/reservations, POST} route","service":"juman-backend-node","timestamp":"2026-08-09T08:23:09.351Z"}
{"channel":"application","context":"RouterExplorer","level":"info","message":"Mapped {/reservations/:id/checkout, POST} route","service":"juman-backend-node","timestamp":"2026-08-09T08:23:09.351Z"}
{"channel":"application","context":"RouterExplorer","level":"info","message":"Mapped {/reservations/:id/cancel, POST} route","service":"juman-backend-node","timestamp":"2026-08-09T08:23:09.352Z"}
{"channel":"application","context":"RouterExplorer","level":"info","message":"Mapped {/reservations/:id/expire, POST} route","service":"juman-backend-node","timestamp":"2026-08-09T08:23:09.353Z"}
{"channel":"application","context":"RoutesResolver","level":"info","message":"SalesController {/sales}:","service":"juman-backend-node","timestamp":"2026-08-09T08:23:09.353Z"}
{"channel":"application","context":"RouterExplorer","level":"info","message":"Mapped {/sales, GET} route","service":"juman-backend-node","timestamp":"2026-08-09T08:23:09.354Z"}
{"channel":"application","context":"RouterExplorer","level":"info","message":"Mapped {/sales/:id/history, GET} route","service":"juman-backend-node","timestamp":"2026-08-09T08:23:09.355Z"}
{"channel":"application","context":"RouterExplorer","level":"info","message":"Mapped {/sales/:id, GET} route","service":"juman-backend-node","timestamp":"2026-08-09T08:23:09.356Z"}
{"channel":"application","context":"RouterExplorer","level":"info","message":"Mapped {/sales, POST} route","service":"juman-backend-node","timestamp":"2026-08-09T08:23:09.356Z"}
{"channel":"application","context":"RouterExplorer","level":"info","message":"Mapped {/sales/:id/confirm, POST} route","service":"juman-backend-node","timestamp":"2026-08-09T08:23:09.356Z"}
{"channel":"application","context":"RouterExplorer","level":"info","message":"Mapped {/sales/:id/payment, POST} route","service":"juman-backend-node","timestamp":"2026-08-09T08:23:09.357Z"}
{"channel":"application","context":"RouterExplorer","level":"info","message":"Mapped {/sales/:id/complete, POST} route","service":"juman-backend-node","timestamp":"2026-08-09T08:23:09.357Z"}
{"channel":"application","context":"RouterExplorer","level":"info","message":"Mapped {/sales/:id/cancel, POST} route","service":"juman-backend-node","timestamp":"2026-08-09T08:23:09.358Z"}
{"channel":"application","context":"RoutesResolver","level":"info","message":"ReportsController {/reports}:","service":"juman-backend-node","timestamp":"2026-08-09T08:23:09.358Z"}
{"channel":"application","context":"RouterExplorer","level":"info","message":"Mapped {/reports/dashboard, GET} route","service":"juman-backend-node","timestamp":"2026-08-09T08:23:09.358Z"}
{"channel":"application","context":"RouterExplorer","level":"info","message":"Mapped {/reports/financial, GET} route","service":"juman-backend-node","timestamp":"2026-08-09T08:23:09.359Z"}
{"channel":"application","context":"RouterExplorer","level":"info","message":"Mapped {/reports/rentals/current, GET} route","service":"juman-backend-node","timestamp":"2026-08-09T08:23:09.359Z"}
{"channel":"application","context":"RouterExplorer","level":"info","message":"Mapped {/reports/rentals/overdue, GET} route","service":"juman-backend-node","timestamp":"2026-08-09T08:23:09.360Z"}
{"channel":"application","context":"RouterExplorer","level":"info","message":"Mapped {/reports/rentals/returns, GET} route","service":"juman-backend-node","timestamp":"2026-08-09T08:23:09.360Z"}
{"channel":"application","context":"RouterExplorer","level":"info","message":"Mapped {/reports/rentals/reservations, GET} route","service":"juman-backend-node","timestamp":"2026-08-09T08:23:09.361Z"}
{"channel":"application","context":"RouterExplorer","level":"info","message":"Mapped {/reports/rentals/history, GET} route","service":"juman-backend-node","timestamp":"2026-08-09T08:23:09.361Z"}
{"channel":"application","context":"RouterExplorer","level":"info","message":"Mapped {/reports/inventory/value, GET} route","service":"juman-backend-node","timestamp":"2026-08-09T08:23:09.361Z"}
{"channel":"application","context":"RouterExplorer","level":"info","message":"Mapped {/reports/inventory/availability, GET} route","service":"juman-backend-node","timestamp":"2026-08-09T08:23:09.361Z"}
{"channel":"application","context":"RouterExplorer","level":"info","message":"Mapped {/reports/inventory/category, GET} route","service":"juman-backend-node","timestamp":"2026-08-09T08:23:09.362Z"}
{"channel":"application","context":"RouterExplorer","level":"info","message":"Mapped {/reports/inventory/brand, GET} route","service":"juman-backend-node","timestamp":"2026-08-09T08:23:09.362Z"}
{"channel":"application","context":"RouterExplorer","level":"info","message":"Mapped {/reports/inventory/color, GET} route","service":"juman-backend-node","timestamp":"2026-08-09T08:23:09.362Z"}
{"channel":"application","context":"RouterExplorer","level":"info","message":"Mapped {/reports/inventory/size, GET} route","service":"juman-backend-node","timestamp":"2026-08-09T08:23:09.362Z"}
{"channel":"application","context":"RouterExplorer","level":"info","message":"Mapped {/reports/inventory/lifecycle, GET} route","service":"juman-backend-node","timestamp":"2026-08-09T08:23:09.363Z"}
{"channel":"application","context":"RouterExplorer","level":"info","message":"Mapped {/reports/inventory/retired, GET} route","service":"juman-backend-node","timestamp":"2026-08-09T08:23:09.363Z"}
{"channel":"application","context":"RouterExplorer","level":"info","message":"Mapped {/reports/inventory/maintenance, GET} route","service":"juman-backend-node","timestamp":"2026-08-09T08:23:09.363Z"}
{"channel":"application","context":"RouterExplorer","level":"info","message":"Mapped {/reports/customers/:id/rentals, GET} route","service":"juman-backend-node","timestamp":"2026-08-09T08:23:09.363Z"}
{"channel":"application","context":"RouterExplorer","level":"info","message":"Mapped {/reports/customers/:id/outstanding, GET} route","service":"juman-backend-node","timestamp":"2026-08-09T08:23:09.364Z"}
{"channel":"application","context":"RouterExplorer","level":"info","message":"Mapped {/reports/customers/:id/payments, GET} route","service":"juman-backend-node","timestamp":"2026-08-09T08:23:09.364Z"}
{"channel":"application","context":"RouterExplorer","level":"info","message":"Mapped {/reports/customers/:id/reservations, GET} route","service":"juman-backend-node","timestamp":"2026-08-09T08:23:09.364Z"}
{"channel":"application","context":"RouterExplorer","level":"info","message":"Mapped {/reports/export, GET} route","service":"juman-backend-node","timestamp":"2026-08-09T08:23:09.365Z"}
{"channel":"application","context":"RoutesResolver","level":"info","message":"HealthController {/health}:","service":"juman-backend-node","timestamp":"2026-08-09T08:23:09.365Z"}
{"channel":"application","context":"RouterExplorer","level":"info","message":"Mapped {/health, GET} route","service":"juman-backend-node","timestamp":"2026-08-09T08:23:09.365Z"}
{"channel":"application","context":"NestApplication","level":"info","message":"Nest application successfully started","service":"juman-backend-node","timestamp":"2026-08-09T08:23:09.365Z"}
{"channel":"startup","context":"Startup","level":"info","message":"Listening on http://127.0.0.1:8787","service":"juman-backend-node","timestamp":"2026-08-09T08:23:09.367Z"}
{"channel":"startup","context":"Startup","level":"info","message":"GET /health ready","service":"juman-backend-node","timestamp":"2026-08-09T08:23:09.367Z"}
{"channel":"startup","context":"Startup","dataDir":"C:\\Users\\moham\\Desktop\\juman","envCreated":false,"envFile":"C:\\Users\\moham\\Desktop\\juman\\config\\juman.env","environment":"development","host":"127.0.0.1","level":"info","message":"Juman Backend V2 starting","migrations":"applied","port":8787,"service":"juman-backend-node","timestamp":"2026-08-09T08:43:14.858Z","version":"2.0.0"}
{"channel":"startup","context":"Startup","level":"info","message":"SQLite PRAGMAs applied (foreign_keys, WAL, busy_timeout)","service":"juman-backend-node","timestamp":"2026-08-09T08:43:14.962Z"}
{"channel":"startup","context":"Startup","level":"info","message":"Prisma connected to SQLite","service":"juman-backend-node","timestamp":"2026-08-09T08:43:14.964Z"}
{"channel":"startup","context":"Startup","count":27,"level":"info","message":"App settings ensured","service":"juman-backend-node","timestamp":"2026-08-09T08:43:15.108Z"}
{"channel":"startup","context":"Startup","count":105,"level":"info","message":"RBAC permissions ensured","service":"juman-backend-node","timestamp":"2026-08-09T08:43:15.490Z"}
{"channel":"startup","context":"Startup","count":105,"level":"info","message":"RBAC permissions ensured","service":"juman-backend-node","timestamp":"2026-08-09T08:43:15.799Z"}
{"channel":"startup","context":"Startup","count":4,"level":"info","message":"RBAC system roles ensured","service":"juman-backend-node","timestamp":"2026-08-09T08:43:16.124Z"}
{"channel":"startup","context":"Startup","level":"info","message":"Administrator user already present","service":"juman-backend-node","timestamp":"2026-08-09T08:43:16.133Z","username":"admin"}
{"categories":3,"channel":"startup","context":"Startup","level":"info","message":"Demo seed skipped (categories already present)","service":"juman-backend-node","timestamp":"2026-08-09T08:43:16.142Z"}
{"channel":"startup","context":"Startup","customerId":"45c43439-599c-459d-85d9-5ad83caded3a","customerNumber":"WALK-IN","level":"info","message":"Walk-in customer ready","service":"juman-backend-node","timestamp":"2026-08-09T08:43:16.155Z"}
{"channel":"application","context":"NestFactory","level":"info","message":"Starting Nest application...","service":"juman-backend-node","timestamp":"2026-08-09T08:43:16.194Z"}
{"channel":"application","context":"InstanceLoader","level":"info","message":"LoggerModule dependencies initialized","service":"juman-backend-node","timestamp":"2026-08-09T08:43:16.194Z"}
{"channel":"application","context":"InstanceLoader","level":"info","message":"PassportModule dependencies initialized","service":"juman-backend-node","timestamp":"2026-08-09T08:43:16.195Z"}
{"channel":"application","context":"InstanceLoader","level":"info","message":"ConfigHostModule dependencies initialized","service":"juman-backend-node","timestamp":"2026-08-09T08:43:16.196Z"}
{"channel":"application","context":"InstanceLoader","level":"info","message":"ConfigModule dependencies initialized","service":"juman-backend-node","timestamp":"2026-08-09T08:43:16.196Z"}
{"channel":"application","context":"InstanceLoader","level":"info","message":"ConfigModule dependencies initialized","service":"juman-backend-node","timestamp":"2026-08-09T08:43:16.196Z"}
{"channel":"application","context":"InstanceLoader","level":"info","message":"PrismaModule dependencies initialized","service":"juman-backend-node","timestamp":"2026-08-09T08:43:16.197Z"}
{"channel":"application","context":"InstanceLoader","level":"info","message":"JwtModule dependencies initialized","service":"juman-backend-node","timestamp":"2026-08-09T08:43:16.197Z"}
{"channel":"application","context":"InstanceLoader","level":"info","message":"SettingsModule dependencies initialized","service":"juman-backend-node","timestamp":"2026-08-09T08:43:16.197Z"}
{"channel":"application","context":"InstanceLoader","level":"info","message":"AuditModule dependencies initialized","service":"juman-backend-node","timestamp":"2026-08-09T08:43:16.198Z"}
{"channel":"application","context":"InstanceLoader","level":"info","message":"SecurityModule dependencies initialized","service":"juman-backend-node","timestamp":"2026-08-09T08:43:16.198Z"}
{"channel":"application","context":"InstanceLoader","level":"info","message":"HealthModule dependencies initialized","service":"juman-backend-node","timestamp":"2026-08-09T08:43:16.198Z"}
{"channel":"application","context":"InstanceLoader","level":"info","message":"PermissionsModule dependencies initialized","service":"juman-backend-node","timestamp":"2026-08-09T08:43:16.198Z"}
{"channel":"application","context":"InstanceLoader","level":"info","message":"RolesModule dependencies initialized","service":"juman-backend-node","timestamp":"2026-08-09T08:43:16.199Z"}
{"channel":"application","context":"InstanceLoader","level":"info","message":"AppModule dependencies initialized","service":"juman-backend-node","timestamp":"2026-08-09T08:43:16.199Z"}
{"channel":"application","context":"InstanceLoader","level":"info","message":"AvailabilityModule dependencies initialized","service":"juman-backend-node","timestamp":"2026-08-09T08:43:16.200Z"}
{"channel":"application","context":"InstanceLoader","level":"info","message":"ReportsModule dependencies initialized","service":"juman-backend-node","timestamp":"2026-08-09T08:43:16.200Z"}
{"channel":"application","context":"InstanceLoader","level":"info","message":"MediaModule dependencies initialized","service":"juman-backend-node","timestamp":"2026-08-09T08:43:16.201Z"}
{"channel":"application","context":"InstanceLoader","level":"info","message":"BarcodeModule dependencies initialized","service":"juman-backend-node","timestamp":"2026-08-09T08:43:16.201Z"}
{"channel":"application","context":"InstanceLoader","level":"info","message":"CustomersModule dependencies initialized","service":"juman-backend-node","timestamp":"2026-08-09T08:43:16.202Z"}
{"channel":"application","context":"InstanceLoader","level":"info","message":"UsersModule dependencies initialized","service":"juman-backend-node","timestamp":"2026-08-09T08:43:16.202Z"}
{"channel":"application","context":"InstanceLoader","level":"info","message":"AuthModule dependencies initialized","service":"juman-backend-node","timestamp":"2026-08-09T08:43:16.203Z"}
{"channel":"application","context":"InstanceLoader","level":"info","message":"InventoryModule dependencies initialized","service":"juman-backend-node","timestamp":"2026-08-09T08:43:16.203Z"}
{"channel":"application","context":"InstanceLoader","level":"info","message":"FinanceModule dependencies initialized","service":"juman-backend-node","timestamp":"2026-08-09T08:43:16.203Z"}
{"channel":"application","context":"InstanceLoader","level":"info","message":"RentalsModule dependencies initialized","service":"juman-backend-node","timestamp":"2026-08-09T08:43:16.203Z"}
{"channel":"application","context":"InstanceLoader","level":"info","message":"SalesModule dependencies initialized","service":"juman-backend-node","timestamp":"2026-08-09T08:43:16.204Z"}
{"channel":"application","context":"InstanceLoader","level":"info","message":"ReservationsModule dependencies initialized","service":"juman-backend-node","timestamp":"2026-08-09T08:43:16.204Z"}
{"channel":"application","context":"RoutesResolver","level":"info","message":"MediaController {/media}:","service":"juman-backend-node","timestamp":"2026-08-09T08:43:16.204Z"}
{"channel":"application","context":"RouterExplorer","level":"info","message":"Mapped {/media, GET} route","service":"juman-backend-node","timestamp":"2026-08-09T08:43:16.205Z"}
{"channel":"application","context":"RouterExplorer","level":"info","message":"Mapped {/media/:id, GET} route","service":"juman-backend-node","timestamp":"2026-08-09T08:43:16.205Z"}
{"channel":"application","context":"RouterExplorer","level":"info","message":"Mapped {/media/:id/integrity, GET} route","service":"juman-backend-node","timestamp":"2026-08-09T08:43:16.205Z"}
{"channel":"application","context":"RouterExplorer","level":"info","message":"Mapped {/media, POST} route","service":"juman-backend-node","timestamp":"2026-08-09T08:43:16.206Z"}
{"channel":"application","context":"RouterExplorer","level":"info","message":"Mapped {/media/:id, DELETE} route","service":"juman-backend-node","timestamp":"2026-08-09T08:43:16.206Z"}
{"channel":"application","context":"RouterExplorer","level":"info","message":"Mapped {/media/:id/restore, POST} route","service":"juman-backend-node","timestamp":"2026-08-09T08:43:16.206Z"}
{"channel":"application","context":"RoutesResolver","level":"info","message":"BarcodeController {/barcodes}:","service":"juman-backend-node","timestamp":"2026-08-09T08:43:16.206Z"}
{"channel":"application","context":"RouterExplorer","level":"info","message":"Mapped {/barcodes, GET} route","service":"juman-backend-node","timestamp":"2026-08-09T08:43:16.206Z"}
{"channel":"application","context":"RouterExplorer","level":"info","message":"Mapped {/barcodes/:id, GET} route","service":"juman-backend-node","timestamp":"2026-08-09T08:43:16.207Z"}
{"channel":"application","context":"RouterExplorer","level":"info","message":"Mapped {/barcodes/generate, POST} route","service":"juman-backend-node","timestamp":"2026-08-09T08:43:16.207Z"}
{"channel":"application","context":"RouterExplorer","level":"info","message":"Mapped {/barcodes/validate, POST} route","service":"juman-backend-node","timestamp":"2026-08-09T08:43:16.207Z"}
{"channel":"application","context":"RouterExplorer","level":"info","message":"Mapped {/barcodes/reserve, POST} route","service":"juman-backend-node","timestamp":"2026-08-09T08:43:16.207Z"}
{"channel":"application","context":"RouterExplorer","level":"info","message":"Mapped {/barcodes/release, POST} route","service":"juman-backend-node","timestamp":"2026-08-09T08:43:16.208Z"}
{"channel":"application","context":"RouterExplorer","level":"info","message":"Mapped {/barcodes/retire, POST} route","service":"juman-backend-node","timestamp":"2026-08-09T08:43:16.208Z"}
{"channel":"application","context":"RoutesResolver","level":"info","message":"PermissionsController {/permissions}:","service":"juman-backend-node","timestamp":"2026-08-09T08:43:16.208Z"}
{"channel":"application","context":"RouterExplorer","level":"info","message":"Mapped {/permissions, GET} route","service":"juman-backend-node","timestamp":"2026-08-09T08:43:16.208Z"}
{"channel":"application","context":"RoutesResolver","level":"info","message":"RolesController {/roles}:","service":"juman-backend-node","timestamp":"2026-08-09T08:43:16.209Z"}
{"channel":"application","context":"RouterExplorer","level":"info","message":"Mapped {/roles, GET} route","service":"juman-backend-node","timestamp":"2026-08-09T08:43:16.209Z"}
{"channel":"application","context":"RoutesResolver","level":"info","message":"UsersController {/users}:","service":"juman-backend-node","timestamp":"2026-08-09T08:43:16.209Z"}
{"channel":"application","context":"RouterExplorer","level":"info","message":"Mapped {/users, GET} route","service":"juman-backend-node","timestamp":"2026-08-09T08:43:16.209Z"}
{"channel":"application","context":"RouterExplorer","level":"info","message":"Mapped {/users/:id, GET} route","service":"juman-backend-node","timestamp":"2026-08-09T08:43:16.210Z"}
{"channel":"application","context":"RouterExplorer","level":"info","message":"Mapped {/users, POST} route","service":"juman-backend-node","timestamp":"2026-08-09T08:43:16.210Z"}
{"channel":"application","context":"RouterExplorer","level":"info","message":"Mapped {/users/:id, PATCH} route","service":"juman-backend-node","timestamp":"2026-08-09T08:43:16.210Z"}
{"channel":"application","context":"RouterExplorer","level":"info","message":"Mapped {/users/:id/deactivate, POST} route","service":"juman-backend-node","timestamp":"2026-08-09T08:43:16.211Z"}
{"channel":"application","context":"RouterExplorer","level":"info","message":"Mapped {/users/:id/activate, POST} route","service":"juman-backend-node","timestamp":"2026-08-09T08:43:16.211Z"}
{"channel":"application","context":"RouterExplorer","level":"info","message":"Mapped {/users/:id/unlock, POST} route","service":"juman-backend-node","timestamp":"2026-08-09T08:43:16.211Z"}
{"channel":"application","context":"RouterExplorer","level":"info","message":"Mapped {/users/:id/reset-password, POST} route","service":"juman-backend-node","timestamp":"2026-08-09T08:43:16.211Z"}
{"channel":"application","context":"RouterExplorer","level":"info","message":"Mapped {/users/:id, DELETE} route","service":"juman-backend-node","timestamp":"2026-08-09T08:43:16.212Z"}
{"channel":"application","context":"RouterExplorer","level":"info","message":"Mapped {/users/:id/restore, POST} route","service":"juman-backend-node","timestamp":"2026-08-09T08:43:16.212Z"}
{"channel":"application","context":"RoutesResolver","level":"info","message":"AuthController {/auth}:","service":"juman-backend-node","timestamp":"2026-08-09T08:43:16.212Z"}
{"channel":"application","context":"RouterExplorer","level":"info","message":"Mapped {/auth/login, POST} route","service":"juman-backend-node","timestamp":"2026-08-09T08:43:16.213Z"}
{"channel":"application","context":"RouterExplorer","level":"info","message":"Mapped {/auth/logout, POST} route","service":"juman-backend-node","timestamp":"2026-08-09T08:43:16.213Z"}
{"channel":"application","context":"RouterExplorer","level":"info","message":"Mapped {/auth/change-password, POST} route","service":"juman-backend-node","timestamp":"2026-08-09T08:43:16.213Z"}
{"channel":"application","context":"RouterExplorer","level":"info","message":"Mapped {/auth/admin/unlock, POST} route","service":"juman-backend-node","timestamp":"2026-08-09T08:43:16.213Z"}
{"channel":"application","context":"RouterExplorer","level":"info","message":"Mapped {/auth/session, GET} route","service":"juman-backend-node","timestamp":"2026-08-09T08:43:16.213Z"}
{"channel":"application","context":"RouterExplorer","level":"info","message":"Mapped {/auth/me, GET} route","service":"juman-backend-node","timestamp":"2026-08-09T08:43:16.214Z"}
{"channel":"application","context":"RoutesResolver","level":"info","message":"CustomersController {/customers}:","service":"juman-backend-node","timestamp":"2026-08-09T08:43:16.214Z"}
{"channel":"application","context":"RouterExplorer","level":"info","message":"Mapped {/customers, GET} route","service":"juman-backend-node","timestamp":"2026-08-09T08:43:16.214Z"}
{"channel":"application","context":"RouterExplorer","level":"info","message":"Mapped {/customers/search, GET} route","service":"juman-backend-node","timestamp":"2026-08-09T08:43:16.214Z"}
{"channel":"application","context":"RouterExplorer","level":"info","message":"Mapped {/customers/number/:customerNumber, GET} route","service":"juman-backend-node","timestamp":"2026-08-09T08:43:16.214Z"}
{"channel":"application","context":"RouterExplorer","level":"info","message":"Mapped {/customers/:id, GET} route","service":"juman-backend-node","timestamp":"2026-08-09T08:43:16.215Z"}
{"channel":"application","context":"RouterExplorer","level":"info","message":"Mapped {/customers, POST} route","service":"juman-backend-node","timestamp":"2026-08-09T08:43:16.215Z"}
{"channel":"application","context":"RouterExplorer","level":"info","message":"Mapped {/customers/:id, PATCH} route","service":"juman-backend-node","timestamp":"2026-08-09T08:43:16.215Z"}
{"channel":"application","context":"RouterExplorer","level":"info","message":"Mapped {/customers/:id, DELETE} route","service":"juman-backend-node","timestamp":"2026-08-09T08:43:16.215Z"}
{"channel":"application","context":"RouterExplorer","level":"info","message":"Mapped {/customers/:id/restore, POST} route","service":"juman-backend-node","timestamp":"2026-08-09T08:43:16.215Z"}
{"channel":"application","context":"RoutesResolver","level":"info","message":"CategoriesController {/categories}:","service":"juman-backend-node","timestamp":"2026-08-09T08:43:16.216Z"}
{"channel":"application","context":"RouterExplorer","level":"info","message":"Mapped {/categories, GET} route","service":"juman-backend-node","timestamp":"2026-08-09T08:43:16.217Z"}
{"channel":"application","context":"RouterExplorer","level":"info","message":"Mapped {/categories/:id, GET} route","service":"juman-backend-node","timestamp":"2026-08-09T08:43:16.218Z"}
{"channel":"application","context":"RouterExplorer","level":"info","message":"Mapped {/categories, POST} route","service":"juman-backend-node","timestamp":"2026-08-09T08:43:16.219Z"}
{"channel":"application","context":"RouterExplorer","level":"info","message":"Mapped {/categories/:id, PATCH} route","service":"juman-backend-node","timestamp":"2026-08-09T08:43:16.219Z"}
{"channel":"application","context":"RouterExplorer","level":"info","message":"Mapped {/categories/:id, DELETE} route","service":"juman-backend-node","timestamp":"2026-08-09T08:43:16.219Z"}
{"channel":"application","context":"RouterExplorer","level":"info","message":"Mapped {/categories/:id/restore, POST} route","service":"juman-backend-node","timestamp":"2026-08-09T08:43:16.219Z"}
{"channel":"application","context":"RoutesResolver","level":"info","message":"BrandsController {/brands}:","service":"juman-backend-node","timestamp":"2026-08-09T08:43:16.220Z"}
{"channel":"application","context":"RouterExplorer","level":"info","message":"Mapped {/brands, GET} route","service":"juman-backend-node","timestamp":"2026-08-09T08:43:16.220Z"}
{"channel":"application","context":"RouterExplorer","level":"info","message":"Mapped {/brands/:id, GET} route","service":"juman-backend-node","timestamp":"2026-08-09T08:43:16.220Z"}
{"channel":"application","context":"RouterExplorer","level":"info","message":"Mapped {/brands, POST} route","service":"juman-backend-node","timestamp":"2026-08-09T08:43:16.221Z"}
{"channel":"application","context":"RouterExplorer","level":"info","message":"Mapped {/brands/:id, PATCH} route","service":"juman-backend-node","timestamp":"2026-08-09T08:43:16.221Z"}
{"channel":"application","context":"RouterExplorer","level":"info","message":"Mapped {/brands/:id, DELETE} route","service":"juman-backend-node","timestamp":"2026-08-09T08:43:16.221Z"}
{"channel":"application","context":"RouterExplorer","level":"info","message":"Mapped {/brands/:id/restore, POST} route","service":"juman-backend-node","timestamp":"2026-08-09T08:43:16.222Z"}
{"channel":"application","context":"RoutesResolver","level":"info","message":"ColorsController {/colors}:","service":"juman-backend-node","timestamp":"2026-08-09T08:43:16.222Z"}
{"channel":"application","context":"RouterExplorer","level":"info","message":"Mapped {/colors, GET} route","service":"juman-backend-node","timestamp":"2026-08-09T08:43:16.222Z"}
{"channel":"application","context":"RouterExplorer","level":"info","message":"Mapped {/colors/:id, GET} route","service":"juman-backend-node","timestamp":"2026-08-09T08:43:16.222Z"}
{"channel":"application","context":"RouterExplorer","level":"info","message":"Mapped {/colors, POST} route","service":"juman-backend-node","timestamp":"2026-08-09T08:43:16.223Z"}
{"channel":"application","context":"RouterExplorer","level":"info","message":"Mapped {/colors/:id, PATCH} route","service":"juman-backend-node","timestamp":"2026-08-09T08:43:16.223Z"}
{"channel":"application","context":"RouterExplorer","level":"info","message":"Mapped {/colors/:id, DELETE} route","service":"juman-backend-node","timestamp":"2026-08-09T08:43:16.223Z"}
{"channel":"application","context":"RouterExplorer","level":"info","message":"Mapped {/colors/:id/restore, POST} route","service":"juman-backend-node","timestamp":"2026-08-09T08:43:16.224Z"}
{"channel":"application","context":"RoutesResolver","level":"info","message":"SizesController {/sizes}:","service":"juman-backend-node","timestamp":"2026-08-09T08:43:16.224Z"}
{"channel":"application","context":"RouterExplorer","level":"info","message":"Mapped {/sizes, GET} route","service":"juman-backend-node","timestamp":"2026-08-09T08:43:16.224Z"}
{"channel":"application","context":"RouterExplorer","level":"info","message":"Mapped {/sizes/:id, GET} route","service":"juman-backend-node","timestamp":"2026-08-09T08:43:16.224Z"}
{"channel":"application","context":"RouterExplorer","level":"info","message":"Mapped {/sizes, POST} route","service":"juman-backend-node","timestamp":"2026-08-09T08:43:16.225Z"}
{"channel":"application","context":"RouterExplorer","level":"info","message":"Mapped {/sizes/:id, PATCH} route","service":"juman-backend-node","timestamp":"2026-08-09T08:43:16.225Z"}
{"channel":"application","context":"RouterExplorer","level":"info","message":"Mapped {/sizes/:id, DELETE} route","service":"juman-backend-node","timestamp":"2026-08-09T08:43:16.225Z"}
{"channel":"application","context":"RouterExplorer","level":"info","message":"Mapped {/sizes/:id/restore, POST} route","service":"juman-backend-node","timestamp":"2026-08-09T08:43:16.225Z"}
{"channel":"application","context":"RoutesResolver","level":"info","message":"LifecycleController {/items}:","service":"juman-backend-node","timestamp":"2026-08-09T08:43:16.225Z"}
{"channel":"application","context":"RouterExplorer","level":"info","message":"Mapped {/items/:id/state, GET} route","service":"juman-backend-node","timestamp":"2026-08-09T08:43:16.226Z"}
{"channel":"application","context":"RouterExplorer","level":"info","message":"Mapped {/items/:id/history, GET} route","service":"juman-backend-node","timestamp":"2026-08-09T08:43:16.226Z"}
{"channel":"application","context":"RouterExplorer","level":"info","message":"Mapped {/items/:id/transition, POST} route","service":"juman-backend-node","timestamp":"2026-08-09T08:43:16.226Z"}
{"channel":"application","context":"RoutesResolver","level":"info","message":"ItemsController {/items}:","service":"juman-backend-node","timestamp":"2026-08-09T08:43:16.226Z"}
{"channel":"application","context":"RouterExplorer","level":"info","message":"Mapped {/items, GET} route","service":"juman-backend-node","timestamp":"2026-08-09T08:43:16.226Z"}
{"channel":"application","context":"RouterExplorer","level":"info","message":"Mapped {/items/search, GET} route","service":"juman-backend-node","timestamp":"2026-08-09T08:43:16.227Z"}
{"channel":"application","context":"RouterExplorer","level":"info","message":"Mapped {/items/code/:internalCode, GET} route","service":"juman-backend-node","timestamp":"2026-08-09T08:43:16.227Z"}
{"channel":"application","context":"RouterExplorer","level":"info","message":"Mapped {/items/:id, GET} route","service":"juman-backend-node","timestamp":"2026-08-09T08:43:16.227Z"}
{"channel":"application","context":"RouterExplorer","level":"info","message":"Mapped {/items, POST} route","service":"juman-backend-node","timestamp":"2026-08-09T08:43:16.227Z"}
{"channel":"application","context":"RouterExplorer","level":"info","message":"Mapped {/items/:id, PATCH} route","service":"juman-backend-node","timestamp":"2026-08-09T08:43:16.228Z"}
{"channel":"application","context":"RouterExplorer","level":"info","message":"Mapped {/items/:id, DELETE} route","service":"juman-backend-node","timestamp":"2026-08-09T08:43:16.228Z"}
{"channel":"application","context":"RouterExplorer","level":"info","message":"Mapped {/items/:id/restore, POST} route","service":"juman-backend-node","timestamp":"2026-08-09T08:43:16.228Z"}
{"channel":"application","context":"RouterExplorer","level":"info","message":"Mapped {/items/:id/media, POST} route","service":"juman-backend-node","timestamp":"2026-08-09T08:43:16.228Z"}
{"channel":"application","context":"RoutesResolver","level":"info","message":"AvailabilityController {/availability}:","service":"juman-backend-node","timestamp":"2026-08-09T08:43:16.228Z"}
{"channel":"application","context":"RouterExplorer","level":"info","message":"Mapped {/availability, GET} route","service":"juman-backend-node","timestamp":"2026-08-09T08:43:16.229Z"}
{"channel":"application","context":"RouterExplorer","level":"info","message":"Mapped {/availability/calendar, GET} route","service":"juman-backend-node","timestamp":"2026-08-09T08:43:16.229Z"}
{"channel":"application","context":"RouterExplorer","level":"info","message":"Mapped {/availability/item/:id, GET} route","service":"juman-backend-node","timestamp":"2026-08-09T08:43:16.229Z"}
{"channel":"application","context":"RoutesResolver","level":"info","message":"FinanceController {/finance}:","service":"juman-backend-node","timestamp":"2026-08-09T08:43:16.229Z"}
{"channel":"application","context":"RouterExplorer","level":"info","message":"Mapped {/finance/accounts, GET} route","service":"juman-backend-node","timestamp":"2026-08-09T08:43:16.230Z"}
{"channel":"application","context":"RouterExplorer","level":"info","message":"Mapped {/finance/transactions, GET} route","service":"juman-backend-node","timestamp":"2026-08-09T08:43:16.230Z"}
{"channel":"application","context":"RouterExplorer","level":"info","message":"Mapped {/finance/payments, GET} route","service":"juman-backend-node","timestamp":"2026-08-09T08:43:16.230Z"}
{"channel":"application","context":"RouterExplorer","level":"info","message":"Mapped {/finance/payments, POST} route","service":"juman-backend-node","timestamp":"2026-08-09T08:43:16.230Z"}
{"channel":"application","context":"RouterExplorer","level":"info","message":"Mapped {/finance/outstanding, GET} route","service":"juman-backend-node","timestamp":"2026-08-09T08:43:16.230Z"}
{"channel":"application","context":"RoutesResolver","level":"info","message":"SettlementController {/settlements}:","service":"juman-backend-node","timestamp":"2026-08-09T08:43:16.231Z"}
{"channel":"application","context":"RouterExplorer","level":"info","message":"Mapped {/settlements, GET} route","service":"juman-backend-node","timestamp":"2026-08-09T08:43:16.231Z"}
{"channel":"application","context":"RouterExplorer","level":"info","message":"Mapped {/settlements/:id, GET} route","service":"juman-backend-node","timestamp":"2026-08-09T08:43:16.231Z"}
{"channel":"application","context":"RouterExplorer","level":"info","message":"Mapped {/settlements/:id/payment, POST} route","service":"juman-backend-node","timestamp":"2026-08-09T08:43:16.231Z"}
{"channel":"application","context":"RouterExplorer","level":"info","message":"Mapped {/settlements/:id/refund, POST} route","service":"juman-backend-node","timestamp":"2026-08-09T08:43:16.232Z"}
{"channel":"application","context":"RouterExplorer","level":"info","message":"Mapped {/settlements/:id/adjustment, POST} route","service":"juman-backend-node","timestamp":"2026-08-09T08:43:16.232Z"}
{"channel":"application","context":"RouterExplorer","level":"info","message":"Mapped {/settlements/:id/discount, POST} route","service":"juman-backend-node","timestamp":"2026-08-09T08:43:16.232Z"}
{"channel":"application","context":"RouterExplorer","level":"info","message":"Mapped {/settlements/:id/late-fee, POST} route","service":"juman-backend-node","timestamp":"2026-08-09T08:43:16.232Z"}
{"channel":"application","context":"RouterExplorer","level":"info","message":"Mapped {/settlements/:id/close, POST} route","service":"juman-backend-node","timestamp":"2026-08-09T08:43:16.233Z"}
{"channel":"application","context":"RouterExplorer","level":"info","message":"Mapped {/settlements/:id/cancel, POST} route","service":"juman-backend-node","timestamp":"2026-08-09T08:43:16.233Z"}
{"channel":"application","context":"RoutesResolver","level":"info","message":"RentalsController {/rentals}:","service":"juman-backend-node","timestamp":"2026-08-09T08:43:16.233Z"}
{"channel":"application","context":"RouterExplorer","level":"info","message":"Mapped {/rentals, GET} route","service":"juman-backend-node","timestamp":"2026-08-09T08:43:16.234Z"}
{"channel":"application","context":"RouterExplorer","level":"info","message":"Mapped {/rentals/:id/audit, GET} route","service":"juman-backend-node","timestamp":"2026-08-09T08:43:16.234Z"}
{"channel":"application","context":"RouterExplorer","level":"info","message":"Mapped {/rentals/:id, GET} route","service":"juman-backend-node","timestamp":"2026-08-09T08:43:16.234Z"}
{"channel":"application","context":"RouterExplorer","level":"info","message":"Mapped {/rentals, POST} route","service":"juman-backend-node","timestamp":"2026-08-09T08:43:16.235Z"}
{"channel":"application","context":"RouterExplorer","level":"info","message":"Mapped {/rentals/:id/notes, POST} route","service":"juman-backend-node","timestamp":"2026-08-09T08:43:16.235Z"}
{"channel":"application","context":"RouterExplorer","level":"info","message":"Mapped {/rentals/:id, PATCH} route","service":"juman-backend-node","timestamp":"2026-08-09T08:43:16.235Z"}
{"channel":"application","context":"RouterExplorer","level":"info","message":"Mapped {/rentals/:id/checkout, POST} route","service":"juman-backend-node","timestamp":"2026-08-09T08:43:16.235Z"}
{"channel":"application","context":"RouterExplorer","level":"info","message":"Mapped {/rentals/:id/return, POST} route","service":"juman-backend-node","timestamp":"2026-08-09T08:43:16.236Z"}
{"channel":"application","context":"RouterExplorer","level":"info","message":"Mapped {/rentals/:id/complete, POST} route","service":"juman-backend-node","timestamp":"2026-08-09T08:43:16.236Z"}
{"channel":"application","context":"RouterExplorer","level":"info","message":"Mapped {/rentals/:id/cancel, POST} route","service":"juman-backend-node","timestamp":"2026-08-09T08:43:16.236Z"}
{"channel":"application","context":"RoutesResolver","level":"info","message":"ReservationsController {/reservations}:","service":"juman-backend-node","timestamp":"2026-08-09T08:43:16.236Z"}
{"channel":"application","context":"RouterExplorer","level":"info","message":"Mapped {/reservations, GET} route","service":"juman-backend-node","timestamp":"2026-08-09T08:43:16.236Z"}
{"channel":"application","context":"RouterExplorer","level":"info","message":"Mapped {/reservations/:id, GET} route","service":"juman-backend-node","timestamp":"2026-08-09T08:43:16.237Z"}
{"channel":"application","context":"RouterExplorer","level":"info","message":"Mapped {/reservations, POST} route","service":"juman-backend-node","timestamp":"2026-08-09T08:43:16.237Z"}
{"channel":"application","context":"RouterExplorer","level":"info","message":"Mapped {/reservations/:id/checkout, POST} route","service":"juman-backend-node","timestamp":"2026-08-09T08:43:16.237Z"}
{"channel":"application","context":"RouterExplorer","level":"info","message":"Mapped {/reservations/:id/cancel, POST} route","service":"juman-backend-node","timestamp":"2026-08-09T08:43:16.237Z"}
{"channel":"application","context":"RouterExplorer","level":"info","message":"Mapped {/reservations/:id/expire, POST} route","service":"juman-backend-node","timestamp":"2026-08-09T08:43:16.237Z"}
{"channel":"application","context":"RoutesResolver","level":"info","message":"SalesController {/sales}:","service":"juman-backend-node","timestamp":"2026-08-09T08:43:16.238Z"}
{"channel":"application","context":"RouterExplorer","level":"info","message":"Mapped {/sales, GET} route","service":"juman-backend-node","timestamp":"2026-08-09T08:43:16.238Z"}
{"channel":"application","context":"RouterExplorer","level":"info","message":"Mapped {/sales/:id/history, GET} route","service":"juman-backend-node","timestamp":"2026-08-09T08:43:16.238Z"}
{"channel":"application","context":"RouterExplorer","level":"info","message":"Mapped {/sales/:id, GET} route","service":"juman-backend-node","timestamp":"2026-08-09T08:43:16.239Z"}
{"channel":"application","context":"RouterExplorer","level":"info","message":"Mapped {/sales, POST} route","service":"juman-backend-node","timestamp":"2026-08-09T08:43:16.239Z"}
{"channel":"application","context":"RouterExplorer","level":"info","message":"Mapped {/sales/:id/confirm, POST} route","service":"juman-backend-node","timestamp":"2026-08-09T08:43:16.239Z"}
{"channel":"application","context":"RouterExplorer","level":"info","message":"Mapped {/sales/:id/payment, POST} route","service":"juman-backend-node","timestamp":"2026-08-09T08:43:16.240Z"}
{"channel":"application","context":"RouterExplorer","level":"info","message":"Mapped {/sales/:id/complete, POST} route","service":"juman-backend-node","timestamp":"2026-08-09T08:43:16.240Z"}
{"channel":"application","context":"RouterExplorer","level":"info","message":"Mapped {/sales/:id/cancel, POST} route","service":"juman-backend-node","timestamp":"2026-08-09T08:43:16.240Z"}
{"channel":"application","context":"RoutesResolver","level":"info","message":"ReportsController {/reports}:","service":"juman-backend-node","timestamp":"2026-08-09T08:43:16.240Z"}
{"channel":"application","context":"RouterExplorer","level":"info","message":"Mapped {/reports/dashboard, GET} route","service":"juman-backend-node","timestamp":"2026-08-09T08:43:16.241Z"}
{"channel":"application","context":"RouterExplorer","level":"info","message":"Mapped {/reports/financial, GET} route","service":"juman-backend-node","timestamp":"2026-08-09T08:43:16.241Z"}
{"channel":"application","context":"RouterExplorer","level":"info","message":"Mapped {/reports/rentals/current, GET} route","service":"juman-backend-node","timestamp":"2026-08-09T08:43:16.241Z"}
{"channel":"application","context":"RouterExplorer","level":"info","message":"Mapped {/reports/rentals/overdue, GET} route","service":"juman-backend-node","timestamp":"2026-08-09T08:43:16.241Z"}
{"channel":"application","context":"RouterExplorer","level":"info","message":"Mapped {/reports/rentals/returns, GET} route","service":"juman-backend-node","timestamp":"2026-08-09T08:43:16.242Z"}
{"channel":"application","context":"RouterExplorer","level":"info","message":"Mapped {/reports/rentals/reservations, GET} route","service":"juman-backend-node","timestamp":"2026-08-09T08:43:16.242Z"}
{"channel":"application","context":"RouterExplorer","level":"info","message":"Mapped {/reports/rentals/history, GET} route","service":"juman-backend-node","timestamp":"2026-08-09T08:43:16.242Z"}
{"channel":"application","context":"RouterExplorer","level":"info","message":"Mapped {/reports/inventory/value, GET} route","service":"juman-backend-node","timestamp":"2026-08-09T08:43:16.242Z"}
{"channel":"application","context":"RouterExplorer","level":"info","message":"Mapped {/reports/inventory/availability, GET} route","service":"juman-backend-node","timestamp":"2026-08-09T08:43:16.243Z"}
{"channel":"application","context":"RouterExplorer","level":"info","message":"Mapped {/reports/inventory/category, GET} route","service":"juman-backend-node","timestamp":"2026-08-09T08:43:16.243Z"}
{"channel":"application","context":"RouterExplorer","level":"info","message":"Mapped {/reports/inventory/brand, GET} route","service":"juman-backend-node","timestamp":"2026-08-09T08:43:16.243Z"}
{"channel":"application","context":"RouterExplorer","level":"info","message":"Mapped {/reports/inventory/color, GET} route","service":"juman-backend-node","timestamp":"2026-08-09T08:43:16.243Z"}
{"channel":"application","context":"RouterExplorer","level":"info","message":"Mapped {/reports/inventory/size, GET} route","service":"juman-backend-node","timestamp":"2026-08-09T08:43:16.243Z"}
{"channel":"application","context":"RouterExplorer","level":"info","message":"Mapped {/reports/inventory/lifecycle, GET} route","service":"juman-backend-node","timestamp":"2026-08-09T08:43:16.244Z"}
{"channel":"application","context":"RouterExplorer","level":"info","message":"Mapped {/reports/inventory/retired, GET} route","service":"juman-backend-node","timestamp":"2026-08-09T08:43:16.244Z"}
{"channel":"application","context":"RouterExplorer","level":"info","message":"Mapped {/reports/inventory/maintenance, GET} route","service":"juman-backend-node","timestamp":"2026-08-09T08:43:16.244Z"}
{"channel":"application","context":"RouterExplorer","level":"info","message":"Mapped {/reports/customers/:id/rentals, GET} route","service":"juman-backend-node","timestamp":"2026-08-09T08:43:16.244Z"}
{"channel":"application","context":"RouterExplorer","level":"info","message":"Mapped {/reports/customers/:id/outstanding, GET} route","service":"juman-backend-node","timestamp":"2026-08-09T08:43:16.244Z"}
{"channel":"application","context":"RouterExplorer","level":"info","message":"Mapped {/reports/customers/:id/payments, GET} route","service":"juman-backend-node","timestamp":"2026-08-09T08:43:16.244Z"}
{"channel":"application","context":"RouterExplorer","level":"info","message":"Mapped {/reports/customers/:id/reservations, GET} route","service":"juman-backend-node","timestamp":"2026-08-09T08:43:16.245Z"}
{"channel":"application","context":"RouterExplorer","level":"info","message":"Mapped {/reports/export, GET} route","service":"juman-backend-node","timestamp":"2026-08-09T08:43:16.245Z"}
{"channel":"application","context":"RoutesResolver","level":"info","message":"HealthController {/health}:","service":"juman-backend-node","timestamp":"2026-08-09T08:43:16.245Z"}
{"channel":"application","context":"RouterExplorer","level":"info","message":"Mapped {/health, GET} route","service":"juman-backend-node","timestamp":"2026-08-09T08:43:16.245Z"}
{"channel":"application","context":"NestApplication","level":"info","message":"Nest application successfully started","service":"juman-backend-node","timestamp":"2026-08-09T08:43:16.245Z"}
{"channel":"startup","context":"Startup","level":"info","message":"Listening on http://127.0.0.1:8787","service":"juman-backend-node","timestamp":"2026-08-09T08:43:16.246Z"}
{"channel":"startup","context":"Startup","level":"info","message":"GET /health ready","service":"juman-backend-node","timestamp":"2026-08-09T08:43:16.246Z"}
{"channel":"startup","context":"Startup","level":"info","message":"Prisma disconnected","service":"juman-backend-node","timestamp":"2026-08-09T09:13:13.158Z"}
{"channel":"startup","context":"Startup","dataDir":"C:\\Users\\moham\\Desktop\\juman","envCreated":false,"envFile":"C:\\Users\\moham\\Desktop\\juman\\config\\juman.env","environment":"development","host":"127.0.0.1","level":"info","message":"Juman Backend V2 starting","migrations":"applied","port":8787,"service":"juman-backend-node","timestamp":"2026-08-09T09:13:36.106Z","version":"2.0.0"}
{"channel":"startup","context":"Startup","level":"info","message":"SQLite PRAGMAs applied (foreign_keys, WAL, busy_timeout)","service":"juman-backend-node","timestamp":"2026-08-09T09:13:36.169Z"}
{"channel":"startup","context":"Startup","level":"info","message":"Prisma connected to SQLite","service":"juman-backend-node","timestamp":"2026-08-09T09:13:36.171Z"}
{"channel":"startup","context":"Startup","count":27,"level":"info","message":"App settings ensured","service":"juman-backend-node","timestamp":"2026-08-09T09:13:36.245Z"}
{"channel":"startup","context":"Startup","count":105,"level":"info","message":"RBAC permissions ensured","service":"juman-backend-node","timestamp":"2026-08-09T09:13:36.429Z"}
{"channel":"startup","context":"Startup","count":105,"level":"info","message":"RBAC permissions ensured","service":"juman-backend-node","timestamp":"2026-08-09T09:13:36.605Z"}
{"channel":"startup","context":"Startup","count":4,"level":"info","message":"RBAC system roles ensured","service":"juman-backend-node","timestamp":"2026-08-09T09:13:36.784Z"}
{"channel":"startup","context":"Startup","level":"info","message":"Administrator user already present","service":"juman-backend-node","timestamp":"2026-08-09T09:13:36.789Z","username":"admin"}
{"categories":3,"channel":"startup","context":"Startup","level":"info","message":"Demo seed skipped (categories already present)","service":"juman-backend-node","timestamp":"2026-08-09T09:13:36.792Z"}
{"channel":"startup","context":"Startup","customerId":"45c43439-599c-459d-85d9-5ad83caded3a","customerNumber":"WALK-IN","level":"info","message":"Walk-in customer ready","service":"juman-backend-node","timestamp":"2026-08-09T09:13:36.796Z"}
{"channel":"application","context":"NestFactory","level":"info","message":"Starting Nest application...","service":"juman-backend-node","timestamp":"2026-08-09T09:13:36.815Z"}
{"channel":"application","context":"InstanceLoader","level":"info","message":"LoggerModule dependencies initialized","service":"juman-backend-node","timestamp":"2026-08-09T09:13:36.816Z"}
{"channel":"application","context":"InstanceLoader","level":"info","message":"PassportModule dependencies initialized","service":"juman-backend-node","timestamp":"2026-08-09T09:13:36.816Z"}
{"channel":"application","context":"InstanceLoader","level":"info","message":"ConfigHostModule dependencies initialized","service":"juman-backend-node","timestamp":"2026-08-09T09:13:36.816Z"}
{"channel":"application","context":"InstanceLoader","level":"info","message":"ConfigModule dependencies initialized","service":"juman-backend-node","timestamp":"2026-08-09T09:13:36.816Z"}
{"channel":"application","context":"InstanceLoader","level":"info","message":"ConfigModule dependencies initialized","service":"juman-backend-node","timestamp":"2026-08-09T09:13:36.816Z"}
{"channel":"application","context":"InstanceLoader","level":"info","message":"PrismaModule dependencies initialized","service":"juman-backend-node","timestamp":"2026-08-09T09:13:36.817Z"}
{"channel":"application","context":"InstanceLoader","level":"info","message":"JwtModule dependencies initialized","service":"juman-backend-node","timestamp":"2026-08-09T09:13:36.817Z"}
{"channel":"application","context":"InstanceLoader","level":"info","message":"SettingsModule dependencies initialized","service":"juman-backend-node","timestamp":"2026-08-09T09:13:36.817Z"}
{"channel":"application","context":"InstanceLoader","level":"info","message":"AuditModule dependencies initialized","service":"juman-backend-node","timestamp":"2026-08-09T09:13:36.818Z"}
{"channel":"application","context":"InstanceLoader","level":"info","message":"SecurityModule dependencies initialized","service":"juman-backend-node","timestamp":"2026-08-09T09:13:36.818Z"}
{"channel":"application","context":"InstanceLoader","level":"info","message":"HealthModule dependencies initialized","service":"juman-backend-node","timestamp":"2026-08-09T09:13:36.819Z"}
{"channel":"application","context":"InstanceLoader","level":"info","message":"PermissionsModule dependencies initialized","service":"juman-backend-node","timestamp":"2026-08-09T09:13:36.820Z"}
{"channel":"application","context":"InstanceLoader","level":"info","message":"RolesModule dependencies initialized","service":"juman-backend-node","timestamp":"2026-08-09T09:13:36.820Z"}
{"channel":"application","context":"InstanceLoader","level":"info","message":"AppModule dependencies initialized","service":"juman-backend-node","timestamp":"2026-08-09T09:13:36.820Z"}
{"channel":"application","context":"InstanceLoader","level":"info","message":"AvailabilityModule dependencies initialized","service":"juman-backend-node","timestamp":"2026-08-09T09:13:36.820Z"}
{"channel":"application","context":"InstanceLoader","level":"info","message":"ReportsModule dependencies initialized","service":"juman-backend-node","timestamp":"2026-08-09T09:13:36.821Z"}
{"channel":"application","context":"InstanceLoader","level":"info","message":"MediaModule dependencies initialized","service":"juman-backend-node","timestamp":"2026-08-09T09:13:36.821Z"}
{"channel":"application","context":"InstanceLoader","level":"info","message":"BarcodeModule dependencies initialized","service":"juman-backend-node","timestamp":"2026-08-09T09:13:36.821Z"}
{"channel":"application","context":"InstanceLoader","level":"info","message":"CustomersModule dependencies initialized","service":"juman-backend-node","timestamp":"2026-08-09T09:13:36.821Z"}
{"channel":"application","context":"InstanceLoader","level":"info","message":"UsersModule dependencies initialized","service":"juman-backend-node","timestamp":"2026-08-09T09:13:36.822Z"}
{"channel":"application","context":"InstanceLoader","level":"info","message":"AuthModule dependencies initialized","service":"juman-backend-node","timestamp":"2026-08-09T09:13:36.822Z"}
{"channel":"application","context":"InstanceLoader","level":"info","message":"InventoryModule dependencies initialized","service":"juman-backend-node","timestamp":"2026-08-09T09:13:36.823Z"}
{"channel":"application","context":"InstanceLoader","level":"info","message":"FinanceModule dependencies initialized","service":"juman-backend-node","timestamp":"2026-08-09T09:13:36.823Z"}
{"channel":"application","context":"InstanceLoader","level":"info","message":"RentalsModule dependencies initialized","service":"juman-backend-node","timestamp":"2026-08-09T09:13:36.823Z"}
{"channel":"application","context":"InstanceLoader","level":"info","message":"SalesModule dependencies initialized","service":"juman-backend-node","timestamp":"2026-08-09T09:13:36.823Z"}
{"channel":"application","context":"InstanceLoader","level":"info","message":"ReservationsModule dependencies initialized","service":"juman-backend-node","timestamp":"2026-08-09T09:13:36.823Z"}
{"channel":"application","context":"RoutesResolver","level":"info","message":"MediaController {/media}:","service":"juman-backend-node","timestamp":"2026-08-09T09:13:36.823Z"}
{"channel":"application","context":"RouterExplorer","level":"info","message":"Mapped {/media, GET} route","service":"juman-backend-node","timestamp":"2026-08-09T09:13:36.824Z"}
{"channel":"application","context":"RouterExplorer","level":"info","message":"Mapped {/media/:id, GET} route","service":"juman-backend-node","timestamp":"2026-08-09T09:13:36.824Z"}
{"channel":"application","context":"RouterExplorer","level":"info","message":"Mapped {/media/:id/integrity, GET} route","service":"juman-backend-node","timestamp":"2026-08-09T09:13:36.824Z"}
{"channel":"application","context":"RouterExplorer","level":"info","message":"Mapped {/media, POST} route","service":"juman-backend-node","timestamp":"2026-08-09T09:13:36.824Z"}
{"channel":"application","context":"RouterExplorer","level":"info","message":"Mapped {/media/:id, DELETE} route","service":"juman-backend-node","timestamp":"2026-08-09T09:13:36.824Z"}
{"channel":"application","context":"RouterExplorer","level":"info","message":"Mapped {/media/:id/restore, POST} route","service":"juman-backend-node","timestamp":"2026-08-09T09:13:36.824Z"}
{"channel":"application","context":"RoutesResolver","level":"info","message":"BarcodeController {/barcodes}:","service":"juman-backend-node","timestamp":"2026-08-09T09:13:36.824Z"}
{"channel":"application","context":"RouterExplorer","level":"info","message":"Mapped {/barcodes, GET} route","service":"juman-backend-node","timestamp":"2026-08-09T09:13:36.824Z"}
{"channel":"application","context":"RouterExplorer","level":"info","message":"Mapped {/barcodes/:id, GET} route","service":"juman-backend-node","timestamp":"2026-08-09T09:13:36.824Z"}
{"channel":"application","context":"RouterExplorer","level":"info","message":"Mapped {/barcodes/generate, POST} route","service":"juman-backend-node","timestamp":"2026-08-09T09:13:36.824Z"}
{"channel":"application","context":"RouterExplorer","level":"info","message":"Mapped {/barcodes/validate, POST} route","service":"juman-backend-node","timestamp":"2026-08-09T09:13:36.825Z"}
{"channel":"application","context":"RouterExplorer","level":"info","message":"Mapped {/barcodes/reserve, POST} route","service":"juman-backend-node","timestamp":"2026-08-09T09:13:36.825Z"}
{"channel":"application","context":"RouterExplorer","level":"info","message":"Mapped {/barcodes/release, POST} route","service":"juman-backend-node","timestamp":"2026-08-09T09:13:36.825Z"}
{"channel":"application","context":"RouterExplorer","level":"info","message":"Mapped {/barcodes/retire, POST} route","service":"juman-backend-node","timestamp":"2026-08-09T09:13:36.825Z"}
{"channel":"application","context":"RoutesResolver","level":"info","message":"PermissionsController {/permissions}:","service":"juman-backend-node","timestamp":"2026-08-09T09:13:36.825Z"}
{"channel":"application","context":"RouterExplorer","level":"info","message":"Mapped {/permissions, GET} route","service":"juman-backend-node","timestamp":"2026-08-09T09:13:36.825Z"}
{"channel":"application","context":"RoutesResolver","level":"info","message":"RolesController {/roles}:","service":"juman-backend-node","timestamp":"2026-08-09T09:13:36.825Z"}
{"channel":"application","context":"RouterExplorer","level":"info","message":"Mapped {/roles, GET} route","service":"juman-backend-node","timestamp":"2026-08-09T09:13:36.825Z"}
{"channel":"application","context":"RoutesResolver","level":"info","message":"UsersController {/users}:","service":"juman-backend-node","timestamp":"2026-08-09T09:13:36.826Z"}
{"channel":"application","context":"RouterExplorer","level":"info","message":"Mapped {/users, GET} route","service":"juman-backend-node","timestamp":"2026-08-09T09:13:36.826Z"}
{"channel":"application","context":"RouterExplorer","level":"info","message":"Mapped {/users/:id, GET} route","service":"juman-backend-node","timestamp":"2026-08-09T09:13:36.826Z"}
{"channel":"application","context":"RouterExplorer","level":"info","message":"Mapped {/users, POST} route","service":"juman-backend-node","timestamp":"2026-08-09T09:13:36.826Z"}
{"channel":"application","context":"RouterExplorer","level":"info","message":"Mapped {/users/:id, PATCH} route","service":"juman-backend-node","timestamp":"2026-08-09T09:13:36.826Z"}
{"channel":"application","context":"RouterExplorer","level":"info","message":"Mapped {/users/:id/deactivate, POST} route","service":"juman-backend-node","timestamp":"2026-08-09T09:13:36.827Z"}
{"channel":"application","context":"RouterExplorer","level":"info","message":"Mapped {/users/:id/activate, POST} route","service":"juman-backend-node","timestamp":"2026-08-09T09:13:36.827Z"}
{"channel":"application","context":"RouterExplorer","level":"info","message":"Mapped {/users/:id/unlock, POST} route","service":"juman-backend-node","timestamp":"2026-08-09T09:13:36.827Z"}
{"channel":"application","context":"RouterExplorer","level":"info","message":"Mapped {/users/:id/reset-password, POST} route","service":"juman-backend-node","timestamp":"2026-08-09T09:13:36.827Z"}
{"channel":"application","context":"RouterExplorer","level":"info","message":"Mapped {/users/:id, DELETE} route","service":"juman-backend-node","timestamp":"2026-08-09T09:13:36.827Z"}
{"channel":"application","context":"RouterExplorer","level":"info","message":"Mapped {/users/:id/restore, POST} route","service":"juman-backend-node","timestamp":"2026-08-09T09:13:36.827Z"}
{"channel":"application","context":"RoutesResolver","level":"info","message":"AuthController {/auth}:","service":"juman-backend-node","timestamp":"2026-08-09T09:13:36.828Z"}
{"channel":"application","context":"RouterExplorer","level":"info","message":"Mapped {/auth/login, POST} route","service":"juman-backend-node","timestamp":"2026-08-09T09:13:36.828Z"}
{"channel":"application","context":"RouterExplorer","level":"info","message":"Mapped {/auth/logout, POST} route","service":"juman-backend-node","timestamp":"2026-08-09T09:13:36.828Z"}
{"channel":"application","context":"RouterExplorer","level":"info","message":"Mapped {/auth/change-password, POST} route","service":"juman-backend-node","timestamp":"2026-08-09T09:13:36.828Z"}
{"channel":"application","context":"RouterExplorer","level":"info","message":"Mapped {/auth/admin/unlock, POST} route","service":"juman-backend-node","timestamp":"2026-08-09T09:13:36.828Z"}
{"channel":"application","context":"RouterExplorer","level":"info","message":"Mapped {/auth/session, GET} route","service":"juman-backend-node","timestamp":"2026-08-09T09:13:36.828Z"}
{"channel":"application","context":"RouterExplorer","level":"info","message":"Mapped {/auth/me, GET} route","service":"juman-backend-node","timestamp":"2026-08-09T09:13:36.829Z"}
{"channel":"application","context":"RoutesResolver","level":"info","message":"CustomersController {/customers}:","service":"juman-backend-node","timestamp":"2026-08-09T09:13:36.829Z"}
{"channel":"application","context":"RouterExplorer","level":"info","message":"Mapped {/customers, GET} route","service":"juman-backend-node","timestamp":"2026-08-09T09:13:36.829Z"}
{"channel":"application","context":"RouterExplorer","level":"info","message":"Mapped {/customers/search, GET} route","service":"juman-backend-node","timestamp":"2026-08-09T09:13:36.829Z"}
{"channel":"application","context":"RouterExplorer","level":"info","message":"Mapped {/customers/number/:customerNumber, GET} route","service":"juman-backend-node","timestamp":"2026-08-09T09:13:36.829Z"}
{"channel":"application","context":"RouterExplorer","level":"info","message":"Mapped {/customers/:id, GET} route","service":"juman-backend-node","timestamp":"2026-08-09T09:13:36.829Z"}
{"channel":"application","context":"RouterExplorer","level":"info","message":"Mapped {/customers, POST} route","service":"juman-backend-node","timestamp":"2026-08-09T09:13:36.829Z"}
{"channel":"application","context":"RouterExplorer","level":"info","message":"Mapped {/customers/:id, PATCH} route","service":"juman-backend-node","timestamp":"2026-08-09T09:13:36.829Z"}
{"channel":"application","context":"RouterExplorer","level":"info","message":"Mapped {/customers/:id, DELETE} route","service":"juman-backend-node","timestamp":"2026-08-09T09:13:36.829Z"}
{"channel":"application","context":"RouterExplorer","level":"info","message":"Mapped {/customers/:id/restore, POST} route","service":"juman-backend-node","timestamp":"2026-08-09T09:13:36.830Z"}
{"channel":"application","context":"RoutesResolver","level":"info","message":"CategoriesController {/categories}:","service":"juman-backend-node","timestamp":"2026-08-09T09:13:36.830Z"}
{"channel":"application","context":"RouterExplorer","level":"info","message":"Mapped {/categories, GET} route","service":"juman-backend-node","timestamp":"2026-08-09T09:13:36.830Z"}
{"channel":"application","context":"RouterExplorer","level":"info","message":"Mapped {/categories/:id, GET} route","service":"juman-backend-node","timestamp":"2026-08-09T09:13:36.830Z"}
{"channel":"application","context":"RouterExplorer","level":"info","message":"Mapped {/categories, POST} route","service":"juman-backend-node","timestamp":"2026-08-09T09:13:36.830Z"}
{"channel":"application","context":"RouterExplorer","level":"info","message":"Mapped {/categories/:id, PATCH} route","service":"juman-backend-node","timestamp":"2026-08-09T09:13:36.831Z"}
{"channel":"application","context":"RouterExplorer","level":"info","message":"Mapped {/categories/:id, DELETE} route","service":"juman-backend-node","timestamp":"2026-08-09T09:13:36.831Z"}
{"channel":"application","context":"RouterExplorer","level":"info","message":"Mapped {/categories/:id/restore, POST} route","service":"juman-backend-node","timestamp":"2026-08-09T09:13:36.831Z"}
{"channel":"application","context":"RoutesResolver","level":"info","message":"BrandsController {/brands}:","service":"juman-backend-node","timestamp":"2026-08-09T09:13:36.831Z"}
{"channel":"application","context":"RouterExplorer","level":"info","message":"Mapped {/brands, GET} route","service":"juman-backend-node","timestamp":"2026-08-09T09:13:36.831Z"}
{"channel":"application","context":"RouterExplorer","level":"info","message":"Mapped {/brands/:id, GET} route","service":"juman-backend-node","timestamp":"2026-08-09T09:13:36.831Z"}
{"channel":"application","context":"RouterExplorer","level":"info","message":"Mapped {/brands, POST} route","service":"juman-backend-node","timestamp":"2026-08-09T09:13:36.831Z"}
{"channel":"application","context":"RouterExplorer","level":"info","message":"Mapped {/brands/:id, PATCH} route","service":"juman-backend-node","timestamp":"2026-08-09T09:13:36.831Z"}
{"channel":"application","context":"RouterExplorer","level":"info","message":"Mapped {/brands/:id, DELETE} route","service":"juman-backend-node","timestamp":"2026-08-09T09:13:36.832Z"}
{"channel":"application","context":"RouterExplorer","level":"info","message":"Mapped {/brands/:id/restore, POST} route","service":"juman-backend-node","timestamp":"2026-08-09T09:13:36.832Z"}
{"channel":"application","context":"RoutesResolver","level":"info","message":"ColorsController {/colors}:","service":"juman-backend-node","timestamp":"2026-08-09T09:13:36.832Z"}
{"channel":"application","context":"RouterExplorer","level":"info","message":"Mapped {/colors, GET} route","service":"juman-backend-node","timestamp":"2026-08-09T09:13:36.832Z"}
{"channel":"application","context":"RouterExplorer","level":"info","message":"Mapped {/colors/:id, GET} route","service":"juman-backend-node","timestamp":"2026-08-09T09:13:36.832Z"}
{"channel":"application","context":"RouterExplorer","level":"info","message":"Mapped {/colors, POST} route","service":"juman-backend-node","timestamp":"2026-08-09T09:13:36.832Z"}
{"channel":"application","context":"RouterExplorer","level":"info","message":"Mapped {/colors/:id, PATCH} route","service":"juman-backend-node","timestamp":"2026-08-09T09:13:36.832Z"}
{"channel":"application","context":"RouterExplorer","level":"info","message":"Mapped {/colors/:id, DELETE} route","service":"juman-backend-node","timestamp":"2026-08-09T09:13:36.832Z"}
{"channel":"application","context":"RouterExplorer","level":"info","message":"Mapped {/colors/:id/restore, POST} route","service":"juman-backend-node","timestamp":"2026-08-09T09:13:36.833Z"}
{"channel":"application","context":"RoutesResolver","level":"info","message":"SizesController {/sizes}:","service":"juman-backend-node","timestamp":"2026-08-09T09:13:36.833Z"}
{"channel":"application","context":"RouterExplorer","level":"info","message":"Mapped {/sizes, GET} route","service":"juman-backend-node","timestamp":"2026-08-09T09:13:36.833Z"}
{"channel":"application","context":"RouterExplorer","level":"info","message":"Mapped {/sizes/:id, GET} route","service":"juman-backend-node","timestamp":"2026-08-09T09:13:36.833Z"}
{"channel":"application","context":"RouterExplorer","level":"info","message":"Mapped {/sizes, POST} route","service":"juman-backend-node","timestamp":"2026-08-09T09:13:36.833Z"}
{"channel":"application","context":"RouterExplorer","level":"info","message":"Mapped {/sizes/:id, PATCH} route","service":"juman-backend-node","timestamp":"2026-08-09T09:13:36.833Z"}
{"channel":"application","context":"RouterExplorer","level":"info","message":"Mapped {/sizes/:id, DELETE} route","service":"juman-backend-node","timestamp":"2026-08-09T09:13:36.833Z"}
{"channel":"application","context":"RouterExplorer","level":"info","message":"Mapped {/sizes/:id/restore, POST} route","service":"juman-backend-node","timestamp":"2026-08-09T09:13:36.833Z"}
{"channel":"application","context":"RoutesResolver","level":"info","message":"LifecycleController {/items}:","service":"juman-backend-node","timestamp":"2026-08-09T09:13:36.834Z"}
{"channel":"application","context":"RouterExplorer","level":"info","message":"Mapped {/items/:id/state, GET} route","service":"juman-backend-node","timestamp":"2026-08-09T09:13:36.834Z"}
{"channel":"application","context":"RouterExplorer","level":"info","message":"Mapped {/items/:id/history, GET} route","service":"juman-backend-node","timestamp":"2026-08-09T09:13:36.834Z"}
{"channel":"application","context":"RouterExplorer","level":"info","message":"Mapped {/items/:id/transition, POST} route","service":"juman-backend-node","timestamp":"2026-08-09T09:13:36.834Z"}
{"channel":"application","context":"RoutesResolver","level":"info","message":"ItemsController {/items}:","service":"juman-backend-node","timestamp":"2026-08-09T09:13:36.834Z"}
{"channel":"application","context":"RouterExplorer","level":"info","message":"Mapped {/items, GET} route","service":"juman-backend-node","timestamp":"2026-08-09T09:13:36.834Z"}
{"channel":"application","context":"RouterExplorer","level":"info","message":"Mapped {/items/search, GET} route","service":"juman-backend-node","timestamp":"2026-08-09T09:13:36.835Z"}
{"channel":"application","context":"RouterExplorer","level":"info","message":"Mapped {/items/code/:internalCode, GET} route","service":"juman-backend-node","timestamp":"2026-08-09T09:13:36.835Z"}
{"channel":"application","context":"RouterExplorer","level":"info","message":"Mapped {/items/:id, GET} route","service":"juman-backend-node","timestamp":"2026-08-09T09:13:36.836Z"}
{"channel":"application","context":"RouterExplorer","level":"info","message":"Mapped {/items, POST} route","service":"juman-backend-node","timestamp":"2026-08-09T09:13:36.836Z"}
{"channel":"application","context":"RouterExplorer","level":"info","message":"Mapped {/items/:id, PATCH} route","service":"juman-backend-node","timestamp":"2026-08-09T09:13:36.836Z"}
{"channel":"application","context":"RouterExplorer","level":"info","message":"Mapped {/items/:id, DELETE} route","service":"juman-backend-node","timestamp":"2026-08-09T09:13:36.836Z"}
{"channel":"application","context":"RouterExplorer","level":"info","message":"Mapped {/items/:id/restore, POST} route","service":"juman-backend-node","timestamp":"2026-08-09T09:13:36.837Z"}
{"channel":"application","context":"RouterExplorer","level":"info","message":"Mapped {/items/:id/media, POST} route","service":"juman-backend-node","timestamp":"2026-08-09T09:13:36.837Z"}
{"channel":"application","context":"RoutesResolver","level":"info","message":"AvailabilityController {/availability}:","service":"juman-backend-node","timestamp":"2026-08-09T09:13:36.837Z"}
{"channel":"application","context":"RouterExplorer","level":"info","message":"Mapped {/availability, GET} route","service":"juman-backend-node","timestamp":"2026-08-09T09:13:36.837Z"}
{"channel":"application","context":"RouterExplorer","level":"info","message":"Mapped {/availability/calendar, GET} route","service":"juman-backend-node","timestamp":"2026-08-09T09:13:36.837Z"}
{"channel":"application","context":"RouterExplorer","level":"info","message":"Mapped {/availability/item/:id, GET} route","service":"juman-backend-node","timestamp":"2026-08-09T09:13:36.837Z"}
{"channel":"application","context":"RoutesResolver","level":"info","message":"FinanceController {/finance}:","service":"juman-backend-node","timestamp":"2026-08-09T09:13:36.837Z"}
{"channel":"application","context":"RouterExplorer","level":"info","message":"Mapped {/finance/accounts, GET} route","service":"juman-backend-node","timestamp":"2026-08-09T09:13:36.838Z"}
{"channel":"application","context":"RouterExplorer","level":"info","message":"Mapped {/finance/transactions, GET} route","service":"juman-backend-node","timestamp":"2026-08-09T09:13:36.838Z"}
{"channel":"application","context":"RouterExplorer","level":"info","message":"Mapped {/finance/payments, GET} route","service":"juman-backend-node","timestamp":"2026-08-09T09:13:36.838Z"}
{"channel":"application","context":"RouterExplorer","level":"info","message":"Mapped {/finance/payments, POST} route","service":"juman-backend-node","timestamp":"2026-08-09T09:13:36.838Z"}
{"channel":"application","context":"RouterExplorer","level":"info","message":"Mapped {/finance/outstanding, GET} route","service":"juman-backend-node","timestamp":"2026-08-09T09:13:36.838Z"}
{"channel":"application","context":"RoutesResolver","level":"info","message":"SettlementController {/settlements}:","service":"juman-backend-node","timestamp":"2026-08-09T09:13:36.838Z"}
{"channel":"application","context":"RouterExplorer","level":"info","message":"Mapped {/settlements, GET} route","service":"juman-backend-node","timestamp":"2026-08-09T09:13:36.839Z"}
{"channel":"application","context":"RouterExplorer","level":"info","message":"Mapped {/settlements/:id, GET} route","service":"juman-backend-node","timestamp":"2026-08-09T09:13:36.839Z"}
{"channel":"application","context":"RouterExplorer","level":"info","message":"Mapped {/settlements/:id/payment, POST} route","service":"juman-backend-node","timestamp":"2026-08-09T09:13:36.839Z"}
{"channel":"application","context":"RouterExplorer","level":"info","message":"Mapped {/settlements/:id/refund, POST} route","service":"juman-backend-node","timestamp":"2026-08-09T09:13:36.839Z"}
{"channel":"application","context":"RouterExplorer","level":"info","message":"Mapped {/settlements/:id/adjustment, POST} route","service":"juman-backend-node","timestamp":"2026-08-09T09:13:36.839Z"}
{"channel":"application","context":"RouterExplorer","level":"info","message":"Mapped {/settlements/:id/discount, POST} route","service":"juman-backend-node","timestamp":"2026-08-09T09:13:36.839Z"}
{"channel":"application","context":"RouterExplorer","level":"info","message":"Mapped {/settlements/:id/late-fee, POST} route","service":"juman-backend-node","timestamp":"2026-08-09T09:13:36.839Z"}
{"channel":"application","context":"RouterExplorer","level":"info","message":"Mapped {/settlements/:id/close, POST} route","service":"juman-backend-node","timestamp":"2026-08-09T09:13:36.839Z"}
{"channel":"application","context":"RouterExplorer","level":"info","message":"Mapped {/settlements/:id/cancel, POST} route","service":"juman-backend-node","timestamp":"2026-08-09T09:13:36.840Z"}
{"channel":"application","context":"RoutesResolver","level":"info","message":"RentalsController {/rentals}:","service":"juman-backend-node","timestamp":"2026-08-09T09:13:36.840Z"}
{"channel":"application","context":"RouterExplorer","level":"info","message":"Mapped {/rentals, GET} route","service":"juman-backend-node","timestamp":"2026-08-09T09:13:36.840Z"}
{"channel":"application","context":"RouterExplorer","level":"info","message":"Mapped {/rentals/:id/audit, GET} route","service":"juman-backend-node","timestamp":"2026-08-09T09:13:36.840Z"}
{"channel":"application","context":"RouterExplorer","level":"info","message":"Mapped {/rentals/:id, GET} route","service":"juman-backend-node","timestamp":"2026-08-09T09:13:36.840Z"}
{"channel":"application","context":"RouterExplorer","level":"info","message":"Mapped {/rentals, POST} route","service":"juman-backend-node","timestamp":"2026-08-09T09:13:36.840Z"}
{"channel":"application","context":"RouterExplorer","level":"info","message":"Mapped {/rentals/:id/notes, POST} route","service":"juman-backend-node","timestamp":"2026-08-09T09:13:36.840Z"}
{"channel":"application","context":"RouterExplorer","level":"info","message":"Mapped {/rentals/:id, PATCH} route","service":"juman-backend-node","timestamp":"2026-08-09T09:13:36.840Z"}
{"channel":"application","context":"RouterExplorer","level":"info","message":"Mapped {/rentals/:id/checkout, POST} route","service":"juman-backend-node","timestamp":"2026-08-09T09:13:36.840Z"}
{"channel":"application","context":"RouterExplorer","level":"info","message":"Mapped {/rentals/:id/return, POST} route","service":"juman-backend-node","timestamp":"2026-08-09T09:13:36.840Z"}
{"channel":"application","context":"RouterExplorer","level":"info","message":"Mapped {/rentals/:id/complete, POST} route","service":"juman-backend-node","timestamp":"2026-08-09T09:13:36.840Z"}
{"channel":"application","context":"RouterExplorer","level":"info","message":"Mapped {/rentals/:id/cancel, POST} route","service":"juman-backend-node","timestamp":"2026-08-09T09:13:36.841Z"}
{"channel":"application","context":"RoutesResolver","level":"info","message":"ReservationsController {/reservations}:","service":"juman-backend-node","timestamp":"2026-08-09T09:13:36.841Z"}
{"channel":"application","context":"RouterExplorer","level":"info","message":"Mapped {/reservations, GET} route","service":"juman-backend-node","timestamp":"2026-08-09T09:13:36.841Z"}
{"channel":"application","context":"RouterExplorer","level":"info","message":"Mapped {/reservations/:id, GET} route","service":"juman-backend-node","timestamp":"2026-08-09T09:13:36.841Z"}
{"channel":"application","context":"RouterExplorer","level":"info","message":"Mapped {/reservations, POST} route","service":"juman-backend-node","timestamp":"2026-08-09T09:13:36.841Z"}
{"channel":"application","context":"RouterExplorer","level":"info","message":"Mapped {/reservations/:id/checkout, POST} route","service":"juman-backend-node","timestamp":"2026-08-09T09:13:36.841Z"}
{"channel":"application","context":"RouterExplorer","level":"info","message":"Mapped {/reservations/:id/cancel, POST} route","service":"juman-backend-node","timestamp":"2026-08-09T09:13:36.841Z"}
{"channel":"application","context":"RouterExplorer","level":"info","message":"Mapped {/reservations/:id/expire, POST} route","service":"juman-backend-node","timestamp":"2026-08-09T09:13:36.841Z"}
{"channel":"application","context":"RoutesResolver","level":"info","message":"SalesController {/sales}:","service":"juman-backend-node","timestamp":"2026-08-09T09:13:36.842Z"}
{"channel":"application","context":"RouterExplorer","level":"info","message":"Mapped {/sales, GET} route","service":"juman-backend-node","timestamp":"2026-08-09T09:13:36.842Z"}
{"channel":"application","context":"RouterExplorer","level":"info","message":"Mapped {/sales/:id/history, GET} route","service":"juman-backend-node","timestamp":"2026-08-09T09:13:36.842Z"}
{"channel":"application","context":"RouterExplorer","level":"info","message":"Mapped {/sales/:id, GET} route","service":"juman-backend-node","timestamp":"2026-08-09T09:13:36.842Z"}
{"channel":"application","context":"RouterExplorer","level":"info","message":"Mapped {/sales, POST} route","service":"juman-backend-node","timestamp":"2026-08-09T09:13:36.842Z"}
{"channel":"application","context":"RouterExplorer","level":"info","message":"Mapped {/sales/:id/confirm, POST} route","service":"juman-backend-node","timestamp":"2026-08-09T09:13:36.843Z"}
{"channel":"application","context":"RouterExplorer","level":"info","message":"Mapped {/sales/:id/payment, POST} route","service":"juman-backend-node","timestamp":"2026-08-09T09:13:36.843Z"}
{"channel":"application","context":"RouterExplorer","level":"info","message":"Mapped {/sales/:id/complete, POST} route","service":"juman-backend-node","timestamp":"2026-08-09T09:13:36.843Z"}
{"channel":"application","context":"RouterExplorer","level":"info","message":"Mapped {/sales/:id/cancel, POST} route","service":"juman-backend-node","timestamp":"2026-08-09T09:13:36.843Z"}
{"channel":"application","context":"RoutesResolver","level":"info","message":"ReportsController {/reports}:","service":"juman-backend-node","timestamp":"2026-08-09T09:13:36.845Z"}
{"channel":"application","context":"RouterExplorer","level":"info","message":"Mapped {/reports/dashboard, GET} route","service":"juman-backend-node","timestamp":"2026-08-09T09:13:36.846Z"}
{"channel":"application","context":"RouterExplorer","level":"info","message":"Mapped {/reports/financial, GET} route","service":"juman-backend-node","timestamp":"2026-08-09T09:13:36.846Z"}
{"channel":"application","context":"RouterExplorer","level":"info","message":"Mapped {/reports/rentals/current, GET} route","service":"juman-backend-node","timestamp":"2026-08-09T09:13:36.846Z"}
{"channel":"application","context":"RouterExplorer","level":"info","message":"Mapped {/reports/rentals/overdue, GET} route","service":"juman-backend-node","timestamp":"2026-08-09T09:13:36.847Z"}
{"channel":"application","context":"RouterExplorer","level":"info","message":"Mapped {/reports/rentals/returns, GET} route","service":"juman-backend-node","timestamp":"2026-08-09T09:13:36.848Z"}
{"channel":"application","context":"RouterExplorer","level":"info","message":"Mapped {/reports/rentals/reservations, GET} route","service":"juman-backend-node","timestamp":"2026-08-09T09:13:36.848Z"}
{"channel":"application","context":"RouterExplorer","level":"info","message":"Mapped {/reports/rentals/history, GET} route","service":"juman-backend-node","timestamp":"2026-08-09T09:13:36.848Z"}
{"channel":"application","context":"RouterExplorer","level":"info","message":"Mapped {/reports/inventory/value, GET} route","service":"juman-backend-node","timestamp":"2026-08-09T09:13:36.848Z"}
{"channel":"application","context":"RouterExplorer","level":"info","message":"Mapped {/reports/inventory/availability, GET} route","service":"juman-backend-node","timestamp":"2026-08-09T09:13:36.849Z"}
{"channel":"application","context":"RouterExplorer","level":"info","message":"Mapped {/reports/inventory/category, GET} route","service":"juman-backend-node","timestamp":"2026-08-09T09:13:36.849Z"}
{"channel":"application","context":"RouterExplorer","level":"info","message":"Mapped {/reports/inventory/brand, GET} route","service":"juman-backend-node","timestamp":"2026-08-09T09:13:36.849Z"}
{"channel":"application","context":"RouterExplorer","level":"info","message":"Mapped {/reports/inventory/color, GET} route","service":"juman-backend-node","timestamp":"2026-08-09T09:13:36.849Z"}
{"channel":"application","context":"RouterExplorer","level":"info","message":"Mapped {/reports/inventory/size, GET} route","service":"juman-backend-node","timestamp":"2026-08-09T09:13:36.849Z"}
{"channel":"application","context":"RouterExplorer","level":"info","message":"Mapped {/reports/inventory/lifecycle, GET} route","service":"juman-backend-node","timestamp":"2026-08-09T09:13:36.849Z"}
{"channel":"application","context":"RouterExplorer","level":"info","message":"Mapped {/reports/inventory/retired, GET} route","service":"juman-backend-node","timestamp":"2026-08-09T09:13:36.850Z"}
{"channel":"application","context":"RouterExplorer","level":"info","message":"Mapped {/reports/inventory/maintenance, GET} route","service":"juman-backend-node","timestamp":"2026-08-09T09:13:36.850Z"}
{"channel":"application","context":"RouterExplorer","level":"info","message":"Mapped {/reports/customers/:id/rentals, GET} route","service":"juman-backend-node","timestamp":"2026-08-09T09:13:36.850Z"}
{"channel":"application","context":"RouterExplorer","level":"info","message":"Mapped {/reports/customers/:id/outstanding, GET} route","service":"juman-backend-node","timestamp":"2026-08-09T09:13:36.850Z"}
{"channel":"application","context":"RouterExplorer","level":"info","message":"Mapped {/reports/customers/:id/payments, GET} route","service":"juman-backend-node","timestamp":"2026-08-09T09:13:36.850Z"}
{"channel":"application","context":"RouterExplorer","level":"info","message":"Mapped {/reports/customers/:id/reservations, GET} route","service":"juman-backend-node","timestamp":"2026-08-09T09:13:36.850Z"}
{"channel":"application","context":"RouterExplorer","level":"info","message":"Mapped {/reports/export, GET} route","service":"juman-backend-node","timestamp":"2026-08-09T09:13:36.850Z"}
{"channel":"application","context":"RoutesResolver","level":"info","message":"HealthController {/health}:","service":"juman-backend-node","timestamp":"2026-08-09T09:13:36.850Z"}
{"channel":"application","context":"RouterExplorer","level":"info","message":"Mapped {/health, GET} route","service":"juman-backend-node","timestamp":"2026-08-09T09:13:36.850Z"}
{"channel":"application","context":"NestApplication","level":"info","message":"Nest application successfully started","service":"juman-backend-node","timestamp":"2026-08-09T09:13:36.850Z"}
{"channel":"startup","context":"Startup","level":"info","message":"Listening on http://127.0.0.1:8787","service":"juman-backend-node","timestamp":"2026-08-09T09:13:36.853Z"}
{"channel":"startup","context":"Startup","level":"info","message":"GET /health ready","service":"juman-backend-node","timestamp":"2026-08-09T09:13:36.853Z"}
