{"channel":"startup","context":"Startup","dataDir":"C:\\Users\\moham\\Desktop\\juman","envCreated":true,"envFile":"C:\\Users\\moham\\Desktop\\juman\\config\\juman.env","environment":"development","host":"127.0.0.1","level":"info","message":"Juman Backend V2 starting","migrations":"applied","port":8787,"service":"juman-backend-node","timestamp":"2026-08-08T07:47:05.419Z","version":"2.0.0"}
{"channel":"startup","context":"Startup","level":"info","message":"SQLite PRAGMAs applied (foreign_keys, WAL, busy_timeout)","service":"juman-backend-node","timestamp":"2026-08-08T07:47:05.465Z"}
{"channel":"startup","context":"Startup","level":"info","message":"Prisma connected to SQLite","service":"juman-backend-node","timestamp":"2026-08-08T07:47:05.467Z"}
{"channel":"startup","context":"Startup","count":27,"level":"info","message":"App settings ensured","service":"juman-backend-node","timestamp":"2026-08-08T07:47:05.754Z"}
{"channel":"startup","context":"Startup","count":104,"level":"info","message":"RBAC permissions ensured","service":"juman-backend-node","timestamp":"2026-08-08T07:47:06.765Z"}
{"channel":"startup","context":"Startup","count":104,"level":"info","message":"RBAC permissions ensured","service":"juman-backend-node","timestamp":"2026-08-08T07:47:07.527Z"}
{"channel":"startup","context":"Startup","count":4,"level":"info","message":"RBAC system roles ensured","service":"juman-backend-node","timestamp":"2026-08-08T07:47:07.688Z"}
{"channel":"startup","context":"Startup","level":"info","message":"Administrator user already present","service":"juman-backend-node","timestamp":"2026-08-08T07:47:07.692Z","username":"admin"}
{"categories":3,"channel":"startup","context":"Startup","level":"info","message":"Demo seed skipped (categories already present)","service":"juman-backend-node","timestamp":"2026-08-08T07:47:07.695Z"}
{"channel":"startup","context":"Startup","customerId":"45c43439-599c-459d-85d9-5ad83caded3a","customerNumber":"WALK-IN","level":"info","message":"Walk-in customer ready","service":"juman-backend-node","timestamp":"2026-08-08T07:47:07.699Z"}
{"channel":"application","context":"NestFactory","level":"info","message":"Starting Nest application...","service":"juman-backend-node","timestamp":"2026-08-08T07:47:07.716Z"}
{"channel":"application","context":"InstanceLoader","level":"info","message":"LoggerModule dependencies initialized","service":"juman-backend-node","timestamp":"2026-08-08T07:47:07.717Z"}
{"channel":"application","context":"InstanceLoader","level":"info","message":"PassportModule dependencies initialized","service":"juman-backend-node","timestamp":"2026-08-08T07:47:07.717Z"}
{"channel":"application","context":"InstanceLoader","level":"info","message":"ConfigHostModule dependencies initialized","service":"juman-backend-node","timestamp":"2026-08-08T07:47:07.717Z"}
{"channel":"application","context":"InstanceLoader","level":"info","message":"ConfigModule dependencies initialized","service":"juman-backend-node","timestamp":"2026-08-08T07:47:07.718Z"}
{"channel":"application","context":"InstanceLoader","level":"info","message":"ConfigModule dependencies initialized","service":"juman-backend-node","timestamp":"2026-08-08T07:47:07.718Z"}
{"channel":"application","context":"InstanceLoader","level":"info","message":"PrismaModule dependencies initialized","service":"juman-backend-node","timestamp":"2026-08-08T07:47:07.718Z"}
{"channel":"application","context":"InstanceLoader","level":"info","message":"JwtModule dependencies initialized","service":"juman-backend-node","timestamp":"2026-08-08T07:47:07.718Z"}
{"channel":"application","context":"InstanceLoader","level":"info","message":"SettingsModule dependencies initialized","service":"juman-backend-node","timestamp":"2026-08-08T07:47:07.718Z"}
{"channel":"application","context":"InstanceLoader","level":"info","message":"AuditModule dependencies initialized","service":"juman-backend-node","timestamp":"2026-08-08T07:47:07.719Z"}
{"channel":"application","context":"InstanceLoader","level":"info","message":"PermissionsModule dependencies initialized","service":"juman-backend-node","timestamp":"2026-08-08T07:47:07.719Z"}
{"channel":"application","context":"InstanceLoader","level":"info","message":"UsersModule dependencies initialized","service":"juman-backend-node","timestamp":"2026-08-08T07:47:07.719Z"}
{"channel":"application","context":"InstanceLoader","level":"info","message":"SecurityModule dependencies initialized","service":"juman-backend-node","timestamp":"2026-08-08T07:47:07.719Z"}
{"channel":"application","context":"InstanceLoader","level":"info","message":"HealthModule dependencies initialized","service":"juman-backend-node","timestamp":"2026-08-08T07:47:07.719Z"}
{"channel":"application","context":"InstanceLoader","level":"info","message":"RolesModule dependencies initialized","service":"juman-backend-node","timestamp":"2026-08-08T07:47:07.719Z"}
{"channel":"application","context":"InstanceLoader","level":"info","message":"AppModule dependencies initialized","service":"juman-backend-node","timestamp":"2026-08-08T07:47:07.719Z"}
{"channel":"application","context":"InstanceLoader","level":"info","message":"AvailabilityModule dependencies initialized","service":"juman-backend-node","timestamp":"2026-08-08T07:47:07.719Z"}
{"channel":"application","context":"InstanceLoader","level":"info","message":"ReportsModule dependencies initialized","service":"juman-backend-node","timestamp":"2026-08-08T07:47:07.720Z"}
{"channel":"application","context":"InstanceLoader","level":"info","message":"MediaModule dependencies initialized","service":"juman-backend-node","timestamp":"2026-08-08T07:47:07.720Z"}
{"channel":"application","context":"InstanceLoader","level":"info","message":"BarcodeModule dependencies initialized","service":"juman-backend-node","timestamp":"2026-08-08T07:47:07.720Z"}
{"channel":"application","context":"InstanceLoader","level":"info","message":"CustomersModule dependencies initialized","service":"juman-backend-node","timestamp":"2026-08-08T07:47:07.720Z"}
{"channel":"application","context":"InstanceLoader","level":"info","message":"AuthModule dependencies initialized","service":"juman-backend-node","timestamp":"2026-08-08T07:47:07.721Z"}
{"channel":"application","context":"InstanceLoader","level":"info","message":"InventoryModule dependencies initialized","service":"juman-backend-node","timestamp":"2026-08-08T07:47:07.723Z"}
{"channel":"application","context":"InstanceLoader","level":"info","message":"FinanceModule dependencies initialized","service":"juman-backend-node","timestamp":"2026-08-08T07:47:07.723Z"}
{"channel":"application","context":"InstanceLoader","level":"info","message":"RentalsModule dependencies initialized","service":"juman-backend-node","timestamp":"2026-08-08T07:47:07.723Z"}
{"channel":"application","context":"InstanceLoader","level":"info","message":"SalesModule dependencies initialized","service":"juman-backend-node","timestamp":"2026-08-08T07:47:07.723Z"}
{"channel":"application","context":"InstanceLoader","level":"info","message":"ReservationsModule dependencies initialized","service":"juman-backend-node","timestamp":"2026-08-08T07:47:07.723Z"}
{"channel":"application","context":"RoutesResolver","level":"info","message":"MediaController {/media}:","service":"juman-backend-node","timestamp":"2026-08-08T07:47:07.724Z"}
{"channel":"application","context":"RouterExplorer","level":"info","message":"Mapped {/media, GET} route","service":"juman-backend-node","timestamp":"2026-08-08T07:47:07.724Z"}
{"channel":"application","context":"RouterExplorer","level":"info","message":"Mapped {/media/:id, GET} route","service":"juman-backend-node","timestamp":"2026-08-08T07:47:07.724Z"}
{"channel":"application","context":"RouterExplorer","level":"info","message":"Mapped {/media/:id/integrity, GET} route","service":"juman-backend-node","timestamp":"2026-08-08T07:47:07.724Z"}
{"channel":"application","context":"RouterExplorer","level":"info","message":"Mapped {/media, POST} route","service":"juman-backend-node","timestamp":"2026-08-08T07:47:07.724Z"}
{"channel":"application","context":"RouterExplorer","level":"info","message":"Mapped {/media/:id, DELETE} route","service":"juman-backend-node","timestamp":"2026-08-08T07:47:07.724Z"}
{"channel":"application","context":"RouterExplorer","level":"info","message":"Mapped {/media/:id/restore, POST} route","service":"juman-backend-node","timestamp":"2026-08-08T07:47:07.724Z"}
{"channel":"application","context":"RoutesResolver","level":"info","message":"BarcodeController {/barcodes}:","service":"juman-backend-node","timestamp":"2026-08-08T07:47:07.724Z"}
{"channel":"application","context":"RouterExplorer","level":"info","message":"Mapped {/barcodes, GET} route","service":"juman-backend-node","timestamp":"2026-08-08T07:47:07.725Z"}
{"channel":"application","context":"RouterExplorer","level":"info","message":"Mapped {/barcodes/:id, GET} route","service":"juman-backend-node","timestamp":"2026-08-08T07:47:07.725Z"}
{"channel":"application","context":"RouterExplorer","level":"info","message":"Mapped {/barcodes/generate, POST} route","service":"juman-backend-node","timestamp":"2026-08-08T07:47:07.725Z"}
{"channel":"application","context":"RouterExplorer","level":"info","message":"Mapped {/barcodes/validate, POST} route","service":"juman-backend-node","timestamp":"2026-08-08T07:47:07.725Z"}
{"channel":"application","context":"RouterExplorer","level":"info","message":"Mapped {/barcodes/reserve, POST} route","service":"juman-backend-node","timestamp":"2026-08-08T07:47:07.725Z"}
{"channel":"application","context":"RouterExplorer","level":"info","message":"Mapped {/barcodes/release, POST} route","service":"juman-backend-node","timestamp":"2026-08-08T07:47:07.725Z"}
{"channel":"application","context":"RouterExplorer","level":"info","message":"Mapped {/barcodes/retire, POST} route","service":"juman-backend-node","timestamp":"2026-08-08T07:47:07.725Z"}
{"channel":"application","context":"RoutesResolver","level":"info","message":"AuthController {/auth}:","service":"juman-backend-node","timestamp":"2026-08-08T07:47:07.725Z"}
{"channel":"application","context":"RouterExplorer","level":"info","message":"Mapped {/auth/login, POST} route","service":"juman-backend-node","timestamp":"2026-08-08T07:47:07.725Z"}
{"channel":"application","context":"RouterExplorer","level":"info","message":"Mapped {/auth/logout, POST} route","service":"juman-backend-node","timestamp":"2026-08-08T07:47:07.725Z"}
{"channel":"application","context":"RouterExplorer","level":"info","message":"Mapped {/auth/change-password, POST} route","service":"juman-backend-node","timestamp":"2026-08-08T07:47:07.726Z"}
{"channel":"application","context":"RouterExplorer","level":"info","message":"Mapped {/auth/admin/unlock, POST} route","service":"juman-backend-node","timestamp":"2026-08-08T07:47:07.726Z"}
{"channel":"application","context":"RouterExplorer","level":"info","message":"Mapped {/auth/session, GET} route","service":"juman-backend-node","timestamp":"2026-08-08T07:47:07.726Z"}
{"channel":"application","context":"RouterExplorer","level":"info","message":"Mapped {/auth/me, GET} route","service":"juman-backend-node","timestamp":"2026-08-08T07:47:07.727Z"}
{"channel":"application","context":"RoutesResolver","level":"info","message":"CustomersController {/customers}:","service":"juman-backend-node","timestamp":"2026-08-08T07:47:07.727Z"}
{"channel":"application","context":"RouterExplorer","level":"info","message":"Mapped {/customers, GET} route","service":"juman-backend-node","timestamp":"2026-08-08T07:47:07.727Z"}
{"channel":"application","context":"RouterExplorer","level":"info","message":"Mapped {/customers/search, GET} route","service":"juman-backend-node","timestamp":"2026-08-08T07:47:07.727Z"}
{"channel":"application","context":"RouterExplorer","level":"info","message":"Mapped {/customers/number/:customerNumber, GET} route","service":"juman-backend-node","timestamp":"2026-08-08T07:47:07.727Z"}
{"channel":"application","context":"RouterExplorer","level":"info","message":"Mapped {/customers/:id, GET} route","service":"juman-backend-node","timestamp":"2026-08-08T07:47:07.727Z"}
{"channel":"application","context":"RouterExplorer","level":"info","message":"Mapped {/customers, POST} route","service":"juman-backend-node","timestamp":"2026-08-08T07:47:07.727Z"}
{"channel":"application","context":"RouterExplorer","level":"info","message":"Mapped {/customers/:id, PATCH} route","service":"juman-backend-node","timestamp":"2026-08-08T07:47:07.728Z"}
{"channel":"application","context":"RouterExplorer","level":"info","message":"Mapped {/customers/:id, DELETE} route","service":"juman-backend-node","timestamp":"2026-08-08T07:47:07.728Z"}
{"channel":"application","context":"RouterExplorer","level":"info","message":"Mapped {/customers/:id/restore, POST} route","service":"juman-backend-node","timestamp":"2026-08-08T07:47:07.728Z"}
{"channel":"application","context":"RoutesResolver","level":"info","message":"CategoriesController {/categories}:","service":"juman-backend-node","timestamp":"2026-08-08T07:47:07.728Z"}
{"channel":"application","context":"RouterExplorer","level":"info","message":"Mapped {/categories, GET} route","service":"juman-backend-node","timestamp":"2026-08-08T07:47:07.728Z"}
{"channel":"application","context":"RouterExplorer","level":"info","message":"Mapped {/categories/:id, GET} route","service":"juman-backend-node","timestamp":"2026-08-08T07:47:07.728Z"}
{"channel":"application","context":"RouterExplorer","level":"info","message":"Mapped {/categories, POST} route","service":"juman-backend-node","timestamp":"2026-08-08T07:47:07.728Z"}
{"channel":"application","context":"RouterExplorer","level":"info","message":"Mapped {/categories/:id, PATCH} route","service":"juman-backend-node","timestamp":"2026-08-08T07:47:07.729Z"}
{"channel":"application","context":"RouterExplorer","level":"info","message":"Mapped {/categories/:id, DELETE} route","service":"juman-backend-node","timestamp":"2026-08-08T07:47:07.729Z"}
{"channel":"application","context":"RouterExplorer","level":"info","message":"Mapped {/categories/:id/restore, POST} route","service":"juman-backend-node","timestamp":"2026-08-08T07:47:07.729Z"}
{"channel":"application","context":"RoutesResolver","level":"info","message":"BrandsController {/brands}:","service":"juman-backend-node","timestamp":"2026-08-08T07:47:07.729Z"}
{"channel":"application","context":"RouterExplorer","level":"info","message":"Mapped {/brands, GET} route","service":"juman-backend-node","timestamp":"2026-08-08T07:47:07.729Z"}
{"channel":"application","context":"RouterExplorer","level":"info","message":"Mapped {/brands/:id, GET} route","service":"juman-backend-node","timestamp":"2026-08-08T07:47:07.729Z"}
{"channel":"application","context":"RouterExplorer","level":"info","message":"Mapped {/brands, POST} route","service":"juman-backend-node","timestamp":"2026-08-08T07:47:07.729Z"}
{"channel":"application","context":"RouterExplorer","level":"info","message":"Mapped {/brands/:id, PATCH} route","service":"juman-backend-node","timestamp":"2026-08-08T07:47:07.729Z"}
{"channel":"application","context":"RouterExplorer","level":"info","message":"Mapped {/brands/:id, DELETE} route","service":"juman-backend-node","timestamp":"2026-08-08T07:47:07.729Z"}
{"channel":"application","context":"RouterExplorer","level":"info","message":"Mapped {/brands/:id/restore, POST} route","service":"juman-backend-node","timestamp":"2026-08-08T07:47:07.730Z"}
{"channel":"application","context":"RoutesResolver","level":"info","message":"ColorsController {/colors}:","service":"juman-backend-node","timestamp":"2026-08-08T07:47:07.730Z"}
{"channel":"application","context":"RouterExplorer","level":"info","message":"Mapped {/colors, GET} route","service":"juman-backend-node","timestamp":"2026-08-08T07:47:07.730Z"}
{"channel":"application","context":"RouterExplorer","level":"info","message":"Mapped {/colors/:id, GET} route","service":"juman-backend-node","timestamp":"2026-08-08T07:47:07.730Z"}
{"channel":"application","context":"RouterExplorer","level":"info","message":"Mapped {/colors, POST} route","service":"juman-backend-node","timestamp":"2026-08-08T07:47:07.731Z"}
{"channel":"application","context":"RouterExplorer","level":"info","message":"Mapped {/colors/:id, PATCH} route","service":"juman-backend-node","timestamp":"2026-08-08T07:47:07.731Z"}
{"channel":"application","context":"RouterExplorer","level":"info","message":"Mapped {/colors/:id, DELETE} route","service":"juman-backend-node","timestamp":"2026-08-08T07:47:07.731Z"}
{"channel":"application","context":"RouterExplorer","level":"info","message":"Mapped {/colors/:id/restore, POST} route","service":"juman-backend-node","timestamp":"2026-08-08T07:47:07.731Z"}
{"channel":"application","context":"RoutesResolver","level":"info","message":"SizesController {/sizes}:","service":"juman-backend-node","timestamp":"2026-08-08T07:47:07.731Z"}
{"channel":"application","context":"RouterExplorer","level":"info","message":"Mapped {/sizes, GET} route","service":"juman-backend-node","timestamp":"2026-08-08T07:47:07.732Z"}
{"channel":"application","context":"RouterExplorer","level":"info","message":"Mapped {/sizes/:id, GET} route","service":"juman-backend-node","timestamp":"2026-08-08T07:47:07.732Z"}
{"channel":"application","context":"RouterExplorer","level":"info","message":"Mapped {/sizes, POST} route","service":"juman-backend-node","timestamp":"2026-08-08T07:47:07.732Z"}
{"channel":"application","context":"RouterExplorer","level":"info","message":"Mapped {/sizes/:id, PATCH} route","service":"juman-backend-node","timestamp":"2026-08-08T07:47:07.732Z"}
{"channel":"application","context":"RouterExplorer","level":"info","message":"Mapped {/sizes/:id, DELETE} route","service":"juman-backend-node","timestamp":"2026-08-08T07:47:07.732Z"}
{"channel":"application","context":"RouterExplorer","level":"info","message":"Mapped {/sizes/:id/restore, POST} route","service":"juman-backend-node","timestamp":"2026-08-08T07:47:07.732Z"}
{"channel":"application","context":"RoutesResolver","level":"info","message":"LifecycleController {/items}:","service":"juman-backend-node","timestamp":"2026-08-08T07:47:07.732Z"}
{"channel":"application","context":"RouterExplorer","level":"info","message":"Mapped {/items/:id/state, GET} route","service":"juman-backend-node","timestamp":"2026-08-08T07:47:07.732Z"}
{"channel":"application","context":"RouterExplorer","level":"info","message":"Mapped {/items/:id/history, GET} route","service":"juman-backend-node","timestamp":"2026-08-08T07:47:07.732Z"}
{"channel":"application","context":"RouterExplorer","level":"info","message":"Mapped {/items/:id/transition, POST} route","service":"juman-backend-node","timestamp":"2026-08-08T07:47:07.732Z"}
{"channel":"application","context":"RoutesResolver","level":"info","message":"ItemsController {/items}:","service":"juman-backend-node","timestamp":"2026-08-08T07:47:07.732Z"}
{"channel":"application","context":"RouterExplorer","level":"info","message":"Mapped {/items, GET} route","service":"juman-backend-node","timestamp":"2026-08-08T07:47:07.732Z"}
{"channel":"application","context":"RouterExplorer","level":"info","message":"Mapped {/items/search, GET} route","service":"juman-backend-node","timestamp":"2026-08-08T07:47:07.732Z"}
{"channel":"application","context":"RouterExplorer","level":"info","message":"Mapped {/items/code/:internalCode, GET} route","service":"juman-backend-node","timestamp":"2026-08-08T07:47:07.733Z"}
{"channel":"application","context":"RouterExplorer","level":"info","message":"Mapped {/items/:id, GET} route","service":"juman-backend-node","timestamp":"2026-08-08T07:47:07.733Z"}
{"channel":"application","context":"RouterExplorer","level":"info","message":"Mapped {/items, POST} route","service":"juman-backend-node","timestamp":"2026-08-08T07:47:07.733Z"}
{"channel":"application","context":"RouterExplorer","level":"info","message":"Mapped {/items/:id, PATCH} route","service":"juman-backend-node","timestamp":"2026-08-08T07:47:07.733Z"}
{"channel":"application","context":"RouterExplorer","level":"info","message":"Mapped {/items/:id, DELETE} route","service":"juman-backend-node","timestamp":"2026-08-08T07:47:07.733Z"}
{"channel":"application","context":"RouterExplorer","level":"info","message":"Mapped {/items/:id/restore, POST} route","service":"juman-backend-node","timestamp":"2026-08-08T07:47:07.734Z"}
{"channel":"application","context":"RouterExplorer","level":"info","message":"Mapped {/items/:id/media, POST} route","service":"juman-backend-node","timestamp":"2026-08-08T07:47:07.734Z"}
{"channel":"application","context":"RoutesResolver","level":"info","message":"AvailabilityController {/availability}:","service":"juman-backend-node","timestamp":"2026-08-08T07:47:07.734Z"}
{"channel":"application","context":"RouterExplorer","level":"info","message":"Mapped {/availability, GET} route","service":"juman-backend-node","timestamp":"2026-08-08T07:47:07.734Z"}
{"channel":"application","context":"RouterExplorer","level":"info","message":"Mapped {/availability/calendar, GET} route","service":"juman-backend-node","timestamp":"2026-08-08T07:47:07.734Z"}
{"channel":"application","context":"RouterExplorer","level":"info","message":"Mapped {/availability/item/:id, GET} route","service":"juman-backend-node","timestamp":"2026-08-08T07:47:07.734Z"}
{"channel":"application","context":"RoutesResolver","level":"info","message":"FinanceController {/finance}:","service":"juman-backend-node","timestamp":"2026-08-08T07:47:07.734Z"}
{"channel":"application","context":"RouterExplorer","level":"info","message":"Mapped {/finance/accounts, GET} route","service":"juman-backend-node","timestamp":"2026-08-08T07:47:07.734Z"}
{"channel":"application","context":"RouterExplorer","level":"info","message":"Mapped {/finance/transactions, GET} route","service":"juman-backend-node","timestamp":"2026-08-08T07:47:07.734Z"}
{"channel":"application","context":"RouterExplorer","level":"info","message":"Mapped {/finance/payments, GET} route","service":"juman-backend-node","timestamp":"2026-08-08T07:47:07.734Z"}
{"channel":"application","context":"RouterExplorer","level":"info","message":"Mapped {/finance/payments, POST} route","service":"juman-backend-node","timestamp":"2026-08-08T07:47:07.735Z"}
{"channel":"application","context":"RouterExplorer","level":"info","message":"Mapped {/finance/outstanding, GET} route","service":"juman-backend-node","timestamp":"2026-08-08T07:47:07.735Z"}
{"channel":"application","context":"RoutesResolver","level":"info","message":"SettlementController {/settlements}:","service":"juman-backend-node","timestamp":"2026-08-08T07:47:07.735Z"}
{"channel":"application","context":"RouterExplorer","level":"info","message":"Mapped {/settlements, GET} route","service":"juman-backend-node","timestamp":"2026-08-08T07:47:07.735Z"}
{"channel":"application","context":"RouterExplorer","level":"info","message":"Mapped {/settlements/:id, GET} route","service":"juman-backend-node","timestamp":"2026-08-08T07:47:07.735Z"}
{"channel":"application","context":"RouterExplorer","level":"info","message":"Mapped {/settlements/:id/payment, POST} route","service":"juman-backend-node","timestamp":"2026-08-08T07:47:07.735Z"}
{"channel":"application","context":"RouterExplorer","level":"info","message":"Mapped {/settlements/:id/refund, POST} route","service":"juman-backend-node","timestamp":"2026-08-08T07:47:07.735Z"}
{"channel":"application","context":"RouterExplorer","level":"info","message":"Mapped {/settlements/:id/adjustment, POST} route","service":"juman-backend-node","timestamp":"2026-08-08T07:47:07.735Z"}
{"channel":"application","context":"RouterExplorer","level":"info","message":"Mapped {/settlements/:id/discount, POST} route","service":"juman-backend-node","timestamp":"2026-08-08T07:47:07.735Z"}
{"channel":"application","context":"RouterExplorer","level":"info","message":"Mapped {/settlements/:id/late-fee, POST} route","service":"juman-backend-node","timestamp":"2026-08-08T07:47:07.735Z"}
{"channel":"application","context":"RouterExplorer","level":"info","message":"Mapped {/settlements/:id/close, POST} route","service":"juman-backend-node","timestamp":"2026-08-08T07:47:07.736Z"}
{"channel":"application","context":"RouterExplorer","level":"info","message":"Mapped {/settlements/:id/cancel, POST} route","service":"juman-backend-node","timestamp":"2026-08-08T07:47:07.736Z"}
{"channel":"application","context":"RoutesResolver","level":"info","message":"RentalsController {/rentals}:","service":"juman-backend-node","timestamp":"2026-08-08T07:47:07.736Z"}
{"channel":"application","context":"RouterExplorer","level":"info","message":"Mapped {/rentals, GET} route","service":"juman-backend-node","timestamp":"2026-08-08T07:47:07.736Z"}
{"channel":"application","context":"RouterExplorer","level":"info","message":"Mapped {/rentals/:id/audit, GET} route","service":"juman-backend-node","timestamp":"2026-08-08T07:47:07.736Z"}
{"channel":"application","context":"RouterExplorer","level":"info","message":"Mapped {/rentals/:id, GET} route","service":"juman-backend-node","timestamp":"2026-08-08T07:47:07.737Z"}
{"channel":"application","context":"RouterExplorer","level":"info","message":"Mapped {/rentals, POST} route","service":"juman-backend-node","timestamp":"2026-08-08T07:47:07.737Z"}
{"channel":"application","context":"RouterExplorer","level":"info","message":"Mapped {/rentals/:id/notes, POST} route","service":"juman-backend-node","timestamp":"2026-08-08T07:47:07.740Z"}
{"channel":"application","context":"RouterExplorer","level":"info","message":"Mapped {/rentals/:id, PATCH} route","service":"juman-backend-node","timestamp":"2026-08-08T07:47:07.740Z"}
{"channel":"application","context":"RouterExplorer","level":"info","message":"Mapped {/rentals/:id/checkout, POST} route","service":"juman-backend-node","timestamp":"2026-08-08T07:47:07.740Z"}
{"channel":"application","context":"RouterExplorer","level":"info","message":"Mapped {/rentals/:id/return, POST} route","service":"juman-backend-node","timestamp":"2026-08-08T07:47:07.741Z"}
{"channel":"application","context":"RouterExplorer","level":"info","message":"Mapped {/rentals/:id/complete, POST} route","service":"juman-backend-node","timestamp":"2026-08-08T07:47:07.741Z"}
{"channel":"application","context":"RouterExplorer","level":"info","message":"Mapped {/rentals/:id/cancel, POST} route","service":"juman-backend-node","timestamp":"2026-08-08T07:47:07.741Z"}
{"channel":"application","context":"RoutesResolver","level":"info","message":"ReservationsController {/reservations}:","service":"juman-backend-node","timestamp":"2026-08-08T07:47:07.741Z"}
{"channel":"application","context":"RouterExplorer","level":"info","message":"Mapped {/reservations, GET} route","service":"juman-backend-node","timestamp":"2026-08-08T07:47:07.742Z"}
{"channel":"application","context":"RouterExplorer","level":"info","message":"Mapped {/reservations/:id, GET} route","service":"juman-backend-node","timestamp":"2026-08-08T07:47:07.742Z"}
{"channel":"application","context":"RouterExplorer","level":"info","message":"Mapped {/reservations, POST} route","service":"juman-backend-node","timestamp":"2026-08-08T07:47:07.742Z"}
{"channel":"application","context":"RouterExplorer","level":"info","message":"Mapped {/reservations/:id/checkout, POST} route","service":"juman-backend-node","timestamp":"2026-08-08T07:47:07.742Z"}
{"channel":"application","context":"RouterExplorer","level":"info","message":"Mapped {/reservations/:id/cancel, POST} route","service":"juman-backend-node","timestamp":"2026-08-08T07:47:07.742Z"}
{"channel":"application","context":"RouterExplorer","level":"info","message":"Mapped {/reservations/:id/expire, POST} route","service":"juman-backend-node","timestamp":"2026-08-08T07:47:07.742Z"}
{"channel":"application","context":"RoutesResolver","level":"info","message":"SalesController {/sales}:","service":"juman-backend-node","timestamp":"2026-08-08T07:47:07.742Z"}
{"channel":"application","context":"RouterExplorer","level":"info","message":"Mapped {/sales, GET} route","service":"juman-backend-node","timestamp":"2026-08-08T07:47:07.742Z"}
{"channel":"application","context":"RouterExplorer","level":"info","message":"Mapped {/sales/:id/history, GET} route","service":"juman-backend-node","timestamp":"2026-08-08T07:47:07.742Z"}
{"channel":"application","context":"RouterExplorer","level":"info","message":"Mapped {/sales/:id, GET} route","service":"juman-backend-node","timestamp":"2026-08-08T07:47:07.742Z"}
{"channel":"application","context":"RouterExplorer","level":"info","message":"Mapped {/sales, POST} route","service":"juman-backend-node","timestamp":"2026-08-08T07:47:07.743Z"}
{"channel":"application","context":"RouterExplorer","level":"info","message":"Mapped {/sales/:id/confirm, POST} route","service":"juman-backend-node","timestamp":"2026-08-08T07:47:07.743Z"}
{"channel":"application","context":"RouterExplorer","level":"info","message":"Mapped {/sales/:id/payment, POST} route","service":"juman-backend-node","timestamp":"2026-08-08T07:47:07.743Z"}
{"channel":"application","context":"RouterExplorer","level":"info","message":"Mapped {/sales/:id/complete, POST} route","service":"juman-backend-node","timestamp":"2026-08-08T07:47:07.743Z"}
{"channel":"application","context":"RouterExplorer","level":"info","message":"Mapped {/sales/:id/cancel, POST} route","service":"juman-backend-node","timestamp":"2026-08-08T07:47:07.743Z"}
{"channel":"application","context":"RoutesResolver","level":"info","message":"ReportsController {/reports}:","service":"juman-backend-node","timestamp":"2026-08-08T07:47:07.743Z"}
{"channel":"application","context":"RouterExplorer","level":"info","message":"Mapped {/reports/dashboard, GET} route","service":"juman-backend-node","timestamp":"2026-08-08T07:47:07.743Z"}
{"channel":"application","context":"RouterExplorer","level":"info","message":"Mapped {/reports/financial, GET} route","service":"juman-backend-node","timestamp":"2026-08-08T07:47:07.743Z"}
{"channel":"application","context":"RouterExplorer","level":"info","message":"Mapped {/reports/rentals/current, GET} route","service":"juman-backend-node","timestamp":"2026-08-08T07:47:07.743Z"}
{"channel":"application","context":"RouterExplorer","level":"info","message":"Mapped {/reports/rentals/overdue, GET} route","service":"juman-backend-node","timestamp":"2026-08-08T07:47:07.743Z"}
{"channel":"application","context":"RouterExplorer","level":"info","message":"Mapped {/reports/rentals/returns, GET} route","service":"juman-backend-node","timestamp":"2026-08-08T07:47:07.743Z"}
{"channel":"application","context":"RouterExplorer","level":"info","message":"Mapped {/reports/rentals/reservations, GET} route","service":"juman-backend-node","timestamp":"2026-08-08T07:47:07.744Z"}
{"channel":"application","context":"RouterExplorer","level":"info","message":"Mapped {/reports/rentals/history, GET} route","service":"juman-backend-node","timestamp":"2026-08-08T07:47:07.744Z"}
{"channel":"application","context":"RouterExplorer","level":"info","message":"Mapped {/reports/inventory/value, GET} route","service":"juman-backend-node","timestamp":"2026-08-08T07:47:07.744Z"}
{"channel":"application","context":"RouterExplorer","level":"info","message":"Mapped {/reports/inventory/availability, GET} route","service":"juman-backend-node","timestamp":"2026-08-08T07:47:07.744Z"}
{"channel":"application","context":"RouterExplorer","level":"info","message":"Mapped {/reports/inventory/category, GET} route","service":"juman-backend-node","timestamp":"2026-08-08T07:47:07.744Z"}
{"channel":"application","context":"RouterExplorer","level":"info","message":"Mapped {/reports/inventory/brand, GET} route","service":"juman-backend-node","timestamp":"2026-08-08T07:47:07.745Z"}
{"channel":"application","context":"RouterExplorer","level":"info","message":"Mapped {/reports/inventory/color, GET} route","service":"juman-backend-node","timestamp":"2026-08-08T07:47:07.745Z"}
{"channel":"application","context":"RouterExplorer","level":"info","message":"Mapped {/reports/inventory/size, GET} route","service":"juman-backend-node","timestamp":"2026-08-08T07:47:07.746Z"}
{"channel":"application","context":"RouterExplorer","level":"info","message":"Mapped {/reports/inventory/lifecycle, GET} route","service":"juman-backend-node","timestamp":"2026-08-08T07:47:07.746Z"}
{"channel":"application","context":"RouterExplorer","level":"info","message":"Mapped {/reports/inventory/retired, GET} route","service":"juman-backend-node","timestamp":"2026-08-08T07:47:07.746Z"}
{"channel":"application","context":"RouterExplorer","level":"info","message":"Mapped {/reports/inventory/maintenance, GET} route","service":"juman-backend-node","timestamp":"2026-08-08T07:47:07.746Z"}
{"channel":"application","context":"RouterExplorer","level":"info","message":"Mapped {/reports/customers/:id/rentals, GET} route","service":"juman-backend-node","timestamp":"2026-08-08T07:47:07.746Z"}
{"channel":"application","context":"RouterExplorer","level":"info","message":"Mapped {/reports/customers/:id/outstanding, GET} route","service":"juman-backend-node","timestamp":"2026-08-08T07:47:07.747Z"}
{"channel":"application","context":"RouterExplorer","level":"info","message":"Mapped {/reports/customers/:id/payments, GET} route","service":"juman-backend-node","timestamp":"2026-08-08T07:47:07.747Z"}
{"channel":"application","context":"RouterExplorer","level":"info","message":"Mapped {/reports/customers/:id/reservations, GET} route","service":"juman-backend-node","timestamp":"2026-08-08T07:47:07.747Z"}
{"channel":"application","context":"RouterExplorer","level":"info","message":"Mapped {/reports/export, GET} route","service":"juman-backend-node","timestamp":"2026-08-08T07:47:07.747Z"}
{"channel":"application","context":"RoutesResolver","level":"info","message":"HealthController {/health}:","service":"juman-backend-node","timestamp":"2026-08-08T07:47:07.747Z"}
{"channel":"application","context":"RouterExplorer","level":"info","message":"Mapped {/health, GET} route","service":"juman-backend-node","timestamp":"2026-08-08T07:47:07.747Z"}
{"channel":"application","context":"NestApplication","level":"info","message":"Nest application successfully started","service":"juman-backend-node","timestamp":"2026-08-08T07:47:07.747Z"}
{"channel":"startup","context":"Startup","level":"info","message":"Listening on http://127.0.0.1:8787","service":"juman-backend-node","timestamp":"2026-08-08T07:47:07.748Z"}
{"channel":"startup","context":"Startup","level":"info","message":"GET /health ready","service":"juman-backend-node","timestamp":"2026-08-08T07:47:07.748Z"}
{"channel":"errors","context":"GlobalHttpExceptionFilter","level":"error","message":"\nInvalid `this.prisma.user.findFirst()` invocation in\nC:\\Users\\moham\\Desktop\\juman\\backend-node\\src\\users\\users.repository.ts:14:29\n\n  11 constructor(private readonly prisma: PrismaService) {}\n  12 \n  13 findByUsername(username: string): Promise<UserWithRole | null> {\n→ 14   return this.prisma.user.findFirst(\nInconsistent column data: Conversion failed: premature end of input","service":"juman-backend-node","timestamp":"2026-08-08T07:48:40.694Z","trace":"PrismaClientKnownRequestError: \nInvalid `this.prisma.user.findFirst()` invocation in\nC:\\Users\\moham\\Desktop\\juman\\backend-node\\src\\users\\users.repository.ts:14:29\n\n  11 constructor(private readonly prisma: PrismaService) {}\n  12 \n  13 findByUsername(username: string): Promise<UserWithRole | null> {\n→ 14   return this.prisma.user.findFirst(\nInconsistent column data: Conversion failed: premature end of input\n    at ei.handleRequestError (C:\\Users\\moham\\Desktop\\juman\\node_modules\\.pnpm\\@prisma+client@6.19.3_prism_d64af47a59fcb41d9af9f9685cee22aa\\node_modules\\@prisma\\client\\src\\runtime\\RequestHandler.ts:228:13)\n    at ei.handleAndLogRequestError (C:\\Users\\moham\\Desktop\\juman\\node_modules\\.pnpm\\@prisma+client@6.19.3_prism_d64af47a59fcb41d9af9f9685cee22aa\\node_modules\\@prisma\\client\\src\\runtime\\RequestHandler.ts:174:12)\n    at ei.request (C:\\Users\\moham\\Desktop\\juman\\node_modules\\.pnpm\\@prisma+client@6.19.3_prism_d64af47a59fcb41d9af9f9685cee22aa\\node_modules\\@prisma\\client\\src\\runtime\\RequestHandler.ts:143:12)\n    at async a (C:\\Users\\moham\\Desktop\\juman\\node_modules\\.pnpm\\@prisma+client@6.19.3_prism_d64af47a59fcb41d9af9f9685cee22aa\\node_modules\\@prisma\\client\\src\\runtime\\getPrismaClient.ts:833:24)\n    at async AuthService.login (C:\\Users\\moham\\Desktop\\juman\\backend-node\\src\\auth\\services\\auth.service.ts:80:18)\n    at async C:\\Users\\moham\\Desktop\\juman\\node_modules\\.pnpm\\@nestjs+core@11.1.28_@nestj_68e0b03b87639797ffd703cc1293c4af\\node_modules\\@nestjs\\core\\router\\router-execution-context.js:47:62\n    at async C:\\Users\\moham\\Desktop\\juman\\node_modules\\.pnpm\\@nestjs+core@11.1.28_@nestj_68e0b03b87639797ffd703cc1293c4af\\node_modules\\@nestjs\\core\\router\\router-proxy.js:9:17"}
{"channel":"requests","context":"HTTP","level":"info","message":"HTTP 5xx","method":"POST","path":"/auth/login","service":"juman-backend-node","status":500,"timestamp":"2026-08-08T07:48:40.696Z"}
{"channel":"errors","context":"GlobalHttpExceptionFilter","level":"error","message":"\nInvalid `this.prisma.user.findFirst()` invocation in\nC:\\Users\\moham\\Desktop\\juman\\backend-node\\src\\users\\users.repository.ts:14:29\n\n  11 constructor(private readonly prisma: PrismaService) {}\n  12 \n  13 findByUsername(username: string): Promise<UserWithRole | null> {\n→ 14   return this.prisma.user.findFirst(\nInconsistent column data: Conversion failed: premature end of input","service":"juman-backend-node","timestamp":"2026-08-08T07:48:51.178Z","trace":"PrismaClientKnownRequestError: \nInvalid `this.prisma.user.findFirst()` invocation in\nC:\\Users\\moham\\Desktop\\juman\\backend-node\\src\\users\\users.repository.ts:14:29\n\n  11 constructor(private readonly prisma: PrismaService) {}\n  12 \n  13 findByUsername(username: string): Promise<UserWithRole | null> {\n→ 14   return this.prisma.user.findFirst(\nInconsistent column data: Conversion failed: premature end of input\n    at ei.handleRequestError (C:\\Users\\moham\\Desktop\\juman\\node_modules\\.pnpm\\@prisma+client@6.19.3_prism_d64af47a59fcb41d9af9f9685cee22aa\\node_modules\\@prisma\\client\\src\\runtime\\RequestHandler.ts:228:13)\n    at ei.handleAndLogRequestError (C:\\Users\\moham\\Desktop\\juman\\node_modules\\.pnpm\\@prisma+client@6.19.3_prism_d64af47a59fcb41d9af9f9685cee22aa\\node_modules\\@prisma\\client\\src\\runtime\\RequestHandler.ts:174:12)\n    at ei.request (C:\\Users\\moham\\Desktop\\juman\\node_modules\\.pnpm\\@prisma+client@6.19.3_prism_d64af47a59fcb41d9af9f9685cee22aa\\node_modules\\@prisma\\client\\src\\runtime\\RequestHandler.ts:143:12)\n    at async a (C:\\Users\\moham\\Desktop\\juman\\node_modules\\.pnpm\\@prisma+client@6.19.3_prism_d64af47a59fcb41d9af9f9685cee22aa\\node_modules\\@prisma\\client\\src\\runtime\\getPrismaClient.ts:833:24)\n    at async AuthService.login (C:\\Users\\moham\\Desktop\\juman\\backend-node\\src\\auth\\services\\auth.service.ts:80:18)\n    at async C:\\Users\\moham\\Desktop\\juman\\node_modules\\.pnpm\\@nestjs+core@11.1.28_@nestj_68e0b03b87639797ffd703cc1293c4af\\node_modules\\@nestjs\\core\\router\\router-execution-context.js:47:62\n    at async C:\\Users\\moham\\Desktop\\juman\\node_modules\\.pnpm\\@nestjs+core@11.1.28_@nestj_68e0b03b87639797ffd703cc1293c4af\\node_modules\\@nestjs\\core\\router\\router-proxy.js:9:17"}
{"channel":"requests","context":"HTTP","level":"info","message":"HTTP 5xx","method":"POST","path":"/auth/login","service":"juman-backend-node","status":500,"timestamp":"2026-08-08T07:48:51.179Z"}
{"channel":"errors","context":"GlobalHttpExceptionFilter","level":"error","message":"\nInvalid `this.prisma.user.findFirst()` invocation in\nC:\\Users\\moham\\Desktop\\juman\\backend-node\\src\\users\\users.repository.ts:14:29\n\n  11 constructor(private readonly prisma: PrismaService) {}\n  12 \n  13 findByUsername(username: string): Promise<UserWithRole | null> {\n→ 14   return this.prisma.user.findFirst(\nInconsistent column data: Conversion failed: premature end of input","service":"juman-backend-node","timestamp":"2026-08-08T07:55:15.852Z","trace":"PrismaClientKnownRequestError: \nInvalid `this.prisma.user.findFirst()` invocation in\nC:\\Users\\moham\\Desktop\\juman\\backend-node\\src\\users\\users.repository.ts:14:29\n\n  11 constructor(private readonly prisma: PrismaService) {}\n  12 \n  13 findByUsername(username: string): Promise<UserWithRole | null> {\n→ 14   return this.prisma.user.findFirst(\nInconsistent column data: Conversion failed: premature end of input\n    at ei.handleRequestError (C:\\Users\\moham\\Desktop\\juman\\node_modules\\.pnpm\\@prisma+client@6.19.3_prism_d64af47a59fcb41d9af9f9685cee22aa\\node_modules\\@prisma\\client\\src\\runtime\\RequestHandler.ts:228:13)\n    at ei.handleAndLogRequestError (C:\\Users\\moham\\Desktop\\juman\\node_modules\\.pnpm\\@prisma+client@6.19.3_prism_d64af47a59fcb41d9af9f9685cee22aa\\node_modules\\@prisma\\client\\src\\runtime\\RequestHandler.ts:174:12)\n    at ei.request (C:\\Users\\moham\\Desktop\\juman\\node_modules\\.pnpm\\@prisma+client@6.19.3_prism_d64af47a59fcb41d9af9f9685cee22aa\\node_modules\\@prisma\\client\\src\\runtime\\RequestHandler.ts:143:12)\n    at async a (C:\\Users\\moham\\Desktop\\juman\\node_modules\\.pnpm\\@prisma+client@6.19.3_prism_d64af47a59fcb41d9af9f9685cee22aa\\node_modules\\@prisma\\client\\src\\runtime\\getPrismaClient.ts:833:24)\n    at async AuthService.login (C:\\Users\\moham\\Desktop\\juman\\backend-node\\src\\auth\\services\\auth.service.ts:80:18)\n    at async C:\\Users\\moham\\Desktop\\juman\\node_modules\\.pnpm\\@nestjs+core@11.1.28_@nestj_68e0b03b87639797ffd703cc1293c4af\\node_modules\\@nestjs\\core\\router\\router-execution-context.js:47:62\n    at async C:\\Users\\moham\\Desktop\\juman\\node_modules\\.pnpm\\@nestjs+core@11.1.28_@nestj_68e0b03b87639797ffd703cc1293c4af\\node_modules\\@nestjs\\core\\router\\router-proxy.js:9:17"}
{"channel":"requests","context":"HTTP","level":"info","message":"HTTP 5xx","method":"POST","path":"/auth/login","service":"juman-backend-node","status":500,"timestamp":"2026-08-08T07:55:15.853Z"}
{"channel":"startup","context":"Startup","level":"info","message":"Prisma disconnected","service":"juman-backend-node","timestamp":"2026-08-08T07:55:26.411Z"}
{"channel":"startup","context":"Startup","dataDir":"C:\\Users\\moham\\Desktop\\juman","envCreated":false,"envFile":"C:\\Users\\moham\\Desktop\\juman\\config\\juman.env","environment":"development","host":"127.0.0.1","level":"info","message":"Juman Backend V2 starting","migrations":"applied","port":8787,"service":"juman-backend-node","timestamp":"2026-08-08T07:56:14.882Z","version":"2.0.0"}
{"channel":"startup","context":"Startup","level":"info","message":"SQLite PRAGMAs applied (foreign_keys, WAL, busy_timeout)","service":"juman-backend-node","timestamp":"2026-08-08T07:56:14.960Z"}
{"channel":"startup","context":"Startup","level":"info","message":"Prisma connected to SQLite","service":"juman-backend-node","timestamp":"2026-08-08T07:56:14.961Z"}
{"channel":"startup","context":"Startup","count":27,"level":"info","message":"App settings ensured","service":"juman-backend-node","timestamp":"2026-08-08T07:56:15.286Z"}
{"channel":"startup","context":"Startup","count":104,"level":"info","message":"RBAC permissions ensured","service":"juman-backend-node","timestamp":"2026-08-08T07:56:16.175Z"}
{"channel":"startup","context":"Startup","count":104,"level":"info","message":"RBAC permissions ensured","service":"juman-backend-node","timestamp":"2026-08-08T07:56:17.003Z"}
{"channel":"startup","context":"Startup","count":4,"level":"info","message":"RBAC system roles ensured","service":"juman-backend-node","timestamp":"2026-08-08T07:56:17.614Z"}
{"channel":"startup","context":"Startup","dataDir":"C:\\Users\\moham\\Desktop\\juman","envCreated":false,"envFile":"C:\\Users\\moham\\Desktop\\juman\\config\\juman.env","environment":"development","host":"127.0.0.1","level":"info","message":"Juman Backend V2 starting","migrations":"applied","port":8787,"service":"juman-backend-node","timestamp":"2026-08-08T07:57:58.998Z","version":"2.0.0"}
{"channel":"startup","context":"Startup","level":"info","message":"SQLite PRAGMAs applied (foreign_keys, WAL, busy_timeout)","service":"juman-backend-node","timestamp":"2026-08-08T07:57:59.035Z"}
{"channel":"startup","context":"Startup","level":"info","message":"Prisma connected to SQLite","service":"juman-backend-node","timestamp":"2026-08-08T07:57:59.036Z"}
{"channel":"startup","context":"Startup","count":27,"level":"info","message":"App settings ensured","service":"juman-backend-node","timestamp":"2026-08-08T07:57:59.090Z"}
{"channel":"startup","context":"Startup","count":104,"level":"info","message":"RBAC permissions ensured","service":"juman-backend-node","timestamp":"2026-08-08T07:57:59.275Z"}
{"channel":"startup","context":"Startup","count":104,"level":"info","message":"RBAC permissions ensured","service":"juman-backend-node","timestamp":"2026-08-08T07:57:59.459Z"}
{"channel":"startup","context":"Startup","count":4,"level":"info","message":"RBAC system roles ensured","service":"juman-backend-node","timestamp":"2026-08-08T07:57:59.627Z"}
{"channel":"startup","context":"Startup","level":"info","message":"Administrator user already present","service":"juman-backend-node","timestamp":"2026-08-08T07:57:59.633Z","username":"admin"}
{"categories":3,"channel":"startup","context":"Startup","level":"info","message":"Demo seed skipped (categories already present)","service":"juman-backend-node","timestamp":"2026-08-08T07:57:59.637Z"}
{"channel":"startup","context":"Startup","customerId":"45c43439-599c-459d-85d9-5ad83caded3a","customerNumber":"WALK-IN","level":"info","message":"Walk-in customer ready","service":"juman-backend-node","timestamp":"2026-08-08T07:57:59.645Z"}
{"channel":"application","context":"NestFactory","level":"info","message":"Starting Nest application...","service":"juman-backend-node","timestamp":"2026-08-08T07:57:59.665Z"}
{"channel":"application","context":"InstanceLoader","level":"info","message":"LoggerModule dependencies initialized","service":"juman-backend-node","timestamp":"2026-08-08T07:57:59.665Z"}
{"channel":"application","context":"InstanceLoader","level":"info","message":"PassportModule dependencies initialized","service":"juman-backend-node","timestamp":"2026-08-08T07:57:59.666Z"}
{"channel":"application","context":"InstanceLoader","level":"info","message":"ConfigHostModule dependencies initialized","service":"juman-backend-node","timestamp":"2026-08-08T07:57:59.666Z"}
{"channel":"application","context":"InstanceLoader","level":"info","message":"ConfigModule dependencies initialized","service":"juman-backend-node","timestamp":"2026-08-08T07:57:59.666Z"}
{"channel":"application","context":"InstanceLoader","level":"info","message":"ConfigModule dependencies initialized","service":"juman-backend-node","timestamp":"2026-08-08T07:57:59.666Z"}
{"channel":"application","context":"InstanceLoader","level":"info","message":"PrismaModule dependencies initialized","service":"juman-backend-node","timestamp":"2026-08-08T07:57:59.667Z"}
{"channel":"application","context":"InstanceLoader","level":"info","message":"JwtModule dependencies initialized","service":"juman-backend-node","timestamp":"2026-08-08T07:57:59.667Z"}
{"channel":"application","context":"InstanceLoader","level":"info","message":"SettingsModule dependencies initialized","service":"juman-backend-node","timestamp":"2026-08-08T07:57:59.667Z"}
{"channel":"application","context":"InstanceLoader","level":"info","message":"AuditModule dependencies initialized","service":"juman-backend-node","timestamp":"2026-08-08T07:57:59.668Z"}
{"channel":"application","context":"InstanceLoader","level":"info","message":"PermissionsModule dependencies initialized","service":"juman-backend-node","timestamp":"2026-08-08T07:57:59.668Z"}
{"channel":"application","context":"InstanceLoader","level":"info","message":"UsersModule dependencies initialized","service":"juman-backend-node","timestamp":"2026-08-08T07:57:59.668Z"}
{"channel":"application","context":"InstanceLoader","level":"info","message":"SecurityModule dependencies initialized","service":"juman-backend-node","timestamp":"2026-08-08T07:57:59.668Z"}
{"channel":"application","context":"InstanceLoader","level":"info","message":"HealthModule dependencies initialized","service":"juman-backend-node","timestamp":"2026-08-08T07:57:59.668Z"}
{"channel":"application","context":"InstanceLoader","level":"info","message":"RolesModule dependencies initialized","service":"juman-backend-node","timestamp":"2026-08-08T07:57:59.669Z"}
{"channel":"application","context":"InstanceLoader","level":"info","message":"AppModule dependencies initialized","service":"juman-backend-node","timestamp":"2026-08-08T07:57:59.669Z"}
{"channel":"application","context":"InstanceLoader","level":"info","message":"AvailabilityModule dependencies initialized","service":"juman-backend-node","timestamp":"2026-08-08T07:57:59.669Z"}
{"channel":"application","context":"InstanceLoader","level":"info","message":"ReportsModule dependencies initialized","service":"juman-backend-node","timestamp":"2026-08-08T07:57:59.669Z"}
{"channel":"application","context":"InstanceLoader","level":"info","message":"MediaModule dependencies initialized","service":"juman-backend-node","timestamp":"2026-08-08T07:57:59.670Z"}
{"channel":"application","context":"InstanceLoader","level":"info","message":"BarcodeModule dependencies initialized","service":"juman-backend-node","timestamp":"2026-08-08T07:57:59.670Z"}
{"channel":"application","context":"InstanceLoader","level":"info","message":"CustomersModule dependencies initialized","service":"juman-backend-node","timestamp":"2026-08-08T07:57:59.670Z"}
{"channel":"application","context":"InstanceLoader","level":"info","message":"AuthModule dependencies initialized","service":"juman-backend-node","timestamp":"2026-08-08T07:57:59.671Z"}
{"channel":"application","context":"InstanceLoader","level":"info","message":"InventoryModule dependencies initialized","service":"juman-backend-node","timestamp":"2026-08-08T07:57:59.671Z"}
{"channel":"application","context":"InstanceLoader","level":"info","message":"FinanceModule dependencies initialized","service":"juman-backend-node","timestamp":"2026-08-08T07:57:59.671Z"}
{"channel":"application","context":"InstanceLoader","level":"info","message":"RentalsModule dependencies initialized","service":"juman-backend-node","timestamp":"2026-08-08T07:57:59.671Z"}
{"channel":"application","context":"InstanceLoader","level":"info","message":"SalesModule dependencies initialized","service":"juman-backend-node","timestamp":"2026-08-08T07:57:59.671Z"}
{"channel":"application","context":"InstanceLoader","level":"info","message":"ReservationsModule dependencies initialized","service":"juman-backend-node","timestamp":"2026-08-08T07:57:59.672Z"}
{"channel":"application","context":"RoutesResolver","level":"info","message":"MediaController {/media}:","service":"juman-backend-node","timestamp":"2026-08-08T07:57:59.672Z"}
{"channel":"application","context":"RouterExplorer","level":"info","message":"Mapped {/media, GET} route","service":"juman-backend-node","timestamp":"2026-08-08T07:57:59.672Z"}
{"channel":"application","context":"RouterExplorer","level":"info","message":"Mapped {/media/:id, GET} route","service":"juman-backend-node","timestamp":"2026-08-08T07:57:59.672Z"}
{"channel":"application","context":"RouterExplorer","level":"info","message":"Mapped {/media/:id/integrity, GET} route","service":"juman-backend-node","timestamp":"2026-08-08T07:57:59.672Z"}
{"channel":"application","context":"RouterExplorer","level":"info","message":"Mapped {/media, POST} route","service":"juman-backend-node","timestamp":"2026-08-08T07:57:59.672Z"}
{"channel":"application","context":"RouterExplorer","level":"info","message":"Mapped {/media/:id, DELETE} route","service":"juman-backend-node","timestamp":"2026-08-08T07:57:59.672Z"}
{"channel":"application","context":"RouterExplorer","level":"info","message":"Mapped {/media/:id/restore, POST} route","service":"juman-backend-node","timestamp":"2026-08-08T07:57:59.673Z"}
{"channel":"application","context":"RoutesResolver","level":"info","message":"BarcodeController {/barcodes}:","service":"juman-backend-node","timestamp":"2026-08-08T07:57:59.673Z"}
{"channel":"application","context":"RouterExplorer","level":"info","message":"Mapped {/barcodes, GET} route","service":"juman-backend-node","timestamp":"2026-08-08T07:57:59.673Z"}
{"channel":"application","context":"RouterExplorer","level":"info","message":"Mapped {/barcodes/:id, GET} route","service":"juman-backend-node","timestamp":"2026-08-08T07:57:59.673Z"}
{"channel":"application","context":"RouterExplorer","level":"info","message":"Mapped {/barcodes/generate, POST} route","service":"juman-backend-node","timestamp":"2026-08-08T07:57:59.673Z"}
{"channel":"application","context":"RouterExplorer","level":"info","message":"Mapped {/barcodes/validate, POST} route","service":"juman-backend-node","timestamp":"2026-08-08T07:57:59.673Z"}
{"channel":"application","context":"RouterExplorer","level":"info","message":"Mapped {/barcodes/reserve, POST} route","service":"juman-backend-node","timestamp":"2026-08-08T07:57:59.673Z"}
{"channel":"application","context":"RouterExplorer","level":"info","message":"Mapped {/barcodes/release, POST} route","service":"juman-backend-node","timestamp":"2026-08-08T07:57:59.673Z"}
{"channel":"application","context":"RouterExplorer","level":"info","message":"Mapped {/barcodes/retire, POST} route","service":"juman-backend-node","timestamp":"2026-08-08T07:57:59.674Z"}
{"channel":"application","context":"RoutesResolver","level":"info","message":"AuthController {/auth}:","service":"juman-backend-node","timestamp":"2026-08-08T07:57:59.674Z"}
{"channel":"application","context":"RouterExplorer","level":"info","message":"Mapped {/auth/login, POST} route","service":"juman-backend-node","timestamp":"2026-08-08T07:57:59.674Z"}
{"channel":"application","context":"RouterExplorer","level":"info","message":"Mapped {/auth/logout, POST} route","service":"juman-backend-node","timestamp":"2026-08-08T07:57:59.674Z"}
{"channel":"application","context":"RouterExplorer","level":"info","message":"Mapped {/auth/change-password, POST} route","service":"juman-backend-node","timestamp":"2026-08-08T07:57:59.674Z"}
{"channel":"application","context":"RouterExplorer","level":"info","message":"Mapped {/auth/admin/unlock, POST} route","service":"juman-backend-node","timestamp":"2026-08-08T07:57:59.674Z"}
{"channel":"application","context":"RouterExplorer","level":"info","message":"Mapped {/auth/session, GET} route","service":"juman-backend-node","timestamp":"2026-08-08T07:57:59.675Z"}
{"channel":"application","context":"RouterExplorer","level":"info","message":"Mapped {/auth/me, GET} route","service":"juman-backend-node","timestamp":"2026-08-08T07:57:59.676Z"}
{"channel":"application","context":"RoutesResolver","level":"info","message":"CustomersController {/customers}:","service":"juman-backend-node","timestamp":"2026-08-08T07:57:59.676Z"}
{"channel":"application","context":"RouterExplorer","level":"info","message":"Mapped {/customers, GET} route","service":"juman-backend-node","timestamp":"2026-08-08T07:57:59.677Z"}
{"channel":"application","context":"RouterExplorer","level":"info","message":"Mapped {/customers/search, GET} route","service":"juman-backend-node","timestamp":"2026-08-08T07:57:59.677Z"}
{"channel":"application","context":"RouterExplorer","level":"info","message":"Mapped {/customers/number/:customerNumber, GET} route","service":"juman-backend-node","timestamp":"2026-08-08T07:57:59.678Z"}
{"channel":"application","context":"RouterExplorer","level":"info","message":"Mapped {/customers/:id, GET} route","service":"juman-backend-node","timestamp":"2026-08-08T07:57:59.678Z"}
{"channel":"application","context":"RouterExplorer","level":"info","message":"Mapped {/customers, POST} route","service":"juman-backend-node","timestamp":"2026-08-08T07:57:59.679Z"}
{"channel":"application","context":"RouterExplorer","level":"info","message":"Mapped {/customers/:id, PATCH} route","service":"juman-backend-node","timestamp":"2026-08-08T07:57:59.679Z"}
{"channel":"application","context":"RouterExplorer","level":"info","message":"Mapped {/customers/:id, DELETE} route","service":"juman-backend-node","timestamp":"2026-08-08T07:57:59.680Z"}
{"channel":"application","context":"RouterExplorer","level":"info","message":"Mapped {/customers/:id/restore, POST} route","service":"juman-backend-node","timestamp":"2026-08-08T07:57:59.680Z"}
{"channel":"application","context":"RoutesResolver","level":"info","message":"CategoriesController {/categories}:","service":"juman-backend-node","timestamp":"2026-08-08T07:57:59.680Z"}
{"channel":"application","context":"RouterExplorer","level":"info","message":"Mapped {/categories, GET} route","service":"juman-backend-node","timestamp":"2026-08-08T07:57:59.680Z"}
{"channel":"application","context":"RouterExplorer","level":"info","message":"Mapped {/categories/:id, GET} route","service":"juman-backend-node","timestamp":"2026-08-08T07:57:59.680Z"}
{"channel":"application","context":"RouterExplorer","level":"info","message":"Mapped {/categories, POST} route","service":"juman-backend-node","timestamp":"2026-08-08T07:57:59.680Z"}
{"channel":"application","context":"RouterExplorer","level":"info","message":"Mapped {/categories/:id, PATCH} route","service":"juman-backend-node","timestamp":"2026-08-08T07:57:59.681Z"}
{"channel":"application","context":"RouterExplorer","level":"info","message":"Mapped {/categories/:id, DELETE} route","service":"juman-backend-node","timestamp":"2026-08-08T07:57:59.681Z"}
{"channel":"application","context":"RouterExplorer","level":"info","message":"Mapped {/categories/:id/restore, POST} route","service":"juman-backend-node","timestamp":"2026-08-08T07:57:59.681Z"}
{"channel":"application","context":"RoutesResolver","level":"info","message":"BrandsController {/brands}:","service":"juman-backend-node","timestamp":"2026-08-08T07:57:59.681Z"}
{"channel":"application","context":"RouterExplorer","level":"info","message":"Mapped {/brands, GET} route","service":"juman-backend-node","timestamp":"2026-08-08T07:57:59.681Z"}
{"channel":"application","context":"RouterExplorer","level":"info","message":"Mapped {/brands/:id, GET} route","service":"juman-backend-node","timestamp":"2026-08-08T07:57:59.681Z"}
{"channel":"application","context":"RouterExplorer","level":"info","message":"Mapped {/brands, POST} route","service":"juman-backend-node","timestamp":"2026-08-08T07:57:59.682Z"}
{"channel":"application","context":"RouterExplorer","level":"info","message":"Mapped {/brands/:id, PATCH} route","service":"juman-backend-node","timestamp":"2026-08-08T07:57:59.682Z"}
{"channel":"application","context":"RouterExplorer","level":"info","message":"Mapped {/brands/:id, DELETE} route","service":"juman-backend-node","timestamp":"2026-08-08T07:57:59.682Z"}
{"channel":"application","context":"RouterExplorer","level":"info","message":"Mapped {/brands/:id/restore, POST} route","service":"juman-backend-node","timestamp":"2026-08-08T07:57:59.682Z"}
{"channel":"application","context":"RoutesResolver","level":"info","message":"ColorsController {/colors}:","service":"juman-backend-node","timestamp":"2026-08-08T07:57:59.682Z"}
{"channel":"application","context":"RouterExplorer","level":"info","message":"Mapped {/colors, GET} route","service":"juman-backend-node","timestamp":"2026-08-08T07:57:59.682Z"}
{"channel":"application","context":"RouterExplorer","level":"info","message":"Mapped {/colors/:id, GET} route","service":"juman-backend-node","timestamp":"2026-08-08T07:57:59.682Z"}
{"channel":"application","context":"RouterExplorer","level":"info","message":"Mapped {/colors, POST} route","service":"juman-backend-node","timestamp":"2026-08-08T07:57:59.682Z"}
{"channel":"application","context":"RouterExplorer","level":"info","message":"Mapped {/colors/:id, PATCH} route","service":"juman-backend-node","timestamp":"2026-08-08T07:57:59.683Z"}
{"channel":"application","context":"RouterExplorer","level":"info","message":"Mapped {/colors/:id, DELETE} route","service":"juman-backend-node","timestamp":"2026-08-08T07:57:59.683Z"}
{"channel":"application","context":"RouterExplorer","level":"info","message":"Mapped {/colors/:id/restore, POST} route","service":"juman-backend-node","timestamp":"2026-08-08T07:57:59.683Z"}
{"channel":"application","context":"RoutesResolver","level":"info","message":"SizesController {/sizes}:","service":"juman-backend-node","timestamp":"2026-08-08T07:57:59.683Z"}
{"channel":"application","context":"RouterExplorer","level":"info","message":"Mapped {/sizes, GET} route","service":"juman-backend-node","timestamp":"2026-08-08T07:57:59.683Z"}
{"channel":"application","context":"RouterExplorer","level":"info","message":"Mapped {/sizes/:id, GET} route","service":"juman-backend-node","timestamp":"2026-08-08T07:57:59.683Z"}
{"channel":"application","context":"RouterExplorer","level":"info","message":"Mapped {/sizes, POST} route","service":"juman-backend-node","timestamp":"2026-08-08T07:57:59.684Z"}
{"channel":"application","context":"RouterExplorer","level":"info","message":"Mapped {/sizes/:id, PATCH} route","service":"juman-backend-node","timestamp":"2026-08-08T07:57:59.684Z"}
{"channel":"application","context":"RouterExplorer","level":"info","message":"Mapped {/sizes/:id, DELETE} route","service":"juman-backend-node","timestamp":"2026-08-08T07:57:59.685Z"}
{"channel":"application","context":"RouterExplorer","level":"info","message":"Mapped {/sizes/:id/restore, POST} route","service":"juman-backend-node","timestamp":"2026-08-08T07:57:59.685Z"}
{"channel":"application","context":"RoutesResolver","level":"info","message":"LifecycleController {/items}:","service":"juman-backend-node","timestamp":"2026-08-08T07:57:59.685Z"}
{"channel":"application","context":"RouterExplorer","level":"info","message":"Mapped {/items/:id/state, GET} route","service":"juman-backend-node","timestamp":"2026-08-08T07:57:59.685Z"}
{"channel":"application","context":"RouterExplorer","level":"info","message":"Mapped {/items/:id/history, GET} route","service":"juman-backend-node","timestamp":"2026-08-08T07:57:59.686Z"}
{"channel":"application","context":"RouterExplorer","level":"info","message":"Mapped {/items/:id/transition, POST} route","service":"juman-backend-node","timestamp":"2026-08-08T07:57:59.686Z"}
{"channel":"application","context":"RoutesResolver","level":"info","message":"ItemsController {/items}:","service":"juman-backend-node","timestamp":"2026-08-08T07:57:59.686Z"}
{"channel":"application","context":"RouterExplorer","level":"info","message":"Mapped {/items, GET} route","service":"juman-backend-node","timestamp":"2026-08-08T07:57:59.686Z"}
{"channel":"application","context":"RouterExplorer","level":"info","message":"Mapped {/items/search, GET} route","service":"juman-backend-node","timestamp":"2026-08-08T07:57:59.686Z"}
{"channel":"application","context":"RouterExplorer","level":"info","message":"Mapped {/items/code/:internalCode, GET} route","service":"juman-backend-node","timestamp":"2026-08-08T07:57:59.687Z"}
{"channel":"application","context":"RouterExplorer","level":"info","message":"Mapped {/items/:id, GET} route","service":"juman-backend-node","timestamp":"2026-08-08T07:57:59.687Z"}
{"channel":"application","context":"RouterExplorer","level":"info","message":"Mapped {/items, POST} route","service":"juman-backend-node","timestamp":"2026-08-08T07:57:59.687Z"}
{"channel":"application","context":"RouterExplorer","level":"info","message":"Mapped {/items/:id, PATCH} route","service":"juman-backend-node","timestamp":"2026-08-08T07:57:59.687Z"}
{"channel":"application","context":"RouterExplorer","level":"info","message":"Mapped {/items/:id, DELETE} route","service":"juman-backend-node","timestamp":"2026-08-08T07:57:59.688Z"}
{"channel":"application","context":"RouterExplorer","level":"info","message":"Mapped {/items/:id/restore, POST} route","service":"juman-backend-node","timestamp":"2026-08-08T07:57:59.688Z"}
{"channel":"application","context":"RouterExplorer","level":"info","message":"Mapped {/items/:id/media, POST} route","service":"juman-backend-node","timestamp":"2026-08-08T07:57:59.688Z"}
{"channel":"application","context":"RoutesResolver","level":"info","message":"AvailabilityController {/availability}:","service":"juman-backend-node","timestamp":"2026-08-08T07:57:59.688Z"}
{"channel":"application","context":"RouterExplorer","level":"info","message":"Mapped {/availability, GET} route","service":"juman-backend-node","timestamp":"2026-08-08T07:57:59.688Z"}
{"channel":"application","context":"RouterExplorer","level":"info","message":"Mapped {/availability/calendar, GET} route","service":"juman-backend-node","timestamp":"2026-08-08T07:57:59.688Z"}
{"channel":"application","context":"RouterExplorer","level":"info","message":"Mapped {/availability/item/:id, GET} route","service":"juman-backend-node","timestamp":"2026-08-08T07:57:59.688Z"}
{"channel":"application","context":"RoutesResolver","level":"info","message":"FinanceController {/finance}:","service":"juman-backend-node","timestamp":"2026-08-08T07:57:59.689Z"}
{"channel":"application","context":"RouterExplorer","level":"info","message":"Mapped {/finance/accounts, GET} route","service":"juman-backend-node","timestamp":"2026-08-08T07:57:59.689Z"}
{"channel":"application","context":"RouterExplorer","level":"info","message":"Mapped {/finance/transactions, GET} route","service":"juman-backend-node","timestamp":"2026-08-08T07:57:59.689Z"}
{"channel":"application","context":"RouterExplorer","level":"info","message":"Mapped {/finance/payments, GET} route","service":"juman-backend-node","timestamp":"2026-08-08T07:57:59.689Z"}
{"channel":"application","context":"RouterExplorer","level":"info","message":"Mapped {/finance/payments, POST} route","service":"juman-backend-node","timestamp":"2026-08-08T07:57:59.690Z"}
{"channel":"application","context":"RouterExplorer","level":"info","message":"Mapped {/finance/outstanding, GET} route","service":"juman-backend-node","timestamp":"2026-08-08T07:57:59.690Z"}
{"channel":"application","context":"RoutesResolver","level":"info","message":"SettlementController {/settlements}:","service":"juman-backend-node","timestamp":"2026-08-08T07:57:59.690Z"}
{"channel":"application","context":"RouterExplorer","level":"info","message":"Mapped {/settlements, GET} route","service":"juman-backend-node","timestamp":"2026-08-08T07:57:59.690Z"}
{"channel":"application","context":"RouterExplorer","level":"info","message":"Mapped {/settlements/:id, GET} route","service":"juman-backend-node","timestamp":"2026-08-08T07:57:59.690Z"}
{"channel":"application","context":"RouterExplorer","level":"info","message":"Mapped {/settlements/:id/payment, POST} route","service":"juman-backend-node","timestamp":"2026-08-08T07:57:59.690Z"}
{"channel":"application","context":"RouterExplorer","level":"info","message":"Mapped {/settlements/:id/refund, POST} route","service":"juman-backend-node","timestamp":"2026-08-08T07:57:59.690Z"}
{"channel":"application","context":"RouterExplorer","level":"info","message":"Mapped {/settlements/:id/adjustment, POST} route","service":"juman-backend-node","timestamp":"2026-08-08T07:57:59.690Z"}
{"channel":"application","context":"RouterExplorer","level":"info","message":"Mapped {/settlements/:id/discount, POST} route","service":"juman-backend-node","timestamp":"2026-08-08T07:57:59.691Z"}
{"channel":"application","context":"RouterExplorer","level":"info","message":"Mapped {/settlements/:id/late-fee, POST} route","service":"juman-backend-node","timestamp":"2026-08-08T07:57:59.691Z"}
{"channel":"application","context":"RouterExplorer","level":"info","message":"Mapped {/settlements/:id/close, POST} route","service":"juman-backend-node","timestamp":"2026-08-08T07:57:59.691Z"}
{"channel":"application","context":"RouterExplorer","level":"info","message":"Mapped {/settlements/:id/cancel, POST} route","service":"juman-backend-node","timestamp":"2026-08-08T07:57:59.692Z"}
{"channel":"application","context":"RoutesResolver","level":"info","message":"RentalsController {/rentals}:","service":"juman-backend-node","timestamp":"2026-08-08T07:57:59.692Z"}
{"channel":"application","context":"RouterExplorer","level":"info","message":"Mapped {/rentals, GET} route","service":"juman-backend-node","timestamp":"2026-08-08T07:57:59.692Z"}
{"channel":"application","context":"RouterExplorer","level":"info","message":"Mapped {/rentals/:id/audit, GET} route","service":"juman-backend-node","timestamp":"2026-08-08T07:57:59.692Z"}
{"channel":"application","context":"RouterExplorer","level":"info","message":"Mapped {/rentals/:id, GET} route","service":"juman-backend-node","timestamp":"2026-08-08T07:57:59.692Z"}
{"channel":"application","context":"RouterExplorer","level":"info","message":"Mapped {/rentals, POST} route","service":"juman-backend-node","timestamp":"2026-08-08T07:57:59.693Z"}
{"channel":"application","context":"RouterExplorer","level":"info","message":"Mapped {/rentals/:id/notes, POST} route","service":"juman-backend-node","timestamp":"2026-08-08T07:57:59.694Z"}
{"channel":"application","context":"RouterExplorer","level":"info","message":"Mapped {/rentals/:id, PATCH} route","service":"juman-backend-node","timestamp":"2026-08-08T07:57:59.694Z"}
{"channel":"application","context":"RouterExplorer","level":"info","message":"Mapped {/rentals/:id/checkout, POST} route","service":"juman-backend-node","timestamp":"2026-08-08T07:57:59.695Z"}
{"channel":"application","context":"RouterExplorer","level":"info","message":"Mapped {/rentals/:id/return, POST} route","service":"juman-backend-node","timestamp":"2026-08-08T07:57:59.695Z"}
{"channel":"application","context":"RouterExplorer","level":"info","message":"Mapped {/rentals/:id/complete, POST} route","service":"juman-backend-node","timestamp":"2026-08-08T07:57:59.696Z"}
{"channel":"application","context":"RouterExplorer","level":"info","message":"Mapped {/rentals/:id/cancel, POST} route","service":"juman-backend-node","timestamp":"2026-08-08T07:57:59.696Z"}
{"channel":"application","context":"RoutesResolver","level":"info","message":"ReservationsController {/reservations}:","service":"juman-backend-node","timestamp":"2026-08-08T07:57:59.696Z"}
{"channel":"application","context":"RouterExplorer","level":"info","message":"Mapped {/reservations, GET} route","service":"juman-backend-node","timestamp":"2026-08-08T07:57:59.696Z"}
{"channel":"application","context":"RouterExplorer","level":"info","message":"Mapped {/reservations/:id, GET} route","service":"juman-backend-node","timestamp":"2026-08-08T07:57:59.697Z"}
{"channel":"application","context":"RouterExplorer","level":"info","message":"Mapped {/reservations, POST} route","service":"juman-backend-node","timestamp":"2026-08-08T07:57:59.697Z"}
{"channel":"application","context":"RouterExplorer","level":"info","message":"Mapped {/reservations/:id/checkout, POST} route","service":"juman-backend-node","timestamp":"2026-08-08T07:57:59.697Z"}
{"channel":"application","context":"RouterExplorer","level":"info","message":"Mapped {/reservations/:id/cancel, POST} route","service":"juman-backend-node","timestamp":"2026-08-08T07:57:59.697Z"}
{"channel":"application","context":"RouterExplorer","level":"info","message":"Mapped {/reservations/:id/expire, POST} route","service":"juman-backend-node","timestamp":"2026-08-08T07:57:59.697Z"}
{"channel":"application","context":"RoutesResolver","level":"info","message":"SalesController {/sales}:","service":"juman-backend-node","timestamp":"2026-08-08T07:57:59.697Z"}
{"channel":"application","context":"RouterExplorer","level":"info","message":"Mapped {/sales, GET} route","service":"juman-backend-node","timestamp":"2026-08-08T07:57:59.698Z"}
{"channel":"application","context":"RouterExplorer","level":"info","message":"Mapped {/sales/:id/history, GET} route","service":"juman-backend-node","timestamp":"2026-08-08T07:57:59.698Z"}
{"channel":"application","context":"RouterExplorer","level":"info","message":"Mapped {/sales/:id, GET} route","service":"juman-backend-node","timestamp":"2026-08-08T07:57:59.698Z"}
{"channel":"application","context":"RouterExplorer","level":"info","message":"Mapped {/sales, POST} route","service":"juman-backend-node","timestamp":"2026-08-08T07:57:59.698Z"}
{"channel":"application","context":"RouterExplorer","level":"info","message":"Mapped {/sales/:id/confirm, POST} route","service":"juman-backend-node","timestamp":"2026-08-08T07:57:59.698Z"}
{"channel":"application","context":"RouterExplorer","level":"info","message":"Mapped {/sales/:id/payment, POST} route","service":"juman-backend-node","timestamp":"2026-08-08T07:57:59.698Z"}
{"channel":"application","context":"RouterExplorer","level":"info","message":"Mapped {/sales/:id/complete, POST} route","service":"juman-backend-node","timestamp":"2026-08-08T07:57:59.698Z"}
{"channel":"application","context":"RouterExplorer","level":"info","message":"Mapped {/sales/:id/cancel, POST} route","service":"juman-backend-node","timestamp":"2026-08-08T07:57:59.698Z"}
{"channel":"application","context":"RoutesResolver","level":"info","message":"ReportsController {/reports}:","service":"juman-backend-node","timestamp":"2026-08-08T07:57:59.699Z"}
{"channel":"application","context":"RouterExplorer","level":"info","message":"Mapped {/reports/dashboard, GET} route","service":"juman-backend-node","timestamp":"2026-08-08T07:57:59.699Z"}
{"channel":"application","context":"RouterExplorer","level":"info","message":"Mapped {/reports/financial, GET} route","service":"juman-backend-node","timestamp":"2026-08-08T07:57:59.699Z"}
{"channel":"application","context":"RouterExplorer","level":"info","message":"Mapped {/reports/rentals/current, GET} route","service":"juman-backend-node","timestamp":"2026-08-08T07:57:59.699Z"}
{"channel":"application","context":"RouterExplorer","level":"info","message":"Mapped {/reports/rentals/overdue, GET} route","service":"juman-backend-node","timestamp":"2026-08-08T07:57:59.699Z"}
{"channel":"application","context":"RouterExplorer","level":"info","message":"Mapped {/reports/rentals/returns, GET} route","service":"juman-backend-node","timestamp":"2026-08-08T07:57:59.699Z"}
{"channel":"application","context":"RouterExplorer","level":"info","message":"Mapped {/reports/rentals/reservations, GET} route","service":"juman-backend-node","timestamp":"2026-08-08T07:57:59.699Z"}
{"channel":"application","context":"RouterExplorer","level":"info","message":"Mapped {/reports/rentals/history, GET} route","service":"juman-backend-node","timestamp":"2026-08-08T07:57:59.699Z"}
{"channel":"application","context":"RouterExplorer","level":"info","message":"Mapped {/reports/inventory/value, GET} route","service":"juman-backend-node","timestamp":"2026-08-08T07:57:59.700Z"}
{"channel":"application","context":"RouterExplorer","level":"info","message":"Mapped {/reports/inventory/availability, GET} route","service":"juman-backend-node","timestamp":"2026-08-08T07:57:59.700Z"}
{"channel":"application","context":"RouterExplorer","level":"info","message":"Mapped {/reports/inventory/category, GET} route","service":"juman-backend-node","timestamp":"2026-08-08T07:57:59.700Z"}
{"channel":"application","context":"RouterExplorer","level":"info","message":"Mapped {/reports/inventory/brand, GET} route","service":"juman-backend-node","timestamp":"2026-08-08T07:57:59.700Z"}
{"channel":"application","context":"RouterExplorer","level":"info","message":"Mapped {/reports/inventory/color, GET} route","service":"juman-backend-node","timestamp":"2026-08-08T07:57:59.700Z"}
{"channel":"application","context":"RouterExplorer","level":"info","message":"Mapped {/reports/inventory/size, GET} route","service":"juman-backend-node","timestamp":"2026-08-08T07:57:59.701Z"}
{"channel":"application","context":"RouterExplorer","level":"info","message":"Mapped {/reports/inventory/lifecycle, GET} route","service":"juman-backend-node","timestamp":"2026-08-08T07:57:59.701Z"}
{"channel":"application","context":"RouterExplorer","level":"info","message":"Mapped {/reports/inventory/retired, GET} route","service":"juman-backend-node","timestamp":"2026-08-08T07:57:59.702Z"}
{"channel":"application","context":"RouterExplorer","level":"info","message":"Mapped {/reports/inventory/maintenance, GET} route","service":"juman-backend-node","timestamp":"2026-08-08T07:57:59.702Z"}
{"channel":"application","context":"RouterExplorer","level":"info","message":"Mapped {/reports/customers/:id/rentals, GET} route","service":"juman-backend-node","timestamp":"2026-08-08T07:57:59.702Z"}
{"channel":"application","context":"RouterExplorer","level":"info","message":"Mapped {/reports/customers/:id/outstanding, GET} route","service":"juman-backend-node","timestamp":"2026-08-08T07:57:59.702Z"}
{"channel":"application","context":"RouterExplorer","level":"info","message":"Mapped {/reports/customers/:id/payments, GET} route","service":"juman-backend-node","timestamp":"2026-08-08T07:57:59.702Z"}
{"channel":"application","context":"RouterExplorer","level":"info","message":"Mapped {/reports/customers/:id/reservations, GET} route","service":"juman-backend-node","timestamp":"2026-08-08T07:57:59.702Z"}
{"channel":"application","context":"RouterExplorer","level":"info","message":"Mapped {/reports/export, GET} route","service":"juman-backend-node","timestamp":"2026-08-08T07:57:59.703Z"}
{"channel":"application","context":"RoutesResolver","level":"info","message":"HealthController {/health}:","service":"juman-backend-node","timestamp":"2026-08-08T07:57:59.703Z"}
{"channel":"application","context":"RouterExplorer","level":"info","message":"Mapped {/health, GET} route","service":"juman-backend-node","timestamp":"2026-08-08T07:57:59.703Z"}
{"channel":"application","context":"NestApplication","level":"info","message":"Nest application successfully started","service":"juman-backend-node","timestamp":"2026-08-08T07:57:59.703Z"}
{"channel":"startup","context":"Startup","level":"info","message":"Listening on http://127.0.0.1:8787","service":"juman-backend-node","timestamp":"2026-08-08T07:57:59.704Z"}
{"channel":"startup","context":"Startup","level":"info","message":"GET /health ready","service":"juman-backend-node","timestamp":"2026-08-08T07:57:59.704Z"}
{"channel":"startup","context":"Startup","dataDir":"C:\\Users\\moham\\Desktop\\juman","envCreated":false,"envFile":"C:\\Users\\moham\\Desktop\\juman\\config\\juman.env","environment":"development","host":"127.0.0.1","level":"info","message":"Juman Backend V2 starting","migrations":"applied","port":8787,"service":"juman-backend-node","timestamp":"2026-08-08T08:00:36.007Z","version":"2.0.0"}
{"channel":"startup","context":"Startup","level":"info","message":"SQLite PRAGMAs applied (foreign_keys, WAL, busy_timeout)","service":"juman-backend-node","timestamp":"2026-08-08T08:00:36.048Z"}
{"channel":"startup","context":"Startup","level":"info","message":"Prisma connected to SQLite","service":"juman-backend-node","timestamp":"2026-08-08T08:00:36.049Z"}
{"channel":"startup","context":"Startup","count":27,"level":"info","message":"App settings ensured","service":"juman-backend-node","timestamp":"2026-08-08T08:00:36.103Z"}
{"channel":"startup","context":"Startup","count":104,"level":"info","message":"RBAC permissions ensured","service":"juman-backend-node","timestamp":"2026-08-08T08:00:36.277Z"}
{"channel":"startup","context":"Startup","count":104,"level":"info","message":"RBAC permissions ensured","service":"juman-backend-node","timestamp":"2026-08-08T08:00:36.451Z"}
{"channel":"startup","context":"Startup","count":4,"level":"info","message":"RBAC system roles ensured","service":"juman-backend-node","timestamp":"2026-08-08T08:00:36.619Z"}
{"channel":"startup","context":"Startup","level":"info","message":"Administrator user already present","service":"juman-backend-node","timestamp":"2026-08-08T08:00:36.621Z","username":"admin"}
{"categories":3,"channel":"startup","context":"Startup","level":"info","message":"Demo seed skipped (categories already present)","service":"juman-backend-node","timestamp":"2026-08-08T08:00:36.625Z"}
{"channel":"startup","context":"Startup","customerId":"45c43439-599c-459d-85d9-5ad83caded3a","customerNumber":"WALK-IN","level":"info","message":"Walk-in customer ready","service":"juman-backend-node","timestamp":"2026-08-08T08:00:36.630Z"}
{"channel":"application","context":"NestFactory","level":"info","message":"Starting Nest application...","service":"juman-backend-node","timestamp":"2026-08-08T08:00:36.649Z"}
{"channel":"application","context":"InstanceLoader","level":"info","message":"LoggerModule dependencies initialized","service":"juman-backend-node","timestamp":"2026-08-08T08:00:36.650Z"}
{"channel":"application","context":"InstanceLoader","level":"info","message":"PassportModule dependencies initialized","service":"juman-backend-node","timestamp":"2026-08-08T08:00:36.650Z"}
{"channel":"application","context":"InstanceLoader","level":"info","message":"ConfigHostModule dependencies initialized","service":"juman-backend-node","timestamp":"2026-08-08T08:00:36.650Z"}
{"channel":"application","context":"InstanceLoader","level":"info","message":"ConfigModule dependencies initialized","service":"juman-backend-node","timestamp":"2026-08-08T08:00:36.650Z"}
{"channel":"application","context":"InstanceLoader","level":"info","message":"ConfigModule dependencies initialized","service":"juman-backend-node","timestamp":"2026-08-08T08:00:36.651Z"}
{"channel":"application","context":"InstanceLoader","level":"info","message":"PrismaModule dependencies initialized","service":"juman-backend-node","timestamp":"2026-08-08T08:00:36.651Z"}
{"channel":"application","context":"InstanceLoader","level":"info","message":"JwtModule dependencies initialized","service":"juman-backend-node","timestamp":"2026-08-08T08:00:36.651Z"}
{"channel":"application","context":"InstanceLoader","level":"info","message":"SettingsModule dependencies initialized","service":"juman-backend-node","timestamp":"2026-08-08T08:00:36.651Z"}
{"channel":"application","context":"InstanceLoader","level":"info","message":"AuditModule dependencies initialized","service":"juman-backend-node","timestamp":"2026-08-08T08:00:36.651Z"}
{"channel":"application","context":"InstanceLoader","level":"info","message":"PermissionsModule dependencies initialized","service":"juman-backend-node","timestamp":"2026-08-08T08:00:36.651Z"}
{"channel":"application","context":"InstanceLoader","level":"info","message":"UsersModule dependencies initialized","service":"juman-backend-node","timestamp":"2026-08-08T08:00:36.652Z"}
{"channel":"application","context":"InstanceLoader","level":"info","message":"SecurityModule dependencies initialized","service":"juman-backend-node","timestamp":"2026-08-08T08:00:36.652Z"}
{"channel":"application","context":"InstanceLoader","level":"info","message":"HealthModule dependencies initialized","service":"juman-backend-node","timestamp":"2026-08-08T08:00:36.652Z"}
{"channel":"application","context":"InstanceLoader","level":"info","message":"RolesModule dependencies initialized","service":"juman-backend-node","timestamp":"2026-08-08T08:00:36.652Z"}
{"channel":"application","context":"InstanceLoader","level":"info","message":"AppModule dependencies initialized","service":"juman-backend-node","timestamp":"2026-08-08T08:00:36.652Z"}
{"channel":"application","context":"InstanceLoader","level":"info","message":"AvailabilityModule dependencies initialized","service":"juman-backend-node","timestamp":"2026-08-08T08:00:36.653Z"}
{"channel":"application","context":"InstanceLoader","level":"info","message":"ReportsModule dependencies initialized","service":"juman-backend-node","timestamp":"2026-08-08T08:00:36.653Z"}
{"channel":"application","context":"InstanceLoader","level":"info","message":"MediaModule dependencies initialized","service":"juman-backend-node","timestamp":"2026-08-08T08:00:36.653Z"}
{"channel":"application","context":"InstanceLoader","level":"info","message":"BarcodeModule dependencies initialized","service":"juman-backend-node","timestamp":"2026-08-08T08:00:36.654Z"}
{"channel":"application","context":"InstanceLoader","level":"info","message":"CustomersModule dependencies initialized","service":"juman-backend-node","timestamp":"2026-08-08T08:00:36.654Z"}
{"channel":"application","context":"InstanceLoader","level":"info","message":"AuthModule dependencies initialized","service":"juman-backend-node","timestamp":"2026-08-08T08:00:36.654Z"}
{"channel":"application","context":"InstanceLoader","level":"info","message":"InventoryModule dependencies initialized","service":"juman-backend-node","timestamp":"2026-08-08T08:00:36.654Z"}
{"channel":"application","context":"InstanceLoader","level":"info","message":"FinanceModule dependencies initialized","service":"juman-backend-node","timestamp":"2026-08-08T08:00:36.655Z"}
{"channel":"application","context":"InstanceLoader","level":"info","message":"RentalsModule dependencies initialized","service":"juman-backend-node","timestamp":"2026-08-08T08:00:36.655Z"}
{"channel":"application","context":"InstanceLoader","level":"info","message":"SalesModule dependencies initialized","service":"juman-backend-node","timestamp":"2026-08-08T08:00:36.655Z"}
{"channel":"application","context":"InstanceLoader","level":"info","message":"ReservationsModule dependencies initialized","service":"juman-backend-node","timestamp":"2026-08-08T08:00:36.655Z"}
{"channel":"application","context":"RoutesResolver","level":"info","message":"MediaController {/media}:","service":"juman-backend-node","timestamp":"2026-08-08T08:00:36.656Z"}
{"channel":"application","context":"RouterExplorer","level":"info","message":"Mapped {/media, GET} route","service":"juman-backend-node","timestamp":"2026-08-08T08:00:36.656Z"}
{"channel":"application","context":"RouterExplorer","level":"info","message":"Mapped {/media/:id, GET} route","service":"juman-backend-node","timestamp":"2026-08-08T08:00:36.657Z"}
{"channel":"application","context":"RouterExplorer","level":"info","message":"Mapped {/media/:id/integrity, GET} route","service":"juman-backend-node","timestamp":"2026-08-08T08:00:36.657Z"}
{"channel":"application","context":"RouterExplorer","level":"info","message":"Mapped {/media, POST} route","service":"juman-backend-node","timestamp":"2026-08-08T08:00:36.658Z"}
{"channel":"application","context":"RouterExplorer","level":"info","message":"Mapped {/media/:id, DELETE} route","service":"juman-backend-node","timestamp":"2026-08-08T08:00:36.658Z"}
{"channel":"application","context":"RouterExplorer","level":"info","message":"Mapped {/media/:id/restore, POST} route","service":"juman-backend-node","timestamp":"2026-08-08T08:00:36.659Z"}
{"channel":"application","context":"RoutesResolver","level":"info","message":"BarcodeController {/barcodes}:","service":"juman-backend-node","timestamp":"2026-08-08T08:00:36.659Z"}
{"channel":"application","context":"RouterExplorer","level":"info","message":"Mapped {/barcodes, GET} route","service":"juman-backend-node","timestamp":"2026-08-08T08:00:36.659Z"}
{"channel":"application","context":"RouterExplorer","level":"info","message":"Mapped {/barcodes/:id, GET} route","service":"juman-backend-node","timestamp":"2026-08-08T08:00:36.659Z"}
{"channel":"application","context":"RouterExplorer","level":"info","message":"Mapped {/barcodes/generate, POST} route","service":"juman-backend-node","timestamp":"2026-08-08T08:00:36.659Z"}
{"channel":"application","context":"RouterExplorer","level":"info","message":"Mapped {/barcodes/validate, POST} route","service":"juman-backend-node","timestamp":"2026-08-08T08:00:36.660Z"}
{"channel":"application","context":"RouterExplorer","level":"info","message":"Mapped {/barcodes/reserve, POST} route","service":"juman-backend-node","timestamp":"2026-08-08T08:00:36.660Z"}
{"channel":"application","context":"RouterExplorer","level":"info","message":"Mapped {/barcodes/release, POST} route","service":"juman-backend-node","timestamp":"2026-08-08T08:00:36.660Z"}
{"channel":"application","context":"RouterExplorer","level":"info","message":"Mapped {/barcodes/retire, POST} route","service":"juman-backend-node","timestamp":"2026-08-08T08:00:36.660Z"}
{"channel":"application","context":"RoutesResolver","level":"info","message":"AuthController {/auth}:","service":"juman-backend-node","timestamp":"2026-08-08T08:00:36.660Z"}
{"channel":"application","context":"RouterExplorer","level":"info","message":"Mapped {/auth/login, POST} route","service":"juman-backend-node","timestamp":"2026-08-08T08:00:36.660Z"}
{"channel":"application","context":"RouterExplorer","level":"info","message":"Mapped {/auth/logout, POST} route","service":"juman-backend-node","timestamp":"2026-08-08T08:00:36.660Z"}
{"channel":"application","context":"RouterExplorer","level":"info","message":"Mapped {/auth/change-password, POST} route","service":"juman-backend-node","timestamp":"2026-08-08T08:00:36.661Z"}
{"channel":"application","context":"RouterExplorer","level":"info","message":"Mapped {/auth/admin/unlock, POST} route","service":"juman-backend-node","timestamp":"2026-08-08T08:00:36.661Z"}
{"channel":"application","context":"RouterExplorer","level":"info","message":"Mapped {/auth/session, GET} route","service":"juman-backend-node","timestamp":"2026-08-08T08:00:36.661Z"}
{"channel":"application","context":"RouterExplorer","level":"info","message":"Mapped {/auth/me, GET} route","service":"juman-backend-node","timestamp":"2026-08-08T08:00:36.661Z"}
{"channel":"application","context":"RoutesResolver","level":"info","message":"CustomersController {/customers}:","service":"juman-backend-node","timestamp":"2026-08-08T08:00:36.662Z"}
{"channel":"application","context":"RouterExplorer","level":"info","message":"Mapped {/customers, GET} route","service":"juman-backend-node","timestamp":"2026-08-08T08:00:36.662Z"}
{"channel":"application","context":"RouterExplorer","level":"info","message":"Mapped {/customers/search, GET} route","service":"juman-backend-node","timestamp":"2026-08-08T08:00:36.662Z"}
{"channel":"application","context":"RouterExplorer","level":"info","message":"Mapped {/customers/number/:customerNumber, GET} route","service":"juman-backend-node","timestamp":"2026-08-08T08:00:36.662Z"}
{"channel":"application","context":"RouterExplorer","level":"info","message":"Mapped {/customers/:id, GET} route","service":"juman-backend-node","timestamp":"2026-08-08T08:00:36.662Z"}
{"channel":"application","context":"RouterExplorer","level":"info","message":"Mapped {/customers, POST} route","service":"juman-backend-node","timestamp":"2026-08-08T08:00:36.662Z"}
{"channel":"application","context":"RouterExplorer","level":"info","message":"Mapped {/customers/:id, PATCH} route","service":"juman-backend-node","timestamp":"2026-08-08T08:00:36.663Z"}
{"channel":"application","context":"RouterExplorer","level":"info","message":"Mapped {/customers/:id, DELETE} route","service":"juman-backend-node","timestamp":"2026-08-08T08:00:36.663Z"}
{"channel":"application","context":"RouterExplorer","level":"info","message":"Mapped {/customers/:id/restore, POST} route","service":"juman-backend-node","timestamp":"2026-08-08T08:00:36.663Z"}
{"channel":"application","context":"RoutesResolver","level":"info","message":"CategoriesController {/categories}:","service":"juman-backend-node","timestamp":"2026-08-08T08:00:36.663Z"}
{"channel":"application","context":"RouterExplorer","level":"info","message":"Mapped {/categories, GET} route","service":"juman-backend-node","timestamp":"2026-08-08T08:00:36.664Z"}
{"channel":"application","context":"RouterExplorer","level":"info","message":"Mapped {/categories/:id, GET} route","service":"juman-backend-node","timestamp":"2026-08-08T08:00:36.664Z"}
{"channel":"application","context":"RouterExplorer","level":"info","message":"Mapped {/categories, POST} route","service":"juman-backend-node","timestamp":"2026-08-08T08:00:36.664Z"}
{"channel":"application","context":"RouterExplorer","level":"info","message":"Mapped {/categories/:id, PATCH} route","service":"juman-backend-node","timestamp":"2026-08-08T08:00:36.664Z"}
{"channel":"application","context":"RouterExplorer","level":"info","message":"Mapped {/categories/:id, DELETE} route","service":"juman-backend-node","timestamp":"2026-08-08T08:00:36.664Z"}
{"channel":"application","context":"RouterExplorer","level":"info","message":"Mapped {/categories/:id/restore, POST} route","service":"juman-backend-node","timestamp":"2026-08-08T08:00:36.665Z"}
{"channel":"application","context":"RoutesResolver","level":"info","message":"BrandsController {/brands}:","service":"juman-backend-node","timestamp":"2026-08-08T08:00:36.665Z"}
{"channel":"application","context":"RouterExplorer","level":"info","message":"Mapped {/brands, GET} route","service":"juman-backend-node","timestamp":"2026-08-08T08:00:36.665Z"}
{"channel":"application","context":"RouterExplorer","level":"info","message":"Mapped {/brands/:id, GET} route","service":"juman-backend-node","timestamp":"2026-08-08T08:00:36.665Z"}
{"channel":"application","context":"RouterExplorer","level":"info","message":"Mapped {/brands, POST} route","service":"juman-backend-node","timestamp":"2026-08-08T08:00:36.665Z"}
{"channel":"application","context":"RouterExplorer","level":"info","message":"Mapped {/brands/:id, PATCH} route","service":"juman-backend-node","timestamp":"2026-08-08T08:00:36.665Z"}
{"channel":"application","context":"RouterExplorer","level":"info","message":"Mapped {/brands/:id, DELETE} route","service":"juman-backend-node","timestamp":"2026-08-08T08:00:36.665Z"}
{"channel":"application","context":"RouterExplorer","level":"info","message":"Mapped {/brands/:id/restore, POST} route","service":"juman-backend-node","timestamp":"2026-08-08T08:00:36.665Z"}
{"channel":"application","context":"RoutesResolver","level":"info","message":"ColorsController {/colors}:","service":"juman-backend-node","timestamp":"2026-08-08T08:00:36.666Z"}
{"channel":"application","context":"RouterExplorer","level":"info","message":"Mapped {/colors, GET} route","service":"juman-backend-node","timestamp":"2026-08-08T08:00:36.666Z"}
{"channel":"application","context":"RouterExplorer","level":"info","message":"Mapped {/colors/:id, GET} route","service":"juman-backend-node","timestamp":"2026-08-08T08:00:36.666Z"}
{"channel":"application","context":"RouterExplorer","level":"info","message":"Mapped {/colors, POST} route","service":"juman-backend-node","timestamp":"2026-08-08T08:00:36.666Z"}
{"channel":"application","context":"RouterExplorer","level":"info","message":"Mapped {/colors/:id, PATCH} route","service":"juman-backend-node","timestamp":"2026-08-08T08:00:36.667Z"}
{"channel":"application","context":"RouterExplorer","level":"info","message":"Mapped {/colors/:id, DELETE} route","service":"juman-backend-node","timestamp":"2026-08-08T08:00:36.667Z"}
{"channel":"application","context":"RouterExplorer","level":"info","message":"Mapped {/colors/:id/restore, POST} route","service":"juman-backend-node","timestamp":"2026-08-08T08:00:36.667Z"}
{"channel":"application","context":"RoutesResolver","level":"info","message":"SizesController {/sizes}:","service":"juman-backend-node","timestamp":"2026-08-08T08:00:36.667Z"}
{"channel":"application","context":"RouterExplorer","level":"info","message":"Mapped {/sizes, GET} route","service":"juman-backend-node","timestamp":"2026-08-08T08:00:36.667Z"}
{"channel":"application","context":"RouterExplorer","level":"info","message":"Mapped {/sizes/:id, GET} route","service":"juman-backend-node","timestamp":"2026-08-08T08:00:36.667Z"}
{"channel":"application","context":"RouterExplorer","level":"info","message":"Mapped {/sizes, POST} route","service":"juman-backend-node","timestamp":"2026-08-08T08:00:36.667Z"}
{"channel":"application","context":"RouterExplorer","level":"info","message":"Mapped {/sizes/:id, PATCH} route","service":"juman-backend-node","timestamp":"2026-08-08T08:00:36.667Z"}
{"channel":"application","context":"RouterExplorer","level":"info","message":"Mapped {/sizes/:id, DELETE} route","service":"juman-backend-node","timestamp":"2026-08-08T08:00:36.668Z"}
{"channel":"application","context":"RouterExplorer","level":"info","message":"Mapped {/sizes/:id/restore, POST} route","service":"juman-backend-node","timestamp":"2026-08-08T08:00:36.668Z"}
{"channel":"application","context":"RoutesResolver","level":"info","message":"LifecycleController {/items}:","service":"juman-backend-node","timestamp":"2026-08-08T08:00:36.668Z"}
{"channel":"application","context":"RouterExplorer","level":"info","message":"Mapped {/items/:id/state, GET} route","service":"juman-backend-node","timestamp":"2026-08-08T08:00:36.668Z"}
{"channel":"application","context":"RouterExplorer","level":"info","message":"Mapped {/items/:id/history, GET} route","service":"juman-backend-node","timestamp":"2026-08-08T08:00:36.669Z"}
{"channel":"application","context":"RouterExplorer","level":"info","message":"Mapped {/items/:id/transition, POST} route","service":"juman-backend-node","timestamp":"2026-08-08T08:00:36.669Z"}
{"channel":"application","context":"RoutesResolver","level":"info","message":"ItemsController {/items}:","service":"juman-backend-node","timestamp":"2026-08-08T08:00:36.669Z"}
{"channel":"application","context":"RouterExplorer","level":"info","message":"Mapped {/items, GET} route","service":"juman-backend-node","timestamp":"2026-08-08T08:00:36.669Z"}
{"channel":"application","context":"RouterExplorer","level":"info","message":"Mapped {/items/search, GET} route","service":"juman-backend-node","timestamp":"2026-08-08T08:00:36.669Z"}
{"channel":"application","context":"RouterExplorer","level":"info","message":"Mapped {/items/code/:internalCode, GET} route","service":"juman-backend-node","timestamp":"2026-08-08T08:00:36.669Z"}
{"channel":"application","context":"RouterExplorer","level":"info","message":"Mapped {/items/:id, GET} route","service":"juman-backend-node","timestamp":"2026-08-08T08:00:36.669Z"}
{"channel":"application","context":"RouterExplorer","level":"info","message":"Mapped {/items, POST} route","service":"juman-backend-node","timestamp":"2026-08-08T08:00:36.670Z"}
{"channel":"application","context":"RouterExplorer","level":"info","message":"Mapped {/items/:id, PATCH} route","service":"juman-backend-node","timestamp":"2026-08-08T08:00:36.670Z"}
{"channel":"application","context":"RouterExplorer","level":"info","message":"Mapped {/items/:id, DELETE} route","service":"juman-backend-node","timestamp":"2026-08-08T08:00:36.670Z"}
{"channel":"application","context":"RouterExplorer","level":"info","message":"Mapped {/items/:id/restore, POST} route","service":"juman-backend-node","timestamp":"2026-08-08T08:00:36.670Z"}
{"channel":"application","context":"RouterExplorer","level":"info","message":"Mapped {/items/:id/media, POST} route","service":"juman-backend-node","timestamp":"2026-08-08T08:00:36.670Z"}
{"channel":"application","context":"RoutesResolver","level":"info","message":"AvailabilityController {/availability}:","service":"juman-backend-node","timestamp":"2026-08-08T08:00:36.670Z"}
{"channel":"application","context":"RouterExplorer","level":"info","message":"Mapped {/availability, GET} route","service":"juman-backend-node","timestamp":"2026-08-08T08:00:36.670Z"}
{"channel":"application","context":"RouterExplorer","level":"info","message":"Mapped {/availability/calendar, GET} route","service":"juman-backend-node","timestamp":"2026-08-08T08:00:36.670Z"}
{"channel":"application","context":"RouterExplorer","level":"info","message":"Mapped {/availability/item/:id, GET} route","service":"juman-backend-node","timestamp":"2026-08-08T08:00:36.671Z"}
{"channel":"application","context":"RoutesResolver","level":"info","message":"FinanceController {/finance}:","service":"juman-backend-node","timestamp":"2026-08-08T08:00:36.671Z"}
{"channel":"application","context":"RouterExplorer","level":"info","message":"Mapped {/finance/accounts, GET} route","service":"juman-backend-node","timestamp":"2026-08-08T08:00:36.671Z"}
{"channel":"application","context":"RouterExplorer","level":"info","message":"Mapped {/finance/transactions, GET} route","service":"juman-backend-node","timestamp":"2026-08-08T08:00:36.671Z"}
{"channel":"application","context":"RouterExplorer","level":"info","message":"Mapped {/finance/payments, GET} route","service":"juman-backend-node","timestamp":"2026-08-08T08:00:36.671Z"}
{"channel":"application","context":"RouterExplorer","level":"info","message":"Mapped {/finance/payments, POST} route","service":"juman-backend-node","timestamp":"2026-08-08T08:00:36.671Z"}
{"channel":"application","context":"RouterExplorer","level":"info","message":"Mapped {/finance/outstanding, GET} route","service":"juman-backend-node","timestamp":"2026-08-08T08:00:36.671Z"}
{"channel":"application","context":"RoutesResolver","level":"info","message":"SettlementController {/settlements}:","service":"juman-backend-node","timestamp":"2026-08-08T08:00:36.671Z"}
{"channel":"application","context":"RouterExplorer","level":"info","message":"Mapped {/settlements, GET} route","service":"juman-backend-node","timestamp":"2026-08-08T08:00:36.671Z"}
{"channel":"application","context":"RouterExplorer","level":"info","message":"Mapped {/settlements/:id, GET} route","service":"juman-backend-node","timestamp":"2026-08-08T08:00:36.672Z"}
{"channel":"application","context":"RouterExplorer","level":"info","message":"Mapped {/settlements/:id/payment, POST} route","service":"juman-backend-node","timestamp":"2026-08-08T08:00:36.672Z"}
{"channel":"application","context":"RouterExplorer","level":"info","message":"Mapped {/settlements/:id/refund, POST} route","service":"juman-backend-node","timestamp":"2026-08-08T08:00:36.672Z"}
{"channel":"application","context":"RouterExplorer","level":"info","message":"Mapped {/settlements/:id/adjustment, POST} route","service":"juman-backend-node","timestamp":"2026-08-08T08:00:36.672Z"}
{"channel":"application","context":"RouterExplorer","level":"info","message":"Mapped {/settlements/:id/discount, POST} route","service":"juman-backend-node","timestamp":"2026-08-08T08:00:36.672Z"}
{"channel":"application","context":"RouterExplorer","level":"info","message":"Mapped {/settlements/:id/late-fee, POST} route","service":"juman-backend-node","timestamp":"2026-08-08T08:00:36.672Z"}
{"channel":"application","context":"RouterExplorer","level":"info","message":"Mapped {/settlements/:id/close, POST} route","service":"juman-backend-node","timestamp":"2026-08-08T08:00:36.673Z"}
{"channel":"application","context":"RouterExplorer","level":"info","message":"Mapped {/settlements/:id/cancel, POST} route","service":"juman-backend-node","timestamp":"2026-08-08T08:00:36.673Z"}
{"channel":"application","context":"RoutesResolver","level":"info","message":"RentalsController {/rentals}:","service":"juman-backend-node","timestamp":"2026-08-08T08:00:36.673Z"}
{"channel":"application","context":"RouterExplorer","level":"info","message":"Mapped {/rentals, GET} route","service":"juman-backend-node","timestamp":"2026-08-08T08:00:36.674Z"}
{"channel":"application","context":"RouterExplorer","level":"info","message":"Mapped {/rentals/:id/audit, GET} route","service":"juman-backend-node","timestamp":"2026-08-08T08:00:36.674Z"}
{"channel":"application","context":"RouterExplorer","level":"info","message":"Mapped {/rentals/:id, GET} route","service":"juman-backend-node","timestamp":"2026-08-08T08:00:36.675Z"}
{"channel":"application","context":"RouterExplorer","level":"info","message":"Mapped {/rentals, POST} route","service":"juman-backend-node","timestamp":"2026-08-08T08:00:36.675Z"}
{"channel":"application","context":"RouterExplorer","level":"info","message":"Mapped {/rentals/:id/notes, POST} route","service":"juman-backend-node","timestamp":"2026-08-08T08:00:36.676Z"}
{"channel":"application","context":"RouterExplorer","level":"info","message":"Mapped {/rentals/:id, PATCH} route","service":"juman-backend-node","timestamp":"2026-08-08T08:00:36.676Z"}
{"channel":"application","context":"RouterExplorer","level":"info","message":"Mapped {/rentals/:id/checkout, POST} route","service":"juman-backend-node","timestamp":"2026-08-08T08:00:36.676Z"}
{"channel":"application","context":"RouterExplorer","level":"info","message":"Mapped {/rentals/:id/return, POST} route","service":"juman-backend-node","timestamp":"2026-08-08T08:00:36.676Z"}
{"channel":"application","context":"RouterExplorer","level":"info","message":"Mapped {/rentals/:id/complete, POST} route","service":"juman-backend-node","timestamp":"2026-08-08T08:00:36.676Z"}
{"channel":"application","context":"RouterExplorer","level":"info","message":"Mapped {/rentals/:id/cancel, POST} route","service":"juman-backend-node","timestamp":"2026-08-08T08:00:36.676Z"}
{"channel":"application","context":"RoutesResolver","level":"info","message":"ReservationsController {/reservations}:","service":"juman-backend-node","timestamp":"2026-08-08T08:00:36.676Z"}
{"channel":"application","context":"RouterExplorer","level":"info","message":"Mapped {/reservations, GET} route","service":"juman-backend-node","timestamp":"2026-08-08T08:00:36.677Z"}
{"channel":"application","context":"RouterExplorer","level":"info","message":"Mapped {/reservations/:id, GET} route","service":"juman-backend-node","timestamp":"2026-08-08T08:00:36.677Z"}
{"channel":"application","context":"RouterExplorer","level":"info","message":"Mapped {/reservations, POST} route","service":"juman-backend-node","timestamp":"2026-08-08T08:00:36.677Z"}
{"channel":"application","context":"RouterExplorer","level":"info","message":"Mapped {/reservations/:id/checkout, POST} route","service":"juman-backend-node","timestamp":"2026-08-08T08:00:36.677Z"}
{"channel":"application","context":"RouterExplorer","level":"info","message":"Mapped {/reservations/:id/cancel, POST} route","service":"juman-backend-node","timestamp":"2026-08-08T08:00:36.677Z"}
{"channel":"application","context":"RouterExplorer","level":"info","message":"Mapped {/reservations/:id/expire, POST} route","service":"juman-backend-node","timestamp":"2026-08-08T08:00:36.677Z"}
{"channel":"application","context":"RoutesResolver","level":"info","message":"SalesController {/sales}:","service":"juman-backend-node","timestamp":"2026-08-08T08:00:36.677Z"}
{"channel":"application","context":"RouterExplorer","level":"info","message":"Mapped {/sales, GET} route","service":"juman-backend-node","timestamp":"2026-08-08T08:00:36.677Z"}
{"channel":"application","context":"RouterExplorer","level":"info","message":"Mapped {/sales/:id/history, GET} route","service":"juman-backend-node","timestamp":"2026-08-08T08:00:36.678Z"}
{"channel":"application","context":"RouterExplorer","level":"info","message":"Mapped {/sales/:id, GET} route","service":"juman-backend-node","timestamp":"2026-08-08T08:00:36.678Z"}
{"channel":"application","context":"RouterExplorer","level":"info","message":"Mapped {/sales, POST} route","service":"juman-backend-node","timestamp":"2026-08-08T08:00:36.678Z"}
{"channel":"application","context":"RouterExplorer","level":"info","message":"Mapped {/sales/:id/confirm, POST} route","service":"juman-backend-node","timestamp":"2026-08-08T08:00:36.678Z"}
{"channel":"application","context":"RouterExplorer","level":"info","message":"Mapped {/sales/:id/payment, POST} route","service":"juman-backend-node","timestamp":"2026-08-08T08:00:36.678Z"}
{"channel":"application","context":"RouterExplorer","level":"info","message":"Mapped {/sales/:id/complete, POST} route","service":"juman-backend-node","timestamp":"2026-08-08T08:00:36.678Z"}
{"channel":"application","context":"RouterExplorer","level":"info","message":"Mapped {/sales/:id/cancel, POST} route","service":"juman-backend-node","timestamp":"2026-08-08T08:00:36.678Z"}
{"channel":"application","context":"RoutesResolver","level":"info","message":"ReportsController {/reports}:","service":"juman-backend-node","timestamp":"2026-08-08T08:00:36.678Z"}
{"channel":"application","context":"RouterExplorer","level":"info","message":"Mapped {/reports/dashboard, GET} route","service":"juman-backend-node","timestamp":"2026-08-08T08:00:36.678Z"}
{"channel":"application","context":"RouterExplorer","level":"info","message":"Mapped {/reports/financial, GET} route","service":"juman-backend-node","timestamp":"2026-08-08T08:00:36.678Z"}
{"channel":"application","context":"RouterExplorer","level":"info","message":"Mapped {/reports/rentals/current, GET} route","service":"juman-backend-node","timestamp":"2026-08-08T08:00:36.679Z"}
{"channel":"application","context":"RouterExplorer","level":"info","message":"Mapped {/reports/rentals/overdue, GET} route","service":"juman-backend-node","timestamp":"2026-08-08T08:00:36.679Z"}
{"channel":"application","context":"RouterExplorer","level":"info","message":"Mapped {/reports/rentals/returns, GET} route","service":"juman-backend-node","timestamp":"2026-08-08T08:00:36.679Z"}
{"channel":"application","context":"RouterExplorer","level":"info","message":"Mapped {/reports/rentals/reservations, GET} route","service":"juman-backend-node","timestamp":"2026-08-08T08:00:36.679Z"}
{"channel":"application","context":"RouterExplorer","level":"info","message":"Mapped {/reports/rentals/history, GET} route","service":"juman-backend-node","timestamp":"2026-08-08T08:00:36.679Z"}
{"channel":"application","context":"RouterExplorer","level":"info","message":"Mapped {/reports/inventory/value, GET} route","service":"juman-backend-node","timestamp":"2026-08-08T08:00:36.679Z"}
{"channel":"application","context":"RouterExplorer","level":"info","message":"Mapped {/reports/inventory/availability, GET} route","service":"juman-backend-node","timestamp":"2026-08-08T08:00:36.679Z"}
{"channel":"application","context":"RouterExplorer","level":"info","message":"Mapped {/reports/inventory/category, GET} route","service":"juman-backend-node","timestamp":"2026-08-08T08:00:36.679Z"}
{"channel":"application","context":"RouterExplorer","level":"info","message":"Mapped {/reports/inventory/brand, GET} route","service":"juman-backend-node","timestamp":"2026-08-08T08:00:36.679Z"}
{"channel":"application","context":"RouterExplorer","level":"info","message":"Mapped {/reports/inventory/color, GET} route","service":"juman-backend-node","timestamp":"2026-08-08T08:00:36.680Z"}
{"channel":"application","context":"RouterExplorer","level":"info","message":"Mapped {/reports/inventory/size, GET} route","service":"juman-backend-node","timestamp":"2026-08-08T08:00:36.680Z"}
{"channel":"application","context":"RouterExplorer","level":"info","message":"Mapped {/reports/inventory/lifecycle, GET} route","service":"juman-backend-node","timestamp":"2026-08-08T08:00:36.681Z"}
{"channel":"application","context":"RouterExplorer","level":"info","message":"Mapped {/reports/inventory/retired, GET} route","service":"juman-backend-node","timestamp":"2026-08-08T08:00:36.681Z"}
{"channel":"application","context":"RouterExplorer","level":"info","message":"Mapped {/reports/inventory/maintenance, GET} route","service":"juman-backend-node","timestamp":"2026-08-08T08:00:36.681Z"}
{"channel":"application","context":"RouterExplorer","level":"info","message":"Mapped {/reports/customers/:id/rentals, GET} route","service":"juman-backend-node","timestamp":"2026-08-08T08:00:36.681Z"}
{"channel":"application","context":"RouterExplorer","level":"info","message":"Mapped {/reports/customers/:id/outstanding, GET} route","service":"juman-backend-node","timestamp":"2026-08-08T08:00:36.681Z"}
{"channel":"application","context":"RouterExplorer","level":"info","message":"Mapped {/reports/customers/:id/payments, GET} route","service":"juman-backend-node","timestamp":"2026-08-08T08:00:36.682Z"}
{"channel":"application","context":"RouterExplorer","level":"info","message":"Mapped {/reports/customers/:id/reservations, GET} route","service":"juman-backend-node","timestamp":"2026-08-08T08:00:36.682Z"}
{"channel":"application","context":"RouterExplorer","level":"info","message":"Mapped {/reports/export, GET} route","service":"juman-backend-node","timestamp":"2026-08-08T08:00:36.682Z"}
{"channel":"application","context":"RoutesResolver","level":"info","message":"HealthController {/health}:","service":"juman-backend-node","timestamp":"2026-08-08T08:00:36.682Z"}
{"channel":"application","context":"RouterExplorer","level":"info","message":"Mapped {/health, GET} route","service":"juman-backend-node","timestamp":"2026-08-08T08:00:36.682Z"}
{"channel":"application","context":"NestApplication","level":"info","message":"Nest application successfully started","service":"juman-backend-node","timestamp":"2026-08-08T08:00:36.682Z"}
{"channel":"startup","context":"Startup","level":"info","message":"Listening on http://127.0.0.1:8787","service":"juman-backend-node","timestamp":"2026-08-08T08:00:36.683Z"}
{"channel":"startup","context":"Startup","level":"info","message":"GET /health ready","service":"juman-backend-node","timestamp":"2026-08-08T08:00:36.683Z"}
{"channel":"startup","context":"Startup","dataDir":"C:\\Users\\moham\\Desktop\\juman","envCreated":false,"envFile":"C:\\Users\\moham\\Desktop\\juman\\config\\juman.env","environment":"development","host":"127.0.0.1","level":"info","message":"Juman Backend V2 starting","migrations":"applied","port":8787,"service":"juman-backend-node","timestamp":"2026-08-08T08:04:02.467Z","version":"2.0.0"}
{"channel":"startup","context":"Startup","level":"info","message":"SQLite PRAGMAs applied (foreign_keys, WAL, busy_timeout)","service":"juman-backend-node","timestamp":"2026-08-08T08:04:02.525Z"}
{"channel":"startup","context":"Startup","level":"info","message":"Prisma connected to SQLite","service":"juman-backend-node","timestamp":"2026-08-08T08:04:02.527Z"}
{"channel":"startup","context":"Startup","count":27,"level":"info","message":"App settings ensured","service":"juman-backend-node","timestamp":"2026-08-08T08:04:02.615Z"}
{"channel":"startup","context":"Startup","count":104,"level":"info","message":"RBAC permissions ensured","service":"juman-backend-node","timestamp":"2026-08-08T08:04:02.905Z"}
{"channel":"startup","context":"Startup","count":104,"level":"info","message":"RBAC permissions ensured","service":"juman-backend-node","timestamp":"2026-08-08T08:04:03.169Z"}
{"channel":"startup","context":"Startup","count":4,"level":"info","message":"RBAC system roles ensured","service":"juman-backend-node","timestamp":"2026-08-08T08:04:03.473Z"}
{"channel":"startup","context":"Startup","level":"info","message":"Administrator user already present","service":"juman-backend-node","timestamp":"2026-08-08T08:04:03.479Z","username":"admin"}
{"categories":3,"channel":"startup","context":"Startup","level":"info","message":"Demo seed skipped (categories already present)","service":"juman-backend-node","timestamp":"2026-08-08T08:04:03.486Z"}
{"channel":"startup","context":"Startup","customerId":"45c43439-599c-459d-85d9-5ad83caded3a","customerNumber":"WALK-IN","level":"info","message":"Walk-in customer ready","service":"juman-backend-node","timestamp":"2026-08-08T08:04:03.495Z"}
{"channel":"application","context":"NestFactory","level":"info","message":"Starting Nest application...","service":"juman-backend-node","timestamp":"2026-08-08T08:04:03.517Z"}
{"channel":"application","context":"InstanceLoader","level":"info","message":"LoggerModule dependencies initialized","service":"juman-backend-node","timestamp":"2026-08-08T08:04:03.518Z"}
{"channel":"application","context":"InstanceLoader","level":"info","message":"PassportModule dependencies initialized","service":"juman-backend-node","timestamp":"2026-08-08T08:04:03.518Z"}
{"channel":"application","context":"InstanceLoader","level":"info","message":"ConfigHostModule dependencies initialized","service":"juman-backend-node","timestamp":"2026-08-08T08:04:03.519Z"}
{"channel":"application","context":"InstanceLoader","level":"info","message":"ConfigModule dependencies initialized","service":"juman-backend-node","timestamp":"2026-08-08T08:04:03.519Z"}
{"channel":"application","context":"InstanceLoader","level":"info","message":"ConfigModule dependencies initialized","service":"juman-backend-node","timestamp":"2026-08-08T08:04:03.519Z"}
{"channel":"application","context":"InstanceLoader","level":"info","message":"PrismaModule dependencies initialized","service":"juman-backend-node","timestamp":"2026-08-08T08:04:03.520Z"}
{"channel":"application","context":"InstanceLoader","level":"info","message":"JwtModule dependencies initialized","service":"juman-backend-node","timestamp":"2026-08-08T08:04:03.520Z"}
{"channel":"application","context":"InstanceLoader","level":"info","message":"SettingsModule dependencies initialized","service":"juman-backend-node","timestamp":"2026-08-08T08:04:03.521Z"}
{"channel":"application","context":"InstanceLoader","level":"info","message":"AuditModule dependencies initialized","service":"juman-backend-node","timestamp":"2026-08-08T08:04:03.522Z"}
{"channel":"application","context":"InstanceLoader","level":"info","message":"PermissionsModule dependencies initialized","service":"juman-backend-node","timestamp":"2026-08-08T08:04:03.522Z"}
{"channel":"application","context":"InstanceLoader","level":"info","message":"UsersModule dependencies initialized","service":"juman-backend-node","timestamp":"2026-08-08T08:04:03.522Z"}
{"channel":"application","context":"InstanceLoader","level":"info","message":"SecurityModule dependencies initialized","service":"juman-backend-node","timestamp":"2026-08-08T08:04:03.523Z"}
{"channel":"application","context":"InstanceLoader","level":"info","message":"HealthModule dependencies initialized","service":"juman-backend-node","timestamp":"2026-08-08T08:04:03.523Z"}
{"channel":"application","context":"InstanceLoader","level":"info","message":"RolesModule dependencies initialized","service":"juman-backend-node","timestamp":"2026-08-08T08:04:03.523Z"}
{"channel":"application","context":"InstanceLoader","level":"info","message":"AppModule dependencies initialized","service":"juman-backend-node","timestamp":"2026-08-08T08:04:03.524Z"}
{"channel":"application","context":"InstanceLoader","level":"info","message":"AvailabilityModule dependencies initialized","service":"juman-backend-node","timestamp":"2026-08-08T08:04:03.524Z"}
{"channel":"application","context":"InstanceLoader","level":"info","message":"ReportsModule dependencies initialized","service":"juman-backend-node","timestamp":"2026-08-08T08:04:03.525Z"}
{"channel":"application","context":"InstanceLoader","level":"info","message":"MediaModule dependencies initialized","service":"juman-backend-node","timestamp":"2026-08-08T08:04:03.525Z"}
{"channel":"application","context":"InstanceLoader","level":"info","message":"BarcodeModule dependencies initialized","service":"juman-backend-node","timestamp":"2026-08-08T08:04:03.525Z"}
{"channel":"application","context":"InstanceLoader","level":"info","message":"CustomersModule dependencies initialized","service":"juman-backend-node","timestamp":"2026-08-08T08:04:03.526Z"}
{"channel":"application","context":"InstanceLoader","level":"info","message":"AuthModule dependencies initialized","service":"juman-backend-node","timestamp":"2026-08-08T08:04:03.526Z"}
{"channel":"application","context":"InstanceLoader","level":"info","message":"InventoryModule dependencies initialized","service":"juman-backend-node","timestamp":"2026-08-08T08:04:03.526Z"}
{"channel":"application","context":"InstanceLoader","level":"info","message":"FinanceModule dependencies initialized","service":"juman-backend-node","timestamp":"2026-08-08T08:04:03.526Z"}
{"channel":"application","context":"InstanceLoader","level":"info","message":"RentalsModule dependencies initialized","service":"juman-backend-node","timestamp":"2026-08-08T08:04:03.527Z"}
{"channel":"application","context":"InstanceLoader","level":"info","message":"SalesModule dependencies initialized","service":"juman-backend-node","timestamp":"2026-08-08T08:04:03.527Z"}
{"channel":"application","context":"InstanceLoader","level":"info","message":"ReservationsModule dependencies initialized","service":"juman-backend-node","timestamp":"2026-08-08T08:04:03.528Z"}
{"channel":"application","context":"RoutesResolver","level":"info","message":"MediaController {/media}:","service":"juman-backend-node","timestamp":"2026-08-08T08:04:03.528Z"}
{"channel":"application","context":"RouterExplorer","level":"info","message":"Mapped {/media, GET} route","service":"juman-backend-node","timestamp":"2026-08-08T08:04:03.528Z"}
{"channel":"application","context":"RouterExplorer","level":"info","message":"Mapped {/media/:id, GET} route","service":"juman-backend-node","timestamp":"2026-08-08T08:04:03.529Z"}
{"channel":"application","context":"RouterExplorer","level":"info","message":"Mapped {/media/:id/integrity, GET} route","service":"juman-backend-node","timestamp":"2026-08-08T08:04:03.529Z"}
{"channel":"application","context":"RouterExplorer","level":"info","message":"Mapped {/media, POST} route","service":"juman-backend-node","timestamp":"2026-08-08T08:04:03.529Z"}
{"channel":"application","context":"RouterExplorer","level":"info","message":"Mapped {/media/:id, DELETE} route","service":"juman-backend-node","timestamp":"2026-08-08T08:04:03.530Z"}
{"channel":"application","context":"RouterExplorer","level":"info","message":"Mapped {/media/:id/restore, POST} route","service":"juman-backend-node","timestamp":"2026-08-08T08:04:03.530Z"}
{"channel":"application","context":"RoutesResolver","level":"info","message":"BarcodeController {/barcodes}:","service":"juman-backend-node","timestamp":"2026-08-08T08:04:03.530Z"}
{"channel":"application","context":"RouterExplorer","level":"info","message":"Mapped {/barcodes, GET} route","service":"juman-backend-node","timestamp":"2026-08-08T08:04:03.531Z"}
{"channel":"application","context":"RouterExplorer","level":"info","message":"Mapped {/barcodes/:id, GET} route","service":"juman-backend-node","timestamp":"2026-08-08T08:04:03.531Z"}
{"channel":"application","context":"RouterExplorer","level":"info","message":"Mapped {/barcodes/generate, POST} route","service":"juman-backend-node","timestamp":"2026-08-08T08:04:03.531Z"}
{"channel":"application","context":"RouterExplorer","level":"info","message":"Mapped {/barcodes/validate, POST} route","service":"juman-backend-node","timestamp":"2026-08-08T08:04:03.532Z"}
{"channel":"application","context":"RouterExplorer","level":"info","message":"Mapped {/barcodes/reserve, POST} route","service":"juman-backend-node","timestamp":"2026-08-08T08:04:03.532Z"}
{"channel":"application","context":"RouterExplorer","level":"info","message":"Mapped {/barcodes/release, POST} route","service":"juman-backend-node","timestamp":"2026-08-08T08:04:03.533Z"}
{"channel":"application","context":"RouterExplorer","level":"info","message":"Mapped {/barcodes/retire, POST} route","service":"juman-backend-node","timestamp":"2026-08-08T08:04:03.533Z"}
{"channel":"application","context":"RoutesResolver","level":"info","message":"AuthController {/auth}:","service":"juman-backend-node","timestamp":"2026-08-08T08:04:03.533Z"}
{"channel":"application","context":"RouterExplorer","level":"info","message":"Mapped {/auth/login, POST} route","service":"juman-backend-node","timestamp":"2026-08-08T08:04:03.534Z"}
{"channel":"application","context":"RouterExplorer","level":"info","message":"Mapped {/auth/logout, POST} route","service":"juman-backend-node","timestamp":"2026-08-08T08:04:03.534Z"}
{"channel":"application","context":"RouterExplorer","level":"info","message":"Mapped {/auth/change-password, POST} route","service":"juman-backend-node","timestamp":"2026-08-08T08:04:03.535Z"}
{"channel":"application","context":"RouterExplorer","level":"info","message":"Mapped {/auth/admin/unlock, POST} route","service":"juman-backend-node","timestamp":"2026-08-08T08:04:03.535Z"}
{"channel":"application","context":"RouterExplorer","level":"info","message":"Mapped {/auth/session, GET} route","service":"juman-backend-node","timestamp":"2026-08-08T08:04:03.536Z"}
{"channel":"application","context":"RouterExplorer","level":"info","message":"Mapped {/auth/me, GET} route","service":"juman-backend-node","timestamp":"2026-08-08T08:04:03.536Z"}
{"channel":"application","context":"RoutesResolver","level":"info","message":"CustomersController {/customers}:","service":"juman-backend-node","timestamp":"2026-08-08T08:04:03.537Z"}
{"channel":"application","context":"RouterExplorer","level":"info","message":"Mapped {/customers, GET} route","service":"juman-backend-node","timestamp":"2026-08-08T08:04:03.537Z"}
{"channel":"application","context":"RouterExplorer","level":"info","message":"Mapped {/customers/search, GET} route","service":"juman-backend-node","timestamp":"2026-08-08T08:04:03.538Z"}
{"channel":"application","context":"RouterExplorer","level":"info","message":"Mapped {/customers/number/:customerNumber, GET} route","service":"juman-backend-node","timestamp":"2026-08-08T08:04:03.538Z"}
{"channel":"application","context":"RouterExplorer","level":"info","message":"Mapped {/customers/:id, GET} route","service":"juman-backend-node","timestamp":"2026-08-08T08:04:03.539Z"}
{"channel":"application","context":"RouterExplorer","level":"info","message":"Mapped {/customers, POST} route","service":"juman-backend-node","timestamp":"2026-08-08T08:04:03.539Z"}
{"channel":"application","context":"RouterExplorer","level":"info","message":"Mapped {/customers/:id, PATCH} route","service":"juman-backend-node","timestamp":"2026-08-08T08:04:03.540Z"}
{"channel":"application","context":"RouterExplorer","level":"info","message":"Mapped {/customers/:id, DELETE} route","service":"juman-backend-node","timestamp":"2026-08-08T08:04:03.540Z"}
{"channel":"application","context":"RouterExplorer","level":"info","message":"Mapped {/customers/:id/restore, POST} route","service":"juman-backend-node","timestamp":"2026-08-08T08:04:03.540Z"}
{"channel":"application","context":"RoutesResolver","level":"info","message":"CategoriesController {/categories}:","service":"juman-backend-node","timestamp":"2026-08-08T08:04:03.541Z"}
{"channel":"application","context":"RouterExplorer","level":"info","message":"Mapped {/categories, GET} route","service":"juman-backend-node","timestamp":"2026-08-08T08:04:03.541Z"}
{"channel":"application","context":"RouterExplorer","level":"info","message":"Mapped {/categories/:id, GET} route","service":"juman-backend-node","timestamp":"2026-08-08T08:04:03.541Z"}
{"channel":"application","context":"RouterExplorer","level":"info","message":"Mapped {/categories, POST} route","service":"juman-backend-node","timestamp":"2026-08-08T08:04:03.541Z"}
{"channel":"application","context":"RouterExplorer","level":"info","message":"Mapped {/categories/:id, PATCH} route","service":"juman-backend-node","timestamp":"2026-08-08T08:04:03.542Z"}
{"channel":"application","context":"RouterExplorer","level":"info","message":"Mapped {/categories/:id, DELETE} route","service":"juman-backend-node","timestamp":"2026-08-08T08:04:03.542Z"}
{"channel":"application","context":"RouterExplorer","level":"info","message":"Mapped {/categories/:id/restore, POST} route","service":"juman-backend-node","timestamp":"2026-08-08T08:04:03.542Z"}
{"channel":"application","context":"RoutesResolver","level":"info","message":"BrandsController {/brands}:","service":"juman-backend-node","timestamp":"2026-08-08T08:04:03.542Z"}
{"channel":"application","context":"RouterExplorer","level":"info","message":"Mapped {/brands, GET} route","service":"juman-backend-node","timestamp":"2026-08-08T08:04:03.542Z"}
{"channel":"application","context":"RouterExplorer","level":"info","message":"Mapped {/brands/:id, GET} route","service":"juman-backend-node","timestamp":"2026-08-08T08:04:03.543Z"}
{"channel":"application","context":"RouterExplorer","level":"info","message":"Mapped {/brands, POST} route","service":"juman-backend-node","timestamp":"2026-08-08T08:04:03.543Z"}
{"channel":"application","context":"RouterExplorer","level":"info","message":"Mapped {/brands/:id, PATCH} route","service":"juman-backend-node","timestamp":"2026-08-08T08:04:03.543Z"}
{"channel":"application","context":"RouterExplorer","level":"info","message":"Mapped {/brands/:id, DELETE} route","service":"juman-backend-node","timestamp":"2026-08-08T08:04:03.543Z"}
{"channel":"application","context":"RouterExplorer","level":"info","message":"Mapped {/brands/:id/restore, POST} route","service":"juman-backend-node","timestamp":"2026-08-08T08:04:03.543Z"}
{"channel":"application","context":"RoutesResolver","level":"info","message":"ColorsController {/colors}:","service":"juman-backend-node","timestamp":"2026-08-08T08:04:03.543Z"}
{"channel":"application","context":"RouterExplorer","level":"info","message":"Mapped {/colors, GET} route","service":"juman-backend-node","timestamp":"2026-08-08T08:04:03.543Z"}
{"channel":"application","context":"RouterExplorer","level":"info","message":"Mapped {/colors/:id, GET} route","service":"juman-backend-node","timestamp":"2026-08-08T08:04:03.544Z"}
{"channel":"application","context":"RouterExplorer","level":"info","message":"Mapped {/colors, POST} route","service":"juman-backend-node","timestamp":"2026-08-08T08:04:03.544Z"}
{"channel":"application","context":"RouterExplorer","level":"info","message":"Mapped {/colors/:id, PATCH} route","service":"juman-backend-node","timestamp":"2026-08-08T08:04:03.544Z"}
{"channel":"application","context":"RouterExplorer","level":"info","message":"Mapped {/colors/:id, DELETE} route","service":"juman-backend-node","timestamp":"2026-08-08T08:04:03.544Z"}
{"channel":"application","context":"RouterExplorer","level":"info","message":"Mapped {/colors/:id/restore, POST} route","service":"juman-backend-node","timestamp":"2026-08-08T08:04:03.544Z"}
{"channel":"application","context":"RoutesResolver","level":"info","message":"SizesController {/sizes}:","service":"juman-backend-node","timestamp":"2026-08-08T08:04:03.545Z"}
{"channel":"application","context":"RouterExplorer","level":"info","message":"Mapped {/sizes, GET} route","service":"juman-backend-node","timestamp":"2026-08-08T08:04:03.545Z"}
{"channel":"application","context":"RouterExplorer","level":"info","message":"Mapped {/sizes/:id, GET} route","service":"juman-backend-node","timestamp":"2026-08-08T08:04:03.546Z"}
{"channel":"application","context":"RouterExplorer","level":"info","message":"Mapped {/sizes, POST} route","service":"juman-backend-node","timestamp":"2026-08-08T08:04:03.546Z"}
{"channel":"application","context":"RouterExplorer","level":"info","message":"Mapped {/sizes/:id, PATCH} route","service":"juman-backend-node","timestamp":"2026-08-08T08:04:03.546Z"}
{"channel":"application","context":"RouterExplorer","level":"info","message":"Mapped {/sizes/:id, DELETE} route","service":"juman-backend-node","timestamp":"2026-08-08T08:04:03.546Z"}
{"channel":"application","context":"RouterExplorer","level":"info","message":"Mapped {/sizes/:id/restore, POST} route","service":"juman-backend-node","timestamp":"2026-08-08T08:04:03.547Z"}
{"channel":"application","context":"RoutesResolver","level":"info","message":"LifecycleController {/items}:","service":"juman-backend-node","timestamp":"2026-08-08T08:04:03.547Z"}
{"channel":"application","context":"RouterExplorer","level":"info","message":"Mapped {/items/:id/state, GET} route","service":"juman-backend-node","timestamp":"2026-08-08T08:04:03.547Z"}
{"channel":"application","context":"RouterExplorer","level":"info","message":"Mapped {/items/:id/history, GET} route","service":"juman-backend-node","timestamp":"2026-08-08T08:04:03.548Z"}
{"channel":"application","context":"RouterExplorer","level":"info","message":"Mapped {/items/:id/transition, POST} route","service":"juman-backend-node","timestamp":"2026-08-08T08:04:03.548Z"}
{"channel":"application","context":"RoutesResolver","level":"info","message":"ItemsController {/items}:","service":"juman-backend-node","timestamp":"2026-08-08T08:04:03.548Z"}
{"channel":"application","context":"RouterExplorer","level":"info","message":"Mapped {/items, GET} route","service":"juman-backend-node","timestamp":"2026-08-08T08:04:03.549Z"}
{"channel":"application","context":"RouterExplorer","level":"info","message":"Mapped {/items/search, GET} route","service":"juman-backend-node","timestamp":"2026-08-08T08:04:03.549Z"}
{"channel":"application","context":"RouterExplorer","level":"info","message":"Mapped {/items/code/:internalCode, GET} route","service":"juman-backend-node","timestamp":"2026-08-08T08:04:03.549Z"}
{"channel":"application","context":"RouterExplorer","level":"info","message":"Mapped {/items/:id, GET} route","service":"juman-backend-node","timestamp":"2026-08-08T08:04:03.550Z"}
{"channel":"application","context":"RouterExplorer","level":"info","message":"Mapped {/items, POST} route","service":"juman-backend-node","timestamp":"2026-08-08T08:04:03.550Z"}
{"channel":"application","context":"RouterExplorer","level":"info","message":"Mapped {/items/:id, PATCH} route","service":"juman-backend-node","timestamp":"2026-08-08T08:04:03.551Z"}
{"channel":"application","context":"RouterExplorer","level":"info","message":"Mapped {/items/:id, DELETE} route","service":"juman-backend-node","timestamp":"2026-08-08T08:04:03.551Z"}
{"channel":"application","context":"RouterExplorer","level":"info","message":"Mapped {/items/:id/restore, POST} route","service":"juman-backend-node","timestamp":"2026-08-08T08:04:03.551Z"}
{"channel":"application","context":"RouterExplorer","level":"info","message":"Mapped {/items/:id/media, POST} route","service":"juman-backend-node","timestamp":"2026-08-08T08:04:03.551Z"}
{"channel":"application","context":"RoutesResolver","level":"info","message":"AvailabilityController {/availability}:","service":"juman-backend-node","timestamp":"2026-08-08T08:04:03.552Z"}
{"channel":"application","context":"RouterExplorer","level":"info","message":"Mapped {/availability, GET} route","service":"juman-backend-node","timestamp":"2026-08-08T08:04:03.552Z"}
{"channel":"application","context":"RouterExplorer","level":"info","message":"Mapped {/availability/calendar, GET} route","service":"juman-backend-node","timestamp":"2026-08-08T08:04:03.552Z"}
{"channel":"application","context":"RouterExplorer","level":"info","message":"Mapped {/availability/item/:id, GET} route","service":"juman-backend-node","timestamp":"2026-08-08T08:04:03.553Z"}
{"channel":"application","context":"RoutesResolver","level":"info","message":"FinanceController {/finance}:","service":"juman-backend-node","timestamp":"2026-08-08T08:04:03.553Z"}
{"channel":"application","context":"RouterExplorer","level":"info","message":"Mapped {/finance/accounts, GET} route","service":"juman-backend-node","timestamp":"2026-08-08T08:04:03.553Z"}
{"channel":"application","context":"RouterExplorer","level":"info","message":"Mapped {/finance/transactions, GET} route","service":"juman-backend-node","timestamp":"2026-08-08T08:04:03.554Z"}
{"channel":"application","context":"RouterExplorer","level":"info","message":"Mapped {/finance/payments, GET} route","service":"juman-backend-node","timestamp":"2026-08-08T08:04:03.555Z"}
{"channel":"application","context":"RouterExplorer","level":"info","message":"Mapped {/finance/payments, POST} route","service":"juman-backend-node","timestamp":"2026-08-08T08:04:03.556Z"}
{"channel":"application","context":"RouterExplorer","level":"info","message":"Mapped {/finance/outstanding, GET} route","service":"juman-backend-node","timestamp":"2026-08-08T08:04:03.556Z"}
{"channel":"application","context":"RoutesResolver","level":"info","message":"SettlementController {/settlements}:","service":"juman-backend-node","timestamp":"2026-08-08T08:04:03.557Z"}
{"channel":"application","context":"RouterExplorer","level":"info","message":"Mapped {/settlements, GET} route","service":"juman-backend-node","timestamp":"2026-08-08T08:04:03.557Z"}
{"channel":"application","context":"RouterExplorer","level":"info","message":"Mapped {/settlements/:id, GET} route","service":"juman-backend-node","timestamp":"2026-08-08T08:04:03.557Z"}
{"channel":"application","context":"RouterExplorer","level":"info","message":"Mapped {/settlements/:id/payment, POST} route","service":"juman-backend-node","timestamp":"2026-08-08T08:04:03.558Z"}
{"channel":"application","context":"RouterExplorer","level":"info","message":"Mapped {/settlements/:id/refund, POST} route","service":"juman-backend-node","timestamp":"2026-08-08T08:04:03.558Z"}
{"channel":"application","context":"RouterExplorer","level":"info","message":"Mapped {/settlements/:id/adjustment, POST} route","service":"juman-backend-node","timestamp":"2026-08-08T08:04:03.559Z"}
{"channel":"application","context":"RouterExplorer","level":"info","message":"Mapped {/settlements/:id/discount, POST} route","service":"juman-backend-node","timestamp":"2026-08-08T08:04:03.559Z"}
{"channel":"application","context":"RouterExplorer","level":"info","message":"Mapped {/settlements/:id/late-fee, POST} route","service":"juman-backend-node","timestamp":"2026-08-08T08:04:03.560Z"}
{"channel":"application","context":"RouterExplorer","level":"info","message":"Mapped {/settlements/:id/close, POST} route","service":"juman-backend-node","timestamp":"2026-08-08T08:04:03.560Z"}
{"channel":"application","context":"RouterExplorer","level":"info","message":"Mapped {/settlements/:id/cancel, POST} route","service":"juman-backend-node","timestamp":"2026-08-08T08:04:03.561Z"}
{"channel":"application","context":"RoutesResolver","level":"info","message":"RentalsController {/rentals}:","service":"juman-backend-node","timestamp":"2026-08-08T08:04:03.561Z"}
{"channel":"application","context":"RouterExplorer","level":"info","message":"Mapped {/rentals, GET} route","service":"juman-backend-node","timestamp":"2026-08-08T08:04:03.562Z"}
{"channel":"application","context":"RouterExplorer","level":"info","message":"Mapped {/rentals/:id/audit, GET} route","service":"juman-backend-node","timestamp":"2026-08-08T08:04:03.562Z"}
{"channel":"application","context":"RouterExplorer","level":"info","message":"Mapped {/rentals/:id, GET} route","service":"juman-backend-node","timestamp":"2026-08-08T08:04:03.562Z"}
{"channel":"application","context":"RouterExplorer","level":"info","message":"Mapped {/rentals, POST} route","service":"juman-backend-node","timestamp":"2026-08-08T08:04:03.563Z"}
{"channel":"application","context":"RouterExplorer","level":"info","message":"Mapped {/rentals/:id/notes, POST} route","service":"juman-backend-node","timestamp":"2026-08-08T08:04:03.563Z"}
{"channel":"application","context":"RouterExplorer","level":"info","message":"Mapped {/rentals/:id, PATCH} route","service":"juman-backend-node","timestamp":"2026-08-08T08:04:03.564Z"}
{"channel":"application","context":"RouterExplorer","level":"info","message":"Mapped {/rentals/:id/checkout, POST} route","service":"juman-backend-node","timestamp":"2026-08-08T08:04:03.564Z"}
{"channel":"application","context":"RouterExplorer","level":"info","message":"Mapped {/rentals/:id/return, POST} route","service":"juman-backend-node","timestamp":"2026-08-08T08:04:03.564Z"}
{"channel":"application","context":"RouterExplorer","level":"info","message":"Mapped {/rentals/:id/complete, POST} route","service":"juman-backend-node","timestamp":"2026-08-08T08:04:03.565Z"}
{"channel":"application","context":"RouterExplorer","level":"info","message":"Mapped {/rentals/:id/cancel, POST} route","service":"juman-backend-node","timestamp":"2026-08-08T08:04:03.565Z"}
{"channel":"application","context":"RoutesResolver","level":"info","message":"ReservationsController {/reservations}:","service":"juman-backend-node","timestamp":"2026-08-08T08:04:03.566Z"}
{"channel":"application","context":"RouterExplorer","level":"info","message":"Mapped {/reservations, GET} route","service":"juman-backend-node","timestamp":"2026-08-08T08:04:03.566Z"}
{"channel":"application","context":"RouterExplorer","level":"info","message":"Mapped {/reservations/:id, GET} route","service":"juman-backend-node","timestamp":"2026-08-08T08:04:03.566Z"}
{"channel":"application","context":"RouterExplorer","level":"info","message":"Mapped {/reservations, POST} route","service":"juman-backend-node","timestamp":"2026-08-08T08:04:03.567Z"}
{"channel":"application","context":"RouterExplorer","level":"info","message":"Mapped {/reservations/:id/checkout, POST} route","service":"juman-backend-node","timestamp":"2026-08-08T08:04:03.567Z"}
{"channel":"application","context":"RouterExplorer","level":"info","message":"Mapped {/reservations/:id/cancel, POST} route","service":"juman-backend-node","timestamp":"2026-08-08T08:04:03.567Z"}
{"channel":"application","context":"RouterExplorer","level":"info","message":"Mapped {/reservations/:id/expire, POST} route","service":"juman-backend-node","timestamp":"2026-08-08T08:04:03.567Z"}
{"channel":"application","context":"RoutesResolver","level":"info","message":"SalesController {/sales}:","service":"juman-backend-node","timestamp":"2026-08-08T08:04:03.568Z"}
{"channel":"application","context":"RouterExplorer","level":"info","message":"Mapped {/sales, GET} route","service":"juman-backend-node","timestamp":"2026-08-08T08:04:03.568Z"}
{"channel":"application","context":"RouterExplorer","level":"info","message":"Mapped {/sales/:id/history, GET} route","service":"juman-backend-node","timestamp":"2026-08-08T08:04:03.568Z"}
{"channel":"application","context":"RouterExplorer","level":"info","message":"Mapped {/sales/:id, GET} route","service":"juman-backend-node","timestamp":"2026-08-08T08:04:03.569Z"}
{"channel":"application","context":"RouterExplorer","level":"info","message":"Mapped {/sales, POST} route","service":"juman-backend-node","timestamp":"2026-08-08T08:04:03.569Z"}
{"channel":"application","context":"RouterExplorer","level":"info","message":"Mapped {/sales/:id/confirm, POST} route","service":"juman-backend-node","timestamp":"2026-08-08T08:04:03.569Z"}
{"channel":"application","context":"RouterExplorer","level":"info","message":"Mapped {/sales/:id/payment, POST} route","service":"juman-backend-node","timestamp":"2026-08-08T08:04:03.570Z"}
{"channel":"application","context":"RouterExplorer","level":"info","message":"Mapped {/sales/:id/complete, POST} route","service":"juman-backend-node","timestamp":"2026-08-08T08:04:03.570Z"}
{"channel":"application","context":"RouterExplorer","level":"info","message":"Mapped {/sales/:id/cancel, POST} route","service":"juman-backend-node","timestamp":"2026-08-08T08:04:03.570Z"}
{"channel":"application","context":"RoutesResolver","level":"info","message":"ReportsController {/reports}:","service":"juman-backend-node","timestamp":"2026-08-08T08:04:03.571Z"}
{"channel":"application","context":"RouterExplorer","level":"info","message":"Mapped {/reports/dashboard, GET} route","service":"juman-backend-node","timestamp":"2026-08-08T08:04:03.571Z"}
{"channel":"application","context":"RouterExplorer","level":"info","message":"Mapped {/reports/financial, GET} route","service":"juman-backend-node","timestamp":"2026-08-08T08:04:03.572Z"}
{"channel":"application","context":"RouterExplorer","level":"info","message":"Mapped {/reports/rentals/current, GET} route","service":"juman-backend-node","timestamp":"2026-08-08T08:04:03.572Z"}
{"channel":"application","context":"RouterExplorer","level":"info","message":"Mapped {/reports/rentals/overdue, GET} route","service":"juman-backend-node","timestamp":"2026-08-08T08:04:03.573Z"}
{"channel":"application","context":"RouterExplorer","level":"info","message":"Mapped {/reports/rentals/returns, GET} route","service":"juman-backend-node","timestamp":"2026-08-08T08:04:03.573Z"}
{"channel":"application","context":"RouterExplorer","level":"info","message":"Mapped {/reports/rentals/reservations, GET} route","service":"juman-backend-node","timestamp":"2026-08-08T08:04:03.574Z"}
{"channel":"application","context":"RouterExplorer","level":"info","message":"Mapped {/reports/rentals/history, GET} route","service":"juman-backend-node","timestamp":"2026-08-08T08:04:03.574Z"}
{"channel":"application","context":"RouterExplorer","level":"info","message":"Mapped {/reports/inventory/value, GET} route","service":"juman-backend-node","timestamp":"2026-08-08T08:04:03.574Z"}
{"channel":"application","context":"RouterExplorer","level":"info","message":"Mapped {/reports/inventory/availability, GET} route","service":"juman-backend-node","timestamp":"2026-08-08T08:04:03.575Z"}
{"channel":"application","context":"RouterExplorer","level":"info","message":"Mapped {/reports/inventory/category, GET} route","service":"juman-backend-node","timestamp":"2026-08-08T08:04:03.575Z"}
{"channel":"application","context":"RouterExplorer","level":"info","message":"Mapped {/reports/inventory/brand, GET} route","service":"juman-backend-node","timestamp":"2026-08-08T08:04:03.576Z"}
{"channel":"application","context":"RouterExplorer","level":"info","message":"Mapped {/reports/inventory/color, GET} route","service":"juman-backend-node","timestamp":"2026-08-08T08:04:03.577Z"}
{"channel":"application","context":"RouterExplorer","level":"info","message":"Mapped {/reports/inventory/size, GET} route","service":"juman-backend-node","timestamp":"2026-08-08T08:04:03.577Z"}
{"channel":"application","context":"RouterExplorer","level":"info","message":"Mapped {/reports/inventory/lifecycle, GET} route","service":"juman-backend-node","timestamp":"2026-08-08T08:04:03.578Z"}
{"channel":"application","context":"RouterExplorer","level":"info","message":"Mapped {/reports/inventory/retired, GET} route","service":"juman-backend-node","timestamp":"2026-08-08T08:04:03.578Z"}
{"channel":"application","context":"RouterExplorer","level":"info","message":"Mapped {/reports/inventory/maintenance, GET} route","service":"juman-backend-node","timestamp":"2026-08-08T08:04:03.579Z"}
{"channel":"application","context":"RouterExplorer","level":"info","message":"Mapped {/reports/customers/:id/rentals, GET} route","service":"juman-backend-node","timestamp":"2026-08-08T08:04:03.579Z"}
{"channel":"application","context":"RouterExplorer","level":"info","message":"Mapped {/reports/customers/:id/outstanding, GET} route","service":"juman-backend-node","timestamp":"2026-08-08T08:04:03.579Z"}
{"channel":"application","context":"RouterExplorer","level":"info","message":"Mapped {/reports/customers/:id/payments, GET} route","service":"juman-backend-node","timestamp":"2026-08-08T08:04:03.580Z"}
{"channel":"application","context":"RouterExplorer","level":"info","message":"Mapped {/reports/customers/:id/reservations, GET} route","service":"juman-backend-node","timestamp":"2026-08-08T08:04:03.580Z"}
{"channel":"application","context":"RouterExplorer","level":"info","message":"Mapped {/reports/export, GET} route","service":"juman-backend-node","timestamp":"2026-08-08T08:04:03.581Z"}
{"channel":"application","context":"RoutesResolver","level":"info","message":"HealthController {/health}:","service":"juman-backend-node","timestamp":"2026-08-08T08:04:03.581Z"}
{"channel":"application","context":"RouterExplorer","level":"info","message":"Mapped {/health, GET} route","service":"juman-backend-node","timestamp":"2026-08-08T08:04:03.581Z"}
{"channel":"application","context":"NestApplication","level":"info","message":"Nest application successfully started","service":"juman-backend-node","timestamp":"2026-08-08T08:04:03.582Z"}
{"channel":"startup","context":"Startup","level":"info","message":"Listening on http://127.0.0.1:8787","service":"juman-backend-node","timestamp":"2026-08-08T08:04:03.584Z"}
{"channel":"startup","context":"Startup","level":"info","message":"GET /health ready","service":"juman-backend-node","timestamp":"2026-08-08T08:04:03.584Z"}
{"channel":"startup","context":"Startup","dataDir":"C:\\Users\\moham\\Desktop\\juman","envCreated":false,"envFile":"C:\\Users\\moham\\Desktop\\juman\\config\\juman.env","environment":"development","host":"127.0.0.1","level":"info","message":"Juman Backend V2 starting","migrations":"applied","port":8787,"service":"juman-backend-node","timestamp":"2026-08-08T08:23:15.892Z","version":"2.0.0"}
{"channel":"startup","context":"Startup","level":"info","message":"SQLite PRAGMAs applied (foreign_keys, WAL, busy_timeout)","service":"juman-backend-node","timestamp":"2026-08-08T08:23:15.987Z"}
{"channel":"startup","context":"Startup","level":"info","message":"Prisma connected to SQLite","service":"juman-backend-node","timestamp":"2026-08-08T08:23:15.990Z"}
{"channel":"startup","context":"Startup","count":27,"level":"info","message":"App settings ensured","service":"juman-backend-node","timestamp":"2026-08-08T08:23:16.094Z"}
{"channel":"startup","context":"Startup","count":104,"level":"info","message":"RBAC permissions ensured","service":"juman-backend-node","timestamp":"2026-08-08T08:23:16.409Z"}
{"channel":"startup","context":"Startup","count":104,"level":"info","message":"RBAC permissions ensured","service":"juman-backend-node","timestamp":"2026-08-08T08:23:16.746Z"}
{"channel":"startup","context":"Startup","count":4,"level":"info","message":"RBAC system roles ensured","service":"juman-backend-node","timestamp":"2026-08-08T08:23:17.098Z"}
{"channel":"startup","context":"Startup","level":"info","message":"Administrator user already present","service":"juman-backend-node","timestamp":"2026-08-08T08:23:17.103Z","username":"admin"}
{"categories":3,"channel":"startup","context":"Startup","level":"info","message":"Demo seed skipped (categories already present)","service":"juman-backend-node","timestamp":"2026-08-08T08:23:17.107Z"}
{"channel":"startup","context":"Startup","customerId":"45c43439-599c-459d-85d9-5ad83caded3a","customerNumber":"WALK-IN","level":"info","message":"Walk-in customer ready","service":"juman-backend-node","timestamp":"2026-08-08T08:23:17.114Z"}
{"channel":"application","context":"NestFactory","level":"info","message":"Starting Nest application...","service":"juman-backend-node","timestamp":"2026-08-08T08:23:17.137Z"}
{"channel":"application","context":"InstanceLoader","level":"info","message":"LoggerModule dependencies initialized","service":"juman-backend-node","timestamp":"2026-08-08T08:23:17.137Z"}
{"channel":"application","context":"InstanceLoader","level":"info","message":"PassportModule dependencies initialized","service":"juman-backend-node","timestamp":"2026-08-08T08:23:17.138Z"}
{"channel":"application","context":"InstanceLoader","level":"info","message":"ConfigHostModule dependencies initialized","service":"juman-backend-node","timestamp":"2026-08-08T08:23:17.138Z"}
{"channel":"application","context":"InstanceLoader","level":"info","message":"ConfigModule dependencies initialized","service":"juman-backend-node","timestamp":"2026-08-08T08:23:17.139Z"}
{"channel":"application","context":"InstanceLoader","level":"info","message":"ConfigModule dependencies initialized","service":"juman-backend-node","timestamp":"2026-08-08T08:23:17.139Z"}
{"channel":"application","context":"InstanceLoader","level":"info","message":"PrismaModule dependencies initialized","service":"juman-backend-node","timestamp":"2026-08-08T08:23:17.139Z"}
{"channel":"application","context":"InstanceLoader","level":"info","message":"JwtModule dependencies initialized","service":"juman-backend-node","timestamp":"2026-08-08T08:23:17.139Z"}
{"channel":"application","context":"InstanceLoader","level":"info","message":"SettingsModule dependencies initialized","service":"juman-backend-node","timestamp":"2026-08-08T08:23:17.140Z"}
{"channel":"application","context":"InstanceLoader","level":"info","message":"AuditModule dependencies initialized","service":"juman-backend-node","timestamp":"2026-08-08T08:23:17.140Z"}
{"channel":"application","context":"InstanceLoader","level":"info","message":"PermissionsModule dependencies initialized","service":"juman-backend-node","timestamp":"2026-08-08T08:23:17.140Z"}
{"channel":"application","context":"InstanceLoader","level":"info","message":"UsersModule dependencies initialized","service":"juman-backend-node","timestamp":"2026-08-08T08:23:17.140Z"}
{"channel":"application","context":"InstanceLoader","level":"info","message":"SecurityModule dependencies initialized","service":"juman-backend-node","timestamp":"2026-08-08T08:23:17.140Z"}
{"channel":"application","context":"InstanceLoader","level":"info","message":"HealthModule dependencies initialized","service":"juman-backend-node","timestamp":"2026-08-08T08:23:17.140Z"}
{"channel":"application","context":"InstanceLoader","level":"info","message":"RolesModule dependencies initialized","service":"juman-backend-node","timestamp":"2026-08-08T08:23:17.141Z"}
{"channel":"application","context":"InstanceLoader","level":"info","message":"AppModule dependencies initialized","service":"juman-backend-node","timestamp":"2026-08-08T08:23:17.141Z"}
{"channel":"application","context":"InstanceLoader","level":"info","message":"AvailabilityModule dependencies initialized","service":"juman-backend-node","timestamp":"2026-08-08T08:23:17.141Z"}
{"channel":"application","context":"InstanceLoader","level":"info","message":"ReportsModule dependencies initialized","service":"juman-backend-node","timestamp":"2026-08-08T08:23:17.141Z"}
{"channel":"application","context":"InstanceLoader","level":"info","message":"MediaModule dependencies initialized","service":"juman-backend-node","timestamp":"2026-08-08T08:23:17.142Z"}
{"channel":"application","context":"InstanceLoader","level":"info","message":"BarcodeModule dependencies initialized","service":"juman-backend-node","timestamp":"2026-08-08T08:23:17.142Z"}
{"channel":"application","context":"InstanceLoader","level":"info","message":"CustomersModule dependencies initialized","service":"juman-backend-node","timestamp":"2026-08-08T08:23:17.142Z"}
{"channel":"application","context":"InstanceLoader","level":"info","message":"AuthModule dependencies initialized","service":"juman-backend-node","timestamp":"2026-08-08T08:23:17.142Z"}
{"channel":"application","context":"InstanceLoader","level":"info","message":"InventoryModule dependencies initialized","service":"juman-backend-node","timestamp":"2026-08-08T08:23:17.142Z"}
{"channel":"application","context":"InstanceLoader","level":"info","message":"FinanceModule dependencies initialized","service":"juman-backend-node","timestamp":"2026-08-08T08:23:17.143Z"}
{"channel":"application","context":"InstanceLoader","level":"info","message":"RentalsModule dependencies initialized","service":"juman-backend-node","timestamp":"2026-08-08T08:23:17.143Z"}
{"channel":"application","context":"InstanceLoader","level":"info","message":"SalesModule dependencies initialized","service":"juman-backend-node","timestamp":"2026-08-08T08:23:17.143Z"}
{"channel":"application","context":"InstanceLoader","level":"info","message":"ReservationsModule dependencies initialized","service":"juman-backend-node","timestamp":"2026-08-08T08:23:17.143Z"}
{"channel":"application","context":"RoutesResolver","level":"info","message":"MediaController {/media}:","service":"juman-backend-node","timestamp":"2026-08-08T08:23:17.144Z"}
{"channel":"application","context":"RouterExplorer","level":"info","message":"Mapped {/media, GET} route","service":"juman-backend-node","timestamp":"2026-08-08T08:23:17.144Z"}
{"channel":"application","context":"RouterExplorer","level":"info","message":"Mapped {/media/:id, GET} route","service":"juman-backend-node","timestamp":"2026-08-08T08:23:17.144Z"}
{"channel":"application","context":"RouterExplorer","level":"info","message":"Mapped {/media/:id/integrity, GET} route","service":"juman-backend-node","timestamp":"2026-08-08T08:23:17.144Z"}
{"channel":"application","context":"RouterExplorer","level":"info","message":"Mapped {/media, POST} route","service":"juman-backend-node","timestamp":"2026-08-08T08:23:17.144Z"}
{"channel":"application","context":"RouterExplorer","level":"info","message":"Mapped {/media/:id, DELETE} route","service":"juman-backend-node","timestamp":"2026-08-08T08:23:17.144Z"}
{"channel":"application","context":"RouterExplorer","level":"info","message":"Mapped {/media/:id/restore, POST} route","service":"juman-backend-node","timestamp":"2026-08-08T08:23:17.144Z"}
{"channel":"application","context":"RoutesResolver","level":"info","message":"BarcodeController {/barcodes}:","service":"juman-backend-node","timestamp":"2026-08-08T08:23:17.145Z"}
{"channel":"application","context":"RouterExplorer","level":"info","message":"Mapped {/barcodes, GET} route","service":"juman-backend-node","timestamp":"2026-08-08T08:23:17.145Z"}
{"channel":"application","context":"RouterExplorer","level":"info","message":"Mapped {/barcodes/:id, GET} route","service":"juman-backend-node","timestamp":"2026-08-08T08:23:17.145Z"}
{"channel":"application","context":"RouterExplorer","level":"info","message":"Mapped {/barcodes/generate, POST} route","service":"juman-backend-node","timestamp":"2026-08-08T08:23:17.145Z"}
{"channel":"application","context":"RouterExplorer","level":"info","message":"Mapped {/barcodes/validate, POST} route","service":"juman-backend-node","timestamp":"2026-08-08T08:23:17.145Z"}
{"channel":"application","context":"RouterExplorer","level":"info","message":"Mapped {/barcodes/reserve, POST} route","service":"juman-backend-node","timestamp":"2026-08-08T08:23:17.145Z"}
{"channel":"application","context":"RouterExplorer","level":"info","message":"Mapped {/barcodes/release, POST} route","service":"juman-backend-node","timestamp":"2026-08-08T08:23:17.145Z"}
{"channel":"application","context":"RouterExplorer","level":"info","message":"Mapped {/barcodes/retire, POST} route","service":"juman-backend-node","timestamp":"2026-08-08T08:23:17.145Z"}
{"channel":"application","context":"RoutesResolver","level":"info","message":"AuthController {/auth}:","service":"juman-backend-node","timestamp":"2026-08-08T08:23:17.145Z"}
{"channel":"application","context":"RouterExplorer","level":"info","message":"Mapped {/auth/login, POST} route","service":"juman-backend-node","timestamp":"2026-08-08T08:23:17.145Z"}
{"channel":"application","context":"RouterExplorer","level":"info","message":"Mapped {/auth/logout, POST} route","service":"juman-backend-node","timestamp":"2026-08-08T08:23:17.145Z"}
{"channel":"application","context":"RouterExplorer","level":"info","message":"Mapped {/auth/change-password, POST} route","service":"juman-backend-node","timestamp":"2026-08-08T08:23:17.146Z"}
{"channel":"application","context":"RouterExplorer","level":"info","message":"Mapped {/auth/admin/unlock, POST} route","service":"juman-backend-node","timestamp":"2026-08-08T08:23:17.146Z"}
{"channel":"application","context":"RouterExplorer","level":"info","message":"Mapped {/auth/session, GET} route","service":"juman-backend-node","timestamp":"2026-08-08T08:23:17.147Z"}
{"channel":"application","context":"RouterExplorer","level":"info","message":"Mapped {/auth/me, GET} route","service":"juman-backend-node","timestamp":"2026-08-08T08:23:17.147Z"}
{"channel":"application","context":"RoutesResolver","level":"info","message":"CustomersController {/customers}:","service":"juman-backend-node","timestamp":"2026-08-08T08:23:17.147Z"}
{"channel":"application","context":"RouterExplorer","level":"info","message":"Mapped {/customers, GET} route","service":"juman-backend-node","timestamp":"2026-08-08T08:23:17.147Z"}
{"channel":"application","context":"RouterExplorer","level":"info","message":"Mapped {/customers/search, GET} route","service":"juman-backend-node","timestamp":"2026-08-08T08:23:17.148Z"}
{"channel":"application","context":"RouterExplorer","level":"info","message":"Mapped {/customers/number/:customerNumber, GET} route","service":"juman-backend-node","timestamp":"2026-08-08T08:23:17.148Z"}
{"channel":"application","context":"RouterExplorer","level":"info","message":"Mapped {/customers/:id, GET} route","service":"juman-backend-node","timestamp":"2026-08-08T08:23:17.148Z"}
{"channel":"application","context":"RouterExplorer","level":"info","message":"Mapped {/customers, POST} route","service":"juman-backend-node","timestamp":"2026-08-08T08:23:17.148Z"}
{"channel":"application","context":"RouterExplorer","level":"info","message":"Mapped {/customers/:id, PATCH} route","service":"juman-backend-node","timestamp":"2026-08-08T08:23:17.149Z"}
{"channel":"application","context":"RouterExplorer","level":"info","message":"Mapped {/customers/:id, DELETE} route","service":"juman-backend-node","timestamp":"2026-08-08T08:23:17.149Z"}
{"channel":"application","context":"RouterExplorer","level":"info","message":"Mapped {/customers/:id/restore, POST} route","service":"juman-backend-node","timestamp":"2026-08-08T08:23:17.150Z"}
{"channel":"application","context":"RoutesResolver","level":"info","message":"CategoriesController {/categories}:","service":"juman-backend-node","timestamp":"2026-08-08T08:23:17.150Z"}
{"channel":"application","context":"RouterExplorer","level":"info","message":"Mapped {/categories, GET} route","service":"juman-backend-node","timestamp":"2026-08-08T08:23:17.150Z"}
{"channel":"application","context":"RouterExplorer","level":"info","message":"Mapped {/categories/:id, GET} route","service":"juman-backend-node","timestamp":"2026-08-08T08:23:17.150Z"}
{"channel":"application","context":"RouterExplorer","level":"info","message":"Mapped {/categories, POST} route","service":"juman-backend-node","timestamp":"2026-08-08T08:23:17.151Z"}
{"channel":"application","context":"RouterExplorer","level":"info","message":"Mapped {/categories/:id, PATCH} route","service":"juman-backend-node","timestamp":"2026-08-08T08:23:17.151Z"}
{"channel":"application","context":"RouterExplorer","level":"info","message":"Mapped {/categories/:id, DELETE} route","service":"juman-backend-node","timestamp":"2026-08-08T08:23:17.151Z"}
{"channel":"application","context":"RouterExplorer","level":"info","message":"Mapped {/categories/:id/restore, POST} route","service":"juman-backend-node","timestamp":"2026-08-08T08:23:17.152Z"}
{"channel":"application","context":"RoutesResolver","level":"info","message":"BrandsController {/brands}:","service":"juman-backend-node","timestamp":"2026-08-08T08:23:17.152Z"}
{"channel":"application","context":"RouterExplorer","level":"info","message":"Mapped {/brands, GET} route","service":"juman-backend-node","timestamp":"2026-08-08T08:23:17.152Z"}
{"channel":"application","context":"RouterExplorer","level":"info","message":"Mapped {/brands/:id, GET} route","service":"juman-backend-node","timestamp":"2026-08-08T08:23:17.152Z"}
{"channel":"application","context":"RouterExplorer","level":"info","message":"Mapped {/brands, POST} route","service":"juman-backend-node","timestamp":"2026-08-08T08:23:17.153Z"}
{"channel":"application","context":"RouterExplorer","level":"info","message":"Mapped {/brands/:id, PATCH} route","service":"juman-backend-node","timestamp":"2026-08-08T08:23:17.153Z"}
{"channel":"application","context":"RouterExplorer","level":"info","message":"Mapped {/brands/:id, DELETE} route","service":"juman-backend-node","timestamp":"2026-08-08T08:23:17.153Z"}
{"channel":"application","context":"RouterExplorer","level":"info","message":"Mapped {/brands/:id/restore, POST} route","service":"juman-backend-node","timestamp":"2026-08-08T08:23:17.153Z"}
{"channel":"application","context":"RoutesResolver","level":"info","message":"ColorsController {/colors}:","service":"juman-backend-node","timestamp":"2026-08-08T08:23:17.153Z"}
{"channel":"application","context":"RouterExplorer","level":"info","message":"Mapped {/colors, GET} route","service":"juman-backend-node","timestamp":"2026-08-08T08:23:17.153Z"}
{"channel":"application","context":"RouterExplorer","level":"info","message":"Mapped {/colors/:id, GET} route","service":"juman-backend-node","timestamp":"2026-08-08T08:23:17.154Z"}
{"channel":"application","context":"RouterExplorer","level":"info","message":"Mapped {/colors, POST} route","service":"juman-backend-node","timestamp":"2026-08-08T08:23:17.154Z"}
{"channel":"application","context":"RouterExplorer","level":"info","message":"Mapped {/colors/:id, PATCH} route","service":"juman-backend-node","timestamp":"2026-08-08T08:23:17.154Z"}
{"channel":"application","context":"RouterExplorer","level":"info","message":"Mapped {/colors/:id, DELETE} route","service":"juman-backend-node","timestamp":"2026-08-08T08:23:17.155Z"}
{"channel":"application","context":"RouterExplorer","level":"info","message":"Mapped {/colors/:id/restore, POST} route","service":"juman-backend-node","timestamp":"2026-08-08T08:23:17.155Z"}
{"channel":"application","context":"RoutesResolver","level":"info","message":"SizesController {/sizes}:","service":"juman-backend-node","timestamp":"2026-08-08T08:23:17.155Z"}
{"channel":"application","context":"RouterExplorer","level":"info","message":"Mapped {/sizes, GET} route","service":"juman-backend-node","timestamp":"2026-08-08T08:23:17.155Z"}
{"channel":"application","context":"RouterExplorer","level":"info","message":"Mapped {/sizes/:id, GET} route","service":"juman-backend-node","timestamp":"2026-08-08T08:23:17.155Z"}
{"channel":"application","context":"RouterExplorer","level":"info","message":"Mapped {/sizes, POST} route","service":"juman-backend-node","timestamp":"2026-08-08T08:23:17.155Z"}
{"channel":"application","context":"RouterExplorer","level":"info","message":"Mapped {/sizes/:id, PATCH} route","service":"juman-backend-node","timestamp":"2026-08-08T08:23:17.155Z"}
{"channel":"application","context":"RouterExplorer","level":"info","message":"Mapped {/sizes/:id, DELETE} route","service":"juman-backend-node","timestamp":"2026-08-08T08:23:17.156Z"}
{"channel":"application","context":"RouterExplorer","level":"info","message":"Mapped {/sizes/:id/restore, POST} route","service":"juman-backend-node","timestamp":"2026-08-08T08:23:17.156Z"}
{"channel":"application","context":"RoutesResolver","level":"info","message":"LifecycleController {/items}:","service":"juman-backend-node","timestamp":"2026-08-08T08:23:17.156Z"}
{"channel":"application","context":"RouterExplorer","level":"info","message":"Mapped {/items/:id/state, GET} route","service":"juman-backend-node","timestamp":"2026-08-08T08:23:17.156Z"}
{"channel":"application","context":"RouterExplorer","level":"info","message":"Mapped {/items/:id/history, GET} route","service":"juman-backend-node","timestamp":"2026-08-08T08:23:17.157Z"}
{"channel":"application","context":"RouterExplorer","level":"info","message":"Mapped {/items/:id/transition, POST} route","service":"juman-backend-node","timestamp":"2026-08-08T08:23:17.157Z"}
{"channel":"application","context":"RoutesResolver","level":"info","message":"ItemsController {/items}:","service":"juman-backend-node","timestamp":"2026-08-08T08:23:17.157Z"}
{"channel":"application","context":"RouterExplorer","level":"info","message":"Mapped {/items, GET} route","service":"juman-backend-node","timestamp":"2026-08-08T08:23:17.157Z"}
{"channel":"application","context":"RouterExplorer","level":"info","message":"Mapped {/items/search, GET} route","service":"juman-backend-node","timestamp":"2026-08-08T08:23:17.157Z"}
{"channel":"application","context":"RouterExplorer","level":"info","message":"Mapped {/items/code/:internalCode, GET} route","service":"juman-backend-node","timestamp":"2026-08-08T08:23:17.157Z"}
{"channel":"application","context":"RouterExplorer","level":"info","message":"Mapped {/items/:id, GET} route","service":"juman-backend-node","timestamp":"2026-08-08T08:23:17.158Z"}
{"channel":"application","context":"RouterExplorer","level":"info","message":"Mapped {/items, POST} route","service":"juman-backend-node","timestamp":"2026-08-08T08:23:17.158Z"}
{"channel":"application","context":"RouterExplorer","level":"info","message":"Mapped {/items/:id, PATCH} route","service":"juman-backend-node","timestamp":"2026-08-08T08:23:17.158Z"}
{"channel":"application","context":"RouterExplorer","level":"info","message":"Mapped {/items/:id, DELETE} route","service":"juman-backend-node","timestamp":"2026-08-08T08:23:17.159Z"}
{"channel":"application","context":"RouterExplorer","level":"info","message":"Mapped {/items/:id/restore, POST} route","service":"juman-backend-node","timestamp":"2026-08-08T08:23:17.159Z"}
{"channel":"application","context":"RouterExplorer","level":"info","message":"Mapped {/items/:id/media, POST} route","service":"juman-backend-node","timestamp":"2026-08-08T08:23:17.159Z"}
{"channel":"application","context":"RoutesResolver","level":"info","message":"AvailabilityController {/availability}:","service":"juman-backend-node","timestamp":"2026-08-08T08:23:17.159Z"}
{"channel":"application","context":"RouterExplorer","level":"info","message":"Mapped {/availability, GET} route","service":"juman-backend-node","timestamp":"2026-08-08T08:23:17.159Z"}
{"channel":"application","context":"RouterExplorer","level":"info","message":"Mapped {/availability/calendar, GET} route","service":"juman-backend-node","timestamp":"2026-08-08T08:23:17.159Z"}
{"channel":"application","context":"RouterExplorer","level":"info","message":"Mapped {/availability/item/:id, GET} route","service":"juman-backend-node","timestamp":"2026-08-08T08:23:17.160Z"}
{"channel":"application","context":"RoutesResolver","level":"info","message":"FinanceController {/finance}:","service":"juman-backend-node","timestamp":"2026-08-08T08:23:17.160Z"}
{"channel":"application","context":"RouterExplorer","level":"info","message":"Mapped {/finance/accounts, GET} route","service":"juman-backend-node","timestamp":"2026-08-08T08:23:17.160Z"}
{"channel":"application","context":"RouterExplorer","level":"info","message":"Mapped {/finance/transactions, GET} route","service":"juman-backend-node","timestamp":"2026-08-08T08:23:17.161Z"}
{"channel":"application","context":"RouterExplorer","level":"info","message":"Mapped {/finance/payments, GET} route","service":"juman-backend-node","timestamp":"2026-08-08T08:23:17.161Z"}
{"channel":"application","context":"RouterExplorer","level":"info","message":"Mapped {/finance/payments, POST} route","service":"juman-backend-node","timestamp":"2026-08-08T08:23:17.161Z"}
{"channel":"application","context":"RouterExplorer","level":"info","message":"Mapped {/finance/outstanding, GET} route","service":"juman-backend-node","timestamp":"2026-08-08T08:23:17.161Z"}
{"channel":"application","context":"RoutesResolver","level":"info","message":"SettlementController {/settlements}:","service":"juman-backend-node","timestamp":"2026-08-08T08:23:17.162Z"}
{"channel":"application","context":"RouterExplorer","level":"info","message":"Mapped {/settlements, GET} route","service":"juman-backend-node","timestamp":"2026-08-08T08:23:17.162Z"}
{"channel":"application","context":"RouterExplorer","level":"info","message":"Mapped {/settlements/:id, GET} route","service":"juman-backend-node","timestamp":"2026-08-08T08:23:17.162Z"}
{"channel":"application","context":"RouterExplorer","level":"info","message":"Mapped {/settlements/:id/payment, POST} route","service":"juman-backend-node","timestamp":"2026-08-08T08:23:17.162Z"}
{"channel":"application","context":"RouterExplorer","level":"info","message":"Mapped {/settlements/:id/refund, POST} route","service":"juman-backend-node","timestamp":"2026-08-08T08:23:17.163Z"}
{"channel":"application","context":"RouterExplorer","level":"info","message":"Mapped {/settlements/:id/adjustment, POST} route","service":"juman-backend-node","timestamp":"2026-08-08T08:23:17.163Z"}
{"channel":"application","context":"RouterExplorer","level":"info","message":"Mapped {/settlements/:id/discount, POST} route","service":"juman-backend-node","timestamp":"2026-08-08T08:23:17.163Z"}
{"channel":"application","context":"RouterExplorer","level":"info","message":"Mapped {/settlements/:id/late-fee, POST} route","service":"juman-backend-node","timestamp":"2026-08-08T08:23:17.163Z"}
{"channel":"application","context":"RouterExplorer","level":"info","message":"Mapped {/settlements/:id/close, POST} route","service":"juman-backend-node","timestamp":"2026-08-08T08:23:17.163Z"}
{"channel":"application","context":"RouterExplorer","level":"info","message":"Mapped {/settlements/:id/cancel, POST} route","service":"juman-backend-node","timestamp":"2026-08-08T08:23:17.163Z"}
{"channel":"application","context":"RoutesResolver","level":"info","message":"RentalsController {/rentals}:","service":"juman-backend-node","timestamp":"2026-08-08T08:23:17.164Z"}
{"channel":"application","context":"RouterExplorer","level":"info","message":"Mapped {/rentals, GET} route","service":"juman-backend-node","timestamp":"2026-08-08T08:23:17.164Z"}
{"channel":"application","context":"RouterExplorer","level":"info","message":"Mapped {/rentals/:id/audit, GET} route","service":"juman-backend-node","timestamp":"2026-08-08T08:23:17.164Z"}
{"channel":"application","context":"RouterExplorer","level":"info","message":"Mapped {/rentals/:id, GET} route","service":"juman-backend-node","timestamp":"2026-08-08T08:23:17.164Z"}
{"channel":"application","context":"RouterExplorer","level":"info","message":"Mapped {/rentals, POST} route","service":"juman-backend-node","timestamp":"2026-08-08T08:23:17.164Z"}
{"channel":"application","context":"RouterExplorer","level":"info","message":"Mapped {/rentals/:id/notes, POST} route","service":"juman-backend-node","timestamp":"2026-08-08T08:23:17.164Z"}
{"channel":"application","context":"RouterExplorer","level":"info","message":"Mapped {/rentals/:id, PATCH} route","service":"juman-backend-node","timestamp":"2026-08-08T08:23:17.165Z"}
{"channel":"application","context":"RouterExplorer","level":"info","message":"Mapped {/rentals/:id/checkout, POST} route","service":"juman-backend-node","timestamp":"2026-08-08T08:23:17.165Z"}
{"channel":"application","context":"RouterExplorer","level":"info","message":"Mapped {/rentals/:id/return, POST} route","service":"juman-backend-node","timestamp":"2026-08-08T08:23:17.165Z"}
{"channel":"application","context":"RouterExplorer","level":"info","message":"Mapped {/rentals/:id/complete, POST} route","service":"juman-backend-node","timestamp":"2026-08-08T08:23:17.165Z"}
{"channel":"application","context":"RouterExplorer","level":"info","message":"Mapped {/rentals/:id/cancel, POST} route","service":"juman-backend-node","timestamp":"2026-08-08T08:23:17.165Z"}
{"channel":"application","context":"RoutesResolver","level":"info","message":"ReservationsController {/reservations}:","service":"juman-backend-node","timestamp":"2026-08-08T08:23:17.165Z"}
{"channel":"application","context":"RouterExplorer","level":"info","message":"Mapped {/reservations, GET} route","service":"juman-backend-node","timestamp":"2026-08-08T08:23:17.165Z"}
{"channel":"application","context":"RouterExplorer","level":"info","message":"Mapped {/reservations/:id, GET} route","service":"juman-backend-node","timestamp":"2026-08-08T08:23:17.165Z"}
{"channel":"application","context":"RouterExplorer","level":"info","message":"Mapped {/reservations, POST} route","service":"juman-backend-node","timestamp":"2026-08-08T08:23:17.165Z"}
{"channel":"application","context":"RouterExplorer","level":"info","message":"Mapped {/reservations/:id/checkout, POST} route","service":"juman-backend-node","timestamp":"2026-08-08T08:23:17.166Z"}
{"channel":"application","context":"RouterExplorer","level":"info","message":"Mapped {/reservations/:id/cancel, POST} route","service":"juman-backend-node","timestamp":"2026-08-08T08:23:17.166Z"}
{"channel":"application","context":"RouterExplorer","level":"info","message":"Mapped {/reservations/:id/expire, POST} route","service":"juman-backend-node","timestamp":"2026-08-08T08:23:17.166Z"}
{"channel":"application","context":"RoutesResolver","level":"info","message":"SalesController {/sales}:","service":"juman-backend-node","timestamp":"2026-08-08T08:23:17.166Z"}
{"channel":"application","context":"RouterExplorer","level":"info","message":"Mapped {/sales, GET} route","service":"juman-backend-node","timestamp":"2026-08-08T08:23:17.166Z"}
{"channel":"application","context":"RouterExplorer","level":"info","message":"Mapped {/sales/:id/history, GET} route","service":"juman-backend-node","timestamp":"2026-08-08T08:23:17.167Z"}
{"channel":"application","context":"RouterExplorer","level":"info","message":"Mapped {/sales/:id, GET} route","service":"juman-backend-node","timestamp":"2026-08-08T08:23:17.167Z"}
{"channel":"application","context":"RouterExplorer","level":"info","message":"Mapped {/sales, POST} route","service":"juman-backend-node","timestamp":"2026-08-08T08:23:17.167Z"}
{"channel":"application","context":"RouterExplorer","level":"info","message":"Mapped {/sales/:id/confirm, POST} route","service":"juman-backend-node","timestamp":"2026-08-08T08:23:17.167Z"}
{"channel":"application","context":"RouterExplorer","level":"info","message":"Mapped {/sales/:id/payment, POST} route","service":"juman-backend-node","timestamp":"2026-08-08T08:23:17.167Z"}
{"channel":"application","context":"RouterExplorer","level":"info","message":"Mapped {/sales/:id/complete, POST} route","service":"juman-backend-node","timestamp":"2026-08-08T08:23:17.167Z"}
{"channel":"application","context":"RouterExplorer","level":"info","message":"Mapped {/sales/:id/cancel, POST} route","service":"juman-backend-node","timestamp":"2026-08-08T08:23:17.167Z"}
{"channel":"application","context":"RoutesResolver","level":"info","message":"ReportsController {/reports}:","service":"juman-backend-node","timestamp":"2026-08-08T08:23:17.168Z"}
{"channel":"application","context":"RouterExplorer","level":"info","message":"Mapped {/reports/dashboard, GET} route","service":"juman-backend-node","timestamp":"2026-08-08T08:23:17.169Z"}
{"channel":"application","context":"RouterExplorer","level":"info","message":"Mapped {/reports/financial, GET} route","service":"juman-backend-node","timestamp":"2026-08-08T08:23:17.169Z"}
{"channel":"application","context":"RouterExplorer","level":"info","message":"Mapped {/reports/rentals/current, GET} route","service":"juman-backend-node","timestamp":"2026-08-08T08:23:17.170Z"}
{"channel":"application","context":"RouterExplorer","level":"info","message":"Mapped {/reports/rentals/overdue, GET} route","service":"juman-backend-node","timestamp":"2026-08-08T08:23:17.170Z"}
{"channel":"application","context":"RouterExplorer","level":"info","message":"Mapped {/reports/rentals/returns, GET} route","service":"juman-backend-node","timestamp":"2026-08-08T08:23:17.170Z"}
{"channel":"application","context":"RouterExplorer","level":"info","message":"Mapped {/reports/rentals/reservations, GET} route","service":"juman-backend-node","timestamp":"2026-08-08T08:23:17.170Z"}
{"channel":"application","context":"RouterExplorer","level":"info","message":"Mapped {/reports/rentals/history, GET} route","service":"juman-backend-node","timestamp":"2026-08-08T08:23:17.170Z"}
{"channel":"application","context":"RouterExplorer","level":"info","message":"Mapped {/reports/inventory/value, GET} route","service":"juman-backend-node","timestamp":"2026-08-08T08:23:17.170Z"}
{"channel":"application","context":"RouterExplorer","level":"info","message":"Mapped {/reports/inventory/availability, GET} route","service":"juman-backend-node","timestamp":"2026-08-08T08:23:17.171Z"}
{"channel":"application","context":"RouterExplorer","level":"info","message":"Mapped {/reports/inventory/category, GET} route","service":"juman-backend-node","timestamp":"2026-08-08T08:23:17.171Z"}
{"channel":"application","context":"RouterExplorer","level":"info","message":"Mapped {/reports/inventory/brand, GET} route","service":"juman-backend-node","timestamp":"2026-08-08T08:23:17.171Z"}
{"channel":"application","context":"RouterExplorer","level":"info","message":"Mapped {/reports/inventory/color, GET} route","service":"juman-backend-node","timestamp":"2026-08-08T08:23:17.171Z"}
{"channel":"application","context":"RouterExplorer","level":"info","message":"Mapped {/reports/inventory/size, GET} route","service":"juman-backend-node","timestamp":"2026-08-08T08:23:17.172Z"}
{"channel":"application","context":"RouterExplorer","level":"info","message":"Mapped {/reports/inventory/lifecycle, GET} route","service":"juman-backend-node","timestamp":"2026-08-08T08:23:17.172Z"}
{"channel":"application","context":"RouterExplorer","level":"info","message":"Mapped {/reports/inventory/retired, GET} route","service":"juman-backend-node","timestamp":"2026-08-08T08:23:17.173Z"}
{"channel":"application","context":"RouterExplorer","level":"info","message":"Mapped {/reports/inventory/maintenance, GET} route","service":"juman-backend-node","timestamp":"2026-08-08T08:23:17.173Z"}
{"channel":"application","context":"RouterExplorer","level":"info","message":"Mapped {/reports/customers/:id/rentals, GET} route","service":"juman-backend-node","timestamp":"2026-08-08T08:23:17.173Z"}
{"channel":"application","context":"RouterExplorer","level":"info","message":"Mapped {/reports/customers/:id/outstanding, GET} route","service":"juman-backend-node","timestamp":"2026-08-08T08:23:17.173Z"}
{"channel":"application","context":"RouterExplorer","level":"info","message":"Mapped {/reports/customers/:id/payments, GET} route","service":"juman-backend-node","timestamp":"2026-08-08T08:23:17.174Z"}
{"channel":"application","context":"RouterExplorer","level":"info","message":"Mapped {/reports/customers/:id/reservations, GET} route","service":"juman-backend-node","timestamp":"2026-08-08T08:23:17.174Z"}
{"channel":"application","context":"RouterExplorer","level":"info","message":"Mapped {/reports/export, GET} route","service":"juman-backend-node","timestamp":"2026-08-08T08:23:17.174Z"}
{"channel":"application","context":"RoutesResolver","level":"info","message":"HealthController {/health}:","service":"juman-backend-node","timestamp":"2026-08-08T08:23:17.174Z"}
{"channel":"application","context":"RouterExplorer","level":"info","message":"Mapped {/health, GET} route","service":"juman-backend-node","timestamp":"2026-08-08T08:23:17.174Z"}
{"channel":"application","context":"NestApplication","level":"info","message":"Nest application successfully started","service":"juman-backend-node","timestamp":"2026-08-08T08:23:17.175Z"}
{"channel":"startup","context":"Startup","level":"info","message":"Listening on http://127.0.0.1:8787","service":"juman-backend-node","timestamp":"2026-08-08T08:23:17.175Z"}
{"channel":"startup","context":"Startup","level":"info","message":"GET /health ready","service":"juman-backend-node","timestamp":"2026-08-08T08:23:17.176Z"}
{"channel":"startup","context":"Startup","dataDir":"C:\\Users\\moham\\Desktop\\juman","envCreated":false,"envFile":"C:\\Users\\moham\\Desktop\\juman\\config\\juman.env","environment":"development","host":"127.0.0.1","level":"info","message":"Juman Backend V2 starting","migrations":"applied","port":8787,"service":"juman-backend-node","timestamp":"2026-08-08T08:26:19.012Z","version":"2.0.0"}
{"channel":"startup","context":"Startup","level":"info","message":"SQLite PRAGMAs applied (foreign_keys, WAL, busy_timeout)","service":"juman-backend-node","timestamp":"2026-08-08T08:26:19.094Z"}
{"channel":"startup","context":"Startup","level":"info","message":"Prisma connected to SQLite","service":"juman-backend-node","timestamp":"2026-08-08T08:26:19.095Z"}
{"channel":"startup","context":"Startup","count":27,"level":"info","message":"App settings ensured","service":"juman-backend-node","timestamp":"2026-08-08T08:26:19.351Z"}
{"channel":"startup","context":"Startup","count":104,"level":"info","message":"RBAC permissions ensured","service":"juman-backend-node","timestamp":"2026-08-08T08:26:20.010Z"}
{"channel":"startup","context":"Startup","count":104,"level":"info","message":"RBAC permissions ensured","service":"juman-backend-node","timestamp":"2026-08-08T08:26:20.940Z"}
{"channel":"startup","context":"Startup","count":4,"level":"info","message":"RBAC system roles ensured","service":"juman-backend-node","timestamp":"2026-08-08T08:26:21.304Z"}
{"channel":"startup","context":"Startup","level":"info","message":"Administrator user already present","service":"juman-backend-node","timestamp":"2026-08-08T08:26:21.308Z","username":"admin"}
{"categories":3,"channel":"startup","context":"Startup","level":"info","message":"Demo seed skipped (categories already present)","service":"juman-backend-node","timestamp":"2026-08-08T08:26:21.311Z"}
{"channel":"startup","context":"Startup","customerId":"45c43439-599c-459d-85d9-5ad83caded3a","customerNumber":"WALK-IN","level":"info","message":"Walk-in customer ready","service":"juman-backend-node","timestamp":"2026-08-08T08:26:21.319Z"}
{"channel":"application","context":"NestFactory","level":"info","message":"Starting Nest application...","service":"juman-backend-node","timestamp":"2026-08-08T08:26:21.345Z"}
{"channel":"application","context":"InstanceLoader","level":"info","message":"LoggerModule dependencies initialized","service":"juman-backend-node","timestamp":"2026-08-08T08:26:21.345Z"}
{"channel":"application","context":"InstanceLoader","level":"info","message":"PassportModule dependencies initialized","service":"juman-backend-node","timestamp":"2026-08-08T08:26:21.345Z"}
{"channel":"application","context":"InstanceLoader","level":"info","message":"ConfigHostModule dependencies initialized","service":"juman-backend-node","timestamp":"2026-08-08T08:26:21.346Z"}
{"channel":"application","context":"InstanceLoader","level":"info","message":"ConfigModule dependencies initialized","service":"juman-backend-node","timestamp":"2026-08-08T08:26:21.346Z"}
{"channel":"application","context":"InstanceLoader","level":"info","message":"ConfigModule dependencies initialized","service":"juman-backend-node","timestamp":"2026-08-08T08:26:21.347Z"}
{"channel":"application","context":"InstanceLoader","level":"info","message":"PrismaModule dependencies initialized","service":"juman-backend-node","timestamp":"2026-08-08T08:26:21.347Z"}
{"channel":"application","context":"InstanceLoader","level":"info","message":"JwtModule dependencies initialized","service":"juman-backend-node","timestamp":"2026-08-08T08:26:21.348Z"}
{"channel":"application","context":"InstanceLoader","level":"info","message":"SettingsModule dependencies initialized","service":"juman-backend-node","timestamp":"2026-08-08T08:26:21.348Z"}
{"channel":"application","context":"InstanceLoader","level":"info","message":"AuditModule dependencies initialized","service":"juman-backend-node","timestamp":"2026-08-08T08:26:21.349Z"}
{"channel":"application","context":"InstanceLoader","level":"info","message":"PermissionsModule dependencies initialized","service":"juman-backend-node","timestamp":"2026-08-08T08:26:21.349Z"}
{"channel":"application","context":"InstanceLoader","level":"info","message":"UsersModule dependencies initialized","service":"juman-backend-node","timestamp":"2026-08-08T08:26:21.350Z"}
{"channel":"application","context":"InstanceLoader","level":"info","message":"SecurityModule dependencies initialized","service":"juman-backend-node","timestamp":"2026-08-08T08:26:21.350Z"}
{"channel":"application","context":"InstanceLoader","level":"info","message":"HealthModule dependencies initialized","service":"juman-backend-node","timestamp":"2026-08-08T08:26:21.350Z"}
{"channel":"application","context":"InstanceLoader","level":"info","message":"RolesModule dependencies initialized","service":"juman-backend-node","timestamp":"2026-08-08T08:26:21.351Z"}
{"channel":"application","context":"InstanceLoader","level":"info","message":"AppModule dependencies initialized","service":"juman-backend-node","timestamp":"2026-08-08T08:26:21.351Z"}
{"channel":"application","context":"InstanceLoader","level":"info","message":"AvailabilityModule dependencies initialized","service":"juman-backend-node","timestamp":"2026-08-08T08:26:21.351Z"}
{"channel":"application","context":"InstanceLoader","level":"info","message":"ReportsModule dependencies initialized","service":"juman-backend-node","timestamp":"2026-08-08T08:26:21.352Z"}
{"channel":"application","context":"InstanceLoader","level":"info","message":"MediaModule dependencies initialized","service":"juman-backend-node","timestamp":"2026-08-08T08:26:21.352Z"}
{"channel":"application","context":"InstanceLoader","level":"info","message":"BarcodeModule dependencies initialized","service":"juman-backend-node","timestamp":"2026-08-08T08:26:21.352Z"}
{"channel":"application","context":"InstanceLoader","level":"info","message":"CustomersModule dependencies initialized","service":"juman-backend-node","timestamp":"2026-08-08T08:26:21.353Z"}
{"channel":"application","context":"InstanceLoader","level":"info","message":"AuthModule dependencies initialized","service":"juman-backend-node","timestamp":"2026-08-08T08:26:21.353Z"}
{"channel":"application","context":"InstanceLoader","level":"info","message":"InventoryModule dependencies initialized","service":"juman-backend-node","timestamp":"2026-08-08T08:26:21.353Z"}
{"channel":"application","context":"InstanceLoader","level":"info","message":"FinanceModule dependencies initialized","service":"juman-backend-node","timestamp":"2026-08-08T08:26:21.353Z"}
{"channel":"application","context":"InstanceLoader","level":"info","message":"RentalsModule dependencies initialized","service":"juman-backend-node","timestamp":"2026-08-08T08:26:21.354Z"}
{"channel":"application","context":"InstanceLoader","level":"info","message":"SalesModule dependencies initialized","service":"juman-backend-node","timestamp":"2026-08-08T08:26:21.354Z"}
{"channel":"application","context":"InstanceLoader","level":"info","message":"ReservationsModule dependencies initialized","service":"juman-backend-node","timestamp":"2026-08-08T08:26:21.354Z"}
{"channel":"application","context":"RoutesResolver","level":"info","message":"MediaController {/media}:","service":"juman-backend-node","timestamp":"2026-08-08T08:26:21.354Z"}
{"channel":"application","context":"RouterExplorer","level":"info","message":"Mapped {/media, GET} route","service":"juman-backend-node","timestamp":"2026-08-08T08:26:21.354Z"}
{"channel":"application","context":"RouterExplorer","level":"info","message":"Mapped {/media/:id, GET} route","service":"juman-backend-node","timestamp":"2026-08-08T08:26:21.354Z"}
{"channel":"application","context":"RouterExplorer","level":"info","message":"Mapped {/media/:id/integrity, GET} route","service":"juman-backend-node","timestamp":"2026-08-08T08:26:21.355Z"}
{"channel":"application","context":"RouterExplorer","level":"info","message":"Mapped {/media, POST} route","service":"juman-backend-node","timestamp":"2026-08-08T08:26:21.355Z"}
{"channel":"application","context":"RouterExplorer","level":"info","message":"Mapped {/media/:id, DELETE} route","service":"juman-backend-node","timestamp":"2026-08-08T08:26:21.355Z"}
{"channel":"application","context":"RouterExplorer","level":"info","message":"Mapped {/media/:id/restore, POST} route","service":"juman-backend-node","timestamp":"2026-08-08T08:26:21.355Z"}
{"channel":"application","context":"RoutesResolver","level":"info","message":"BarcodeController {/barcodes}:","service":"juman-backend-node","timestamp":"2026-08-08T08:26:21.355Z"}
{"channel":"application","context":"RouterExplorer","level":"info","message":"Mapped {/barcodes, GET} route","service":"juman-backend-node","timestamp":"2026-08-08T08:26:21.355Z"}
{"channel":"application","context":"RouterExplorer","level":"info","message":"Mapped {/barcodes/:id, GET} route","service":"juman-backend-node","timestamp":"2026-08-08T08:26:21.355Z"}
{"channel":"application","context":"RouterExplorer","level":"info","message":"Mapped {/barcodes/generate, POST} route","service":"juman-backend-node","timestamp":"2026-08-08T08:26:21.355Z"}
{"channel":"application","context":"RouterExplorer","level":"info","message":"Mapped {/barcodes/validate, POST} route","service":"juman-backend-node","timestamp":"2026-08-08T08:26:21.355Z"}
{"channel":"application","context":"RouterExplorer","level":"info","message":"Mapped {/barcodes/reserve, POST} route","service":"juman-backend-node","timestamp":"2026-08-08T08:26:21.356Z"}
{"channel":"application","context":"RouterExplorer","level":"info","message":"Mapped {/barcodes/release, POST} route","service":"juman-backend-node","timestamp":"2026-08-08T08:26:21.356Z"}
{"channel":"application","context":"RouterExplorer","level":"info","message":"Mapped {/barcodes/retire, POST} route","service":"juman-backend-node","timestamp":"2026-08-08T08:26:21.356Z"}
{"channel":"application","context":"RoutesResolver","level":"info","message":"AuthController {/auth}:","service":"juman-backend-node","timestamp":"2026-08-08T08:26:21.356Z"}
{"channel":"application","context":"RouterExplorer","level":"info","message":"Mapped {/auth/login, POST} route","service":"juman-backend-node","timestamp":"2026-08-08T08:26:21.356Z"}
{"channel":"application","context":"RouterExplorer","level":"info","message":"Mapped {/auth/logout, POST} route","service":"juman-backend-node","timestamp":"2026-08-08T08:26:21.356Z"}
{"channel":"application","context":"RouterExplorer","level":"info","message":"Mapped {/auth/change-password, POST} route","service":"juman-backend-node","timestamp":"2026-08-08T08:26:21.356Z"}
{"channel":"application","context":"RouterExplorer","level":"info","message":"Mapped {/auth/admin/unlock, POST} route","service":"juman-backend-node","timestamp":"2026-08-08T08:26:21.358Z"}
{"channel":"application","context":"RouterExplorer","level":"info","message":"Mapped {/auth/session, GET} route","service":"juman-backend-node","timestamp":"2026-08-08T08:26:21.358Z"}
{"channel":"application","context":"RouterExplorer","level":"info","message":"Mapped {/auth/me, GET} route","service":"juman-backend-node","timestamp":"2026-08-08T08:26:21.358Z"}
{"channel":"application","context":"RoutesResolver","level":"info","message":"CustomersController {/customers}:","service":"juman-backend-node","timestamp":"2026-08-08T08:26:21.359Z"}
{"channel":"application","context":"RouterExplorer","level":"info","message":"Mapped {/customers, GET} route","service":"juman-backend-node","timestamp":"2026-08-08T08:26:21.359Z"}
{"channel":"application","context":"RouterExplorer","level":"info","message":"Mapped {/customers/search, GET} route","service":"juman-backend-node","timestamp":"2026-08-08T08:26:21.360Z"}
{"channel":"application","context":"RouterExplorer","level":"info","message":"Mapped {/customers/number/:customerNumber, GET} route","service":"juman-backend-node","timestamp":"2026-08-08T08:26:21.360Z"}
{"channel":"application","context":"RouterExplorer","level":"info","message":"Mapped {/customers/:id, GET} route","service":"juman-backend-node","timestamp":"2026-08-08T08:26:21.360Z"}
{"channel":"application","context":"RouterExplorer","level":"info","message":"Mapped {/customers, POST} route","service":"juman-backend-node","timestamp":"2026-08-08T08:26:21.361Z"}
{"channel":"application","context":"RouterExplorer","level":"info","message":"Mapped {/customers/:id, PATCH} route","service":"juman-backend-node","timestamp":"2026-08-08T08:26:21.361Z"}
{"channel":"application","context":"RouterExplorer","level":"info","message":"Mapped {/customers/:id, DELETE} route","service":"juman-backend-node","timestamp":"2026-08-08T08:26:21.361Z"}
{"channel":"application","context":"RouterExplorer","level":"info","message":"Mapped {/customers/:id/restore, POST} route","service":"juman-backend-node","timestamp":"2026-08-08T08:26:21.361Z"}
{"channel":"application","context":"RoutesResolver","level":"info","message":"CategoriesController {/categories}:","service":"juman-backend-node","timestamp":"2026-08-08T08:26:21.361Z"}
{"channel":"application","context":"RouterExplorer","level":"info","message":"Mapped {/categories, GET} route","service":"juman-backend-node","timestamp":"2026-08-08T08:26:21.362Z"}
{"channel":"application","context":"RouterExplorer","level":"info","message":"Mapped {/categories/:id, GET} route","service":"juman-backend-node","timestamp":"2026-08-08T08:26:21.362Z"}
{"channel":"application","context":"RouterExplorer","level":"info","message":"Mapped {/categories, POST} route","service":"juman-backend-node","timestamp":"2026-08-08T08:26:21.362Z"}
{"channel":"application","context":"RouterExplorer","level":"info","message":"Mapped {/categories/:id, PATCH} route","service":"juman-backend-node","timestamp":"2026-08-08T08:26:21.362Z"}
{"channel":"application","context":"RouterExplorer","level":"info","message":"Mapped {/categories/:id, DELETE} route","service":"juman-backend-node","timestamp":"2026-08-08T08:26:21.362Z"}
{"channel":"application","context":"RouterExplorer","level":"info","message":"Mapped {/categories/:id/restore, POST} route","service":"juman-backend-node","timestamp":"2026-08-08T08:26:21.363Z"}
{"channel":"application","context":"RoutesResolver","level":"info","message":"BrandsController {/brands}:","service":"juman-backend-node","timestamp":"2026-08-08T08:26:21.363Z"}
{"channel":"application","context":"RouterExplorer","level":"info","message":"Mapped {/brands, GET} route","service":"juman-backend-node","timestamp":"2026-08-08T08:26:21.363Z"}
{"channel":"application","context":"RouterExplorer","level":"info","message":"Mapped {/brands/:id, GET} route","service":"juman-backend-node","timestamp":"2026-08-08T08:26:21.363Z"}
{"channel":"application","context":"RouterExplorer","level":"info","message":"Mapped {/brands, POST} route","service":"juman-backend-node","timestamp":"2026-08-08T08:26:21.363Z"}
{"channel":"application","context":"RouterExplorer","level":"info","message":"Mapped {/brands/:id, PATCH} route","service":"juman-backend-node","timestamp":"2026-08-08T08:26:21.363Z"}
{"channel":"application","context":"RouterExplorer","level":"info","message":"Mapped {/brands/:id, DELETE} route","service":"juman-backend-node","timestamp":"2026-08-08T08:26:21.363Z"}
{"channel":"application","context":"RouterExplorer","level":"info","message":"Mapped {/brands/:id/restore, POST} route","service":"juman-backend-node","timestamp":"2026-08-08T08:26:21.363Z"}
{"channel":"application","context":"RoutesResolver","level":"info","message":"ColorsController {/colors}:","service":"juman-backend-node","timestamp":"2026-08-08T08:26:21.364Z"}
{"channel":"application","context":"RouterExplorer","level":"info","message":"Mapped {/colors, GET} route","service":"juman-backend-node","timestamp":"2026-08-08T08:26:21.365Z"}
{"channel":"application","context":"RouterExplorer","level":"info","message":"Mapped {/colors/:id, GET} route","service":"juman-backend-node","timestamp":"2026-08-08T08:26:21.365Z"}
{"channel":"application","context":"RouterExplorer","level":"info","message":"Mapped {/colors, POST} route","service":"juman-backend-node","timestamp":"2026-08-08T08:26:21.366Z"}
{"channel":"application","context":"RouterExplorer","level":"info","message":"Mapped {/colors/:id, PATCH} route","service":"juman-backend-node","timestamp":"2026-08-08T08:26:21.366Z"}
{"channel":"application","context":"RouterExplorer","level":"info","message":"Mapped {/colors/:id, DELETE} route","service":"juman-backend-node","timestamp":"2026-08-08T08:26:21.367Z"}
{"channel":"application","context":"RouterExplorer","level":"info","message":"Mapped {/colors/:id/restore, POST} route","service":"juman-backend-node","timestamp":"2026-08-08T08:26:21.367Z"}
{"channel":"application","context":"RoutesResolver","level":"info","message":"SizesController {/sizes}:","service":"juman-backend-node","timestamp":"2026-08-08T08:26:21.367Z"}
{"channel":"application","context":"RouterExplorer","level":"info","message":"Mapped {/sizes, GET} route","service":"juman-backend-node","timestamp":"2026-08-08T08:26:21.367Z"}
{"channel":"application","context":"RouterExplorer","level":"info","message":"Mapped {/sizes/:id, GET} route","service":"juman-backend-node","timestamp":"2026-08-08T08:26:21.368Z"}
{"channel":"application","context":"RouterExplorer","level":"info","message":"Mapped {/sizes, POST} route","service":"juman-backend-node","timestamp":"2026-08-08T08:26:21.368Z"}
{"channel":"application","context":"RouterExplorer","level":"info","message":"Mapped {/sizes/:id, PATCH} route","service":"juman-backend-node","timestamp":"2026-08-08T08:26:21.369Z"}
{"channel":"application","context":"RouterExplorer","level":"info","message":"Mapped {/sizes/:id, DELETE} route","service":"juman-backend-node","timestamp":"2026-08-08T08:26:21.369Z"}
{"channel":"application","context":"RouterExplorer","level":"info","message":"Mapped {/sizes/:id/restore, POST} route","service":"juman-backend-node","timestamp":"2026-08-08T08:26:21.369Z"}
{"channel":"application","context":"RoutesResolver","level":"info","message":"LifecycleController {/items}:","service":"juman-backend-node","timestamp":"2026-08-08T08:26:21.369Z"}
{"channel":"application","context":"RouterExplorer","level":"info","message":"Mapped {/items/:id/state, GET} route","service":"juman-backend-node","timestamp":"2026-08-08T08:26:21.369Z"}
{"channel":"application","context":"RouterExplorer","level":"info","message":"Mapped {/items/:id/history, GET} route","service":"juman-backend-node","timestamp":"2026-08-08T08:26:21.369Z"}
{"channel":"application","context":"RouterExplorer","level":"info","message":"Mapped {/items/:id/transition, POST} route","service":"juman-backend-node","timestamp":"2026-08-08T08:26:21.369Z"}
{"channel":"application","context":"RoutesResolver","level":"info","message":"ItemsController {/items}:","service":"juman-backend-node","timestamp":"2026-08-08T08:26:21.369Z"}
{"channel":"application","context":"RouterExplorer","level":"info","message":"Mapped {/items, GET} route","service":"juman-backend-node","timestamp":"2026-08-08T08:26:21.369Z"}
{"channel":"application","context":"RouterExplorer","level":"info","message":"Mapped {/items/search, GET} route","service":"juman-backend-node","timestamp":"2026-08-08T08:26:21.369Z"}
{"channel":"application","context":"RouterExplorer","level":"info","message":"Mapped {/items/code/:internalCode, GET} route","service":"juman-backend-node","timestamp":"2026-08-08T08:26:21.370Z"}
{"channel":"application","context":"RouterExplorer","level":"info","message":"Mapped {/items/:id, GET} route","service":"juman-backend-node","timestamp":"2026-08-08T08:26:21.370Z"}
{"channel":"application","context":"RouterExplorer","level":"info","message":"Mapped {/items, POST} route","service":"juman-backend-node","timestamp":"2026-08-08T08:26:21.370Z"}
{"channel":"application","context":"RouterExplorer","level":"info","message":"Mapped {/items/:id, PATCH} route","service":"juman-backend-node","timestamp":"2026-08-08T08:26:21.370Z"}
{"channel":"application","context":"RouterExplorer","level":"info","message":"Mapped {/items/:id, DELETE} route","service":"juman-backend-node","timestamp":"2026-08-08T08:26:21.370Z"}
{"channel":"application","context":"RouterExplorer","level":"info","message":"Mapped {/items/:id/restore, POST} route","service":"juman-backend-node","timestamp":"2026-08-08T08:26:21.370Z"}
{"channel":"application","context":"RouterExplorer","level":"info","message":"Mapped {/items/:id/media, POST} route","service":"juman-backend-node","timestamp":"2026-08-08T08:26:21.371Z"}
{"channel":"application","context":"RoutesResolver","level":"info","message":"AvailabilityController {/availability}:","service":"juman-backend-node","timestamp":"2026-08-08T08:26:21.371Z"}
{"channel":"application","context":"RouterExplorer","level":"info","message":"Mapped {/availability, GET} route","service":"juman-backend-node","timestamp":"2026-08-08T08:26:21.371Z"}
{"channel":"application","context":"RouterExplorer","level":"info","message":"Mapped {/availability/calendar, GET} route","service":"juman-backend-node","timestamp":"2026-08-08T08:26:21.371Z"}
{"channel":"application","context":"RouterExplorer","level":"info","message":"Mapped {/availability/item/:id, GET} route","service":"juman-backend-node","timestamp":"2026-08-08T08:26:21.371Z"}
{"channel":"application","context":"RoutesResolver","level":"info","message":"FinanceController {/finance}:","service":"juman-backend-node","timestamp":"2026-08-08T08:26:21.371Z"}
{"channel":"application","context":"RouterExplorer","level":"info","message":"Mapped {/finance/accounts, GET} route","service":"juman-backend-node","timestamp":"2026-08-08T08:26:21.371Z"}
{"channel":"application","context":"RouterExplorer","level":"info","message":"Mapped {/finance/transactions, GET} route","service":"juman-backend-node","timestamp":"2026-08-08T08:26:21.372Z"}
{"channel":"application","context":"RouterExplorer","level":"info","message":"Mapped {/finance/payments, GET} route","service":"juman-backend-node","timestamp":"2026-08-08T08:26:21.372Z"}
{"channel":"application","context":"RouterExplorer","level":"info","message":"Mapped {/finance/payments, POST} route","service":"juman-backend-node","timestamp":"2026-08-08T08:26:21.372Z"}
{"channel":"application","context":"RouterExplorer","level":"info","message":"Mapped {/finance/outstanding, GET} route","service":"juman-backend-node","timestamp":"2026-08-08T08:26:21.372Z"}
{"channel":"application","context":"RoutesResolver","level":"info","message":"SettlementController {/settlements}:","service":"juman-backend-node","timestamp":"2026-08-08T08:26:21.372Z"}
{"channel":"application","context":"RouterExplorer","level":"info","message":"Mapped {/settlements, GET} route","service":"juman-backend-node","timestamp":"2026-08-08T08:26:21.372Z"}
{"channel":"application","context":"RouterExplorer","level":"info","message":"Mapped {/settlements/:id, GET} route","service":"juman-backend-node","timestamp":"2026-08-08T08:26:21.372Z"}
{"channel":"application","context":"RouterExplorer","level":"info","message":"Mapped {/settlements/:id/payment, POST} route","service":"juman-backend-node","timestamp":"2026-08-08T08:26:21.372Z"}
{"channel":"application","context":"RouterExplorer","level":"info","message":"Mapped {/settlements/:id/refund, POST} route","service":"juman-backend-node","timestamp":"2026-08-08T08:26:21.372Z"}
{"channel":"application","context":"RouterExplorer","level":"info","message":"Mapped {/settlements/:id/adjustment, POST} route","service":"juman-backend-node","timestamp":"2026-08-08T08:26:21.372Z"}
{"channel":"application","context":"RouterExplorer","level":"info","message":"Mapped {/settlements/:id/discount, POST} route","service":"juman-backend-node","timestamp":"2026-08-08T08:26:21.373Z"}
{"channel":"application","context":"RouterExplorer","level":"info","message":"Mapped {/settlements/:id/late-fee, POST} route","service":"juman-backend-node","timestamp":"2026-08-08T08:26:21.373Z"}
{"channel":"application","context":"RouterExplorer","level":"info","message":"Mapped {/settlements/:id/close, POST} route","service":"juman-backend-node","timestamp":"2026-08-08T08:26:21.373Z"}
{"channel":"application","context":"RouterExplorer","level":"info","message":"Mapped {/settlements/:id/cancel, POST} route","service":"juman-backend-node","timestamp":"2026-08-08T08:26:21.373Z"}
{"channel":"application","context":"RoutesResolver","level":"info","message":"RentalsController {/rentals}:","service":"juman-backend-node","timestamp":"2026-08-08T08:26:21.373Z"}
{"channel":"application","context":"RouterExplorer","level":"info","message":"Mapped {/rentals, GET} route","service":"juman-backend-node","timestamp":"2026-08-08T08:26:21.373Z"}
{"channel":"application","context":"RouterExplorer","level":"info","message":"Mapped {/rentals/:id/audit, GET} route","service":"juman-backend-node","timestamp":"2026-08-08T08:26:21.374Z"}
{"channel":"application","context":"RouterExplorer","level":"info","message":"Mapped {/rentals/:id, GET} route","service":"juman-backend-node","timestamp":"2026-08-08T08:26:21.374Z"}
{"channel":"application","context":"RouterExplorer","level":"info","message":"Mapped {/rentals, POST} route","service":"juman-backend-node","timestamp":"2026-08-08T08:26:21.374Z"}
{"channel":"application","context":"RouterExplorer","level":"info","message":"Mapped {/rentals/:id/notes, POST} route","service":"juman-backend-node","timestamp":"2026-08-08T08:26:21.374Z"}
{"channel":"application","context":"RouterExplorer","level":"info","message":"Mapped {/rentals/:id, PATCH} route","service":"juman-backend-node","timestamp":"2026-08-08T08:26:21.374Z"}
{"channel":"application","context":"RouterExplorer","level":"info","message":"Mapped {/rentals/:id/checkout, POST} route","service":"juman-backend-node","timestamp":"2026-08-08T08:26:21.375Z"}
{"channel":"application","context":"RouterExplorer","level":"info","message":"Mapped {/rentals/:id/return, POST} route","service":"juman-backend-node","timestamp":"2026-08-08T08:26:21.375Z"}
{"channel":"application","context":"RouterExplorer","level":"info","message":"Mapped {/rentals/:id/complete, POST} route","service":"juman-backend-node","timestamp":"2026-08-08T08:26:21.375Z"}
{"channel":"application","context":"RouterExplorer","level":"info","message":"Mapped {/rentals/:id/cancel, POST} route","service":"juman-backend-node","timestamp":"2026-08-08T08:26:21.375Z"}
{"channel":"application","context":"RoutesResolver","level":"info","message":"ReservationsController {/reservations}:","service":"juman-backend-node","timestamp":"2026-08-08T08:26:21.375Z"}
{"channel":"application","context":"RouterExplorer","level":"info","message":"Mapped {/reservations, GET} route","service":"juman-backend-node","timestamp":"2026-08-08T08:26:21.375Z"}
{"channel":"application","context":"RouterExplorer","level":"info","message":"Mapped {/reservations/:id, GET} route","service":"juman-backend-node","timestamp":"2026-08-08T08:26:21.375Z"}
{"channel":"application","context":"RouterExplorer","level":"info","message":"Mapped {/reservations, POST} route","service":"juman-backend-node","timestamp":"2026-08-08T08:26:21.375Z"}
{"channel":"application","context":"RouterExplorer","level":"info","message":"Mapped {/reservations/:id/checkout, POST} route","service":"juman-backend-node","timestamp":"2026-08-08T08:26:21.376Z"}
{"channel":"application","context":"RouterExplorer","level":"info","message":"Mapped {/reservations/:id/cancel, POST} route","service":"juman-backend-node","timestamp":"2026-08-08T08:26:21.376Z"}
{"channel":"application","context":"RouterExplorer","level":"info","message":"Mapped {/reservations/:id/expire, POST} route","service":"juman-backend-node","timestamp":"2026-08-08T08:26:21.376Z"}
{"channel":"application","context":"RoutesResolver","level":"info","message":"SalesController {/sales}:","service":"juman-backend-node","timestamp":"2026-08-08T08:26:21.376Z"}
{"channel":"application","context":"RouterExplorer","level":"info","message":"Mapped {/sales, GET} route","service":"juman-backend-node","timestamp":"2026-08-08T08:26:21.376Z"}
{"channel":"application","context":"RouterExplorer","level":"info","message":"Mapped {/sales/:id/history, GET} route","service":"juman-backend-node","timestamp":"2026-08-08T08:26:21.376Z"}
{"channel":"application","context":"RouterExplorer","level":"info","message":"Mapped {/sales/:id, GET} route","service":"juman-backend-node","timestamp":"2026-08-08T08:26:21.376Z"}
{"channel":"application","context":"RouterExplorer","level":"info","message":"Mapped {/sales, POST} route","service":"juman-backend-node","timestamp":"2026-08-08T08:26:21.376Z"}
{"channel":"application","context":"RouterExplorer","level":"info","message":"Mapped {/sales/:id/confirm, POST} route","service":"juman-backend-node","timestamp":"2026-08-08T08:26:21.376Z"}
{"channel":"application","context":"RouterExplorer","level":"info","message":"Mapped {/sales/:id/payment, POST} route","service":"juman-backend-node","timestamp":"2026-08-08T08:26:21.377Z"}
{"channel":"application","context":"RouterExplorer","level":"info","message":"Mapped {/sales/:id/complete, POST} route","service":"juman-backend-node","timestamp":"2026-08-08T08:26:21.377Z"}
{"channel":"application","context":"RouterExplorer","level":"info","message":"Mapped {/sales/:id/cancel, POST} route","service":"juman-backend-node","timestamp":"2026-08-08T08:26:21.377Z"}
{"channel":"application","context":"RoutesResolver","level":"info","message":"ReportsController {/reports}:","service":"juman-backend-node","timestamp":"2026-08-08T08:26:21.377Z"}
{"channel":"application","context":"RouterExplorer","level":"info","message":"Mapped {/reports/dashboard, GET} route","service":"juman-backend-node","timestamp":"2026-08-08T08:26:21.377Z"}
{"channel":"application","context":"RouterExplorer","level":"info","message":"Mapped {/reports/financial, GET} route","service":"juman-backend-node","timestamp":"2026-08-08T08:26:21.377Z"}
{"channel":"application","context":"RouterExplorer","level":"info","message":"Mapped {/reports/rentals/current, GET} route","service":"juman-backend-node","timestamp":"2026-08-08T08:26:21.377Z"}
{"channel":"application","context":"RouterExplorer","level":"info","message":"Mapped {/reports/rentals/overdue, GET} route","service":"juman-backend-node","timestamp":"2026-08-08T08:26:21.377Z"}
{"channel":"application","context":"RouterExplorer","level":"info","message":"Mapped {/reports/rentals/returns, GET} route","service":"juman-backend-node","timestamp":"2026-08-08T08:26:21.377Z"}
{"channel":"application","context":"RouterExplorer","level":"info","message":"Mapped {/reports/rentals/reservations, GET} route","service":"juman-backend-node","timestamp":"2026-08-08T08:26:21.378Z"}
{"channel":"application","context":"RouterExplorer","level":"info","message":"Mapped {/reports/rentals/history, GET} route","service":"juman-backend-node","timestamp":"2026-08-08T08:26:21.378Z"}
{"channel":"application","context":"RouterExplorer","level":"info","message":"Mapped {/reports/inventory/value, GET} route","service":"juman-backend-node","timestamp":"2026-08-08T08:26:21.378Z"}
{"channel":"application","context":"RouterExplorer","level":"info","message":"Mapped {/reports/inventory/availability, GET} route","service":"juman-backend-node","timestamp":"2026-08-08T08:26:21.378Z"}
{"channel":"application","context":"RouterExplorer","level":"info","message":"Mapped {/reports/inventory/category, GET} route","service":"juman-backend-node","timestamp":"2026-08-08T08:26:21.378Z"}
{"channel":"application","context":"RouterExplorer","level":"info","message":"Mapped {/reports/inventory/brand, GET} route","service":"juman-backend-node","timestamp":"2026-08-08T08:26:21.379Z"}
{"channel":"application","context":"RouterExplorer","level":"info","message":"Mapped {/reports/inventory/color, GET} route","service":"juman-backend-node","timestamp":"2026-08-08T08:26:21.379Z"}
{"channel":"application","context":"RouterExplorer","level":"info","message":"Mapped {/reports/inventory/size, GET} route","service":"juman-backend-node","timestamp":"2026-08-08T08:26:21.380Z"}
{"channel":"application","context":"RouterExplorer","level":"info","message":"Mapped {/reports/inventory/lifecycle, GET} route","service":"juman-backend-node","timestamp":"2026-08-08T08:26:21.381Z"}
{"channel":"application","context":"RouterExplorer","level":"info","message":"Mapped {/reports/inventory/retired, GET} route","service":"juman-backend-node","timestamp":"2026-08-08T08:26:21.381Z"}
{"channel":"application","context":"RouterExplorer","level":"info","message":"Mapped {/reports/inventory/maintenance, GET} route","service":"juman-backend-node","timestamp":"2026-08-08T08:26:21.381Z"}
{"channel":"application","context":"RouterExplorer","level":"info","message":"Mapped {/reports/customers/:id/rentals, GET} route","service":"juman-backend-node","timestamp":"2026-08-08T08:26:21.381Z"}
{"channel":"application","context":"RouterExplorer","level":"info","message":"Mapped {/reports/customers/:id/outstanding, GET} route","service":"juman-backend-node","timestamp":"2026-08-08T08:26:21.382Z"}
{"channel":"application","context":"RouterExplorer","level":"info","message":"Mapped {/reports/customers/:id/payments, GET} route","service":"juman-backend-node","timestamp":"2026-08-08T08:26:21.382Z"}
{"channel":"application","context":"RouterExplorer","level":"info","message":"Mapped {/reports/customers/:id/reservations, GET} route","service":"juman-backend-node","timestamp":"2026-08-08T08:26:21.382Z"}
{"channel":"application","context":"RouterExplorer","level":"info","message":"Mapped {/reports/export, GET} route","service":"juman-backend-node","timestamp":"2026-08-08T08:26:21.382Z"}
{"channel":"application","context":"RoutesResolver","level":"info","message":"HealthController {/health}:","service":"juman-backend-node","timestamp":"2026-08-08T08:26:21.382Z"}
{"channel":"application","context":"RouterExplorer","level":"info","message":"Mapped {/health, GET} route","service":"juman-backend-node","timestamp":"2026-08-08T08:26:21.383Z"}
{"channel":"application","context":"NestApplication","level":"info","message":"Nest application successfully started","service":"juman-backend-node","timestamp":"2026-08-08T08:26:21.383Z"}
{"channel":"startup","context":"Startup","level":"info","message":"Listening on http://127.0.0.1:8787","service":"juman-backend-node","timestamp":"2026-08-08T08:26:21.384Z"}
{"channel":"startup","context":"Startup","level":"info","message":"GET /health ready","service":"juman-backend-node","timestamp":"2026-08-08T08:26:21.384Z"}
{"channel":"startup","context":"Startup","dataDir":"C:\\Users\\moham\\Desktop\\juman","envCreated":false,"envFile":"C:\\Users\\moham\\Desktop\\juman\\config\\juman.env","environment":"development","host":"127.0.0.1","level":"info","message":"Juman Backend V2 starting","migrations":"applied","port":8787,"service":"juman-backend-node","timestamp":"2026-08-08T08:36:52.839Z","version":"2.0.0"}
{"channel":"startup","context":"Startup","level":"info","message":"SQLite PRAGMAs applied (foreign_keys, WAL, busy_timeout)","service":"juman-backend-node","timestamp":"2026-08-08T08:36:52.953Z"}
{"channel":"startup","context":"Startup","level":"info","message":"Prisma connected to SQLite","service":"juman-backend-node","timestamp":"2026-08-08T08:36:52.960Z"}
{"channel":"startup","context":"Startup","count":27,"level":"info","message":"App settings ensured","service":"juman-backend-node","timestamp":"2026-08-08T08:36:53.117Z"}
{"channel":"startup","context":"Startup","count":104,"level":"info","message":"RBAC permissions ensured","service":"juman-backend-node","timestamp":"2026-08-08T08:36:53.746Z"}
{"channel":"startup","context":"Startup","count":104,"level":"info","message":"RBAC permissions ensured","service":"juman-backend-node","timestamp":"2026-08-08T08:36:54.745Z"}
{"channel":"startup","context":"Startup","count":4,"level":"info","message":"RBAC system roles ensured","service":"juman-backend-node","timestamp":"2026-08-08T08:36:55.175Z"}
{"channel":"startup","context":"Startup","level":"info","message":"Administrator user already present","service":"juman-backend-node","timestamp":"2026-08-08T08:36:55.180Z","username":"admin"}
{"categories":3,"channel":"startup","context":"Startup","level":"info","message":"Demo seed skipped (categories already present)","service":"juman-backend-node","timestamp":"2026-08-08T08:36:55.184Z"}
{"channel":"startup","context":"Startup","customerId":"45c43439-599c-459d-85d9-5ad83caded3a","customerNumber":"WALK-IN","level":"info","message":"Walk-in customer ready","service":"juman-backend-node","timestamp":"2026-08-08T08:36:55.197Z"}
{"channel":"application","context":"NestFactory","level":"info","message":"Starting Nest application...","service":"juman-backend-node","timestamp":"2026-08-08T08:36:55.230Z"}
{"channel":"application","context":"InstanceLoader","level":"info","message":"LoggerModule dependencies initialized","service":"juman-backend-node","timestamp":"2026-08-08T08:36:55.231Z"}
{"channel":"application","context":"InstanceLoader","level":"info","message":"PassportModule dependencies initialized","service":"juman-backend-node","timestamp":"2026-08-08T08:36:55.232Z"}
{"channel":"application","context":"InstanceLoader","level":"info","message":"ConfigHostModule dependencies initialized","service":"juman-backend-node","timestamp":"2026-08-08T08:36:55.232Z"}
{"channel":"application","context":"InstanceLoader","level":"info","message":"ConfigModule dependencies initialized","service":"juman-backend-node","timestamp":"2026-08-08T08:36:55.233Z"}
{"channel":"application","context":"InstanceLoader","level":"info","message":"ConfigModule dependencies initialized","service":"juman-backend-node","timestamp":"2026-08-08T08:36:55.233Z"}
{"channel":"application","context":"InstanceLoader","level":"info","message":"PrismaModule dependencies initialized","service":"juman-backend-node","timestamp":"2026-08-08T08:36:55.233Z"}
{"channel":"application","context":"InstanceLoader","level":"info","message":"JwtModule dependencies initialized","service":"juman-backend-node","timestamp":"2026-08-08T08:36:55.234Z"}
{"channel":"application","context":"InstanceLoader","level":"info","message":"SettingsModule dependencies initialized","service":"juman-backend-node","timestamp":"2026-08-08T08:36:55.234Z"}
{"channel":"application","context":"InstanceLoader","level":"info","message":"AuditModule dependencies initialized","service":"juman-backend-node","timestamp":"2026-08-08T08:36:55.235Z"}
{"channel":"application","context":"InstanceLoader","level":"info","message":"PermissionsModule dependencies initialized","service":"juman-backend-node","timestamp":"2026-08-08T08:36:55.235Z"}
{"channel":"application","context":"InstanceLoader","level":"info","message":"UsersModule dependencies initialized","service":"juman-backend-node","timestamp":"2026-08-08T08:36:55.236Z"}
{"channel":"application","context":"InstanceLoader","level":"info","message":"SecurityModule dependencies initialized","service":"juman-backend-node","timestamp":"2026-08-08T08:36:55.236Z"}
{"channel":"application","context":"InstanceLoader","level":"info","message":"HealthModule dependencies initialized","service":"juman-backend-node","timestamp":"2026-08-08T08:36:55.236Z"}
{"channel":"application","context":"InstanceLoader","level":"info","message":"RolesModule dependencies initialized","service":"juman-backend-node","timestamp":"2026-08-08T08:36:55.236Z"}
{"channel":"application","context":"InstanceLoader","level":"info","message":"AppModule dependencies initialized","service":"juman-backend-node","timestamp":"2026-08-08T08:36:55.237Z"}
{"channel":"application","context":"InstanceLoader","level":"info","message":"AvailabilityModule dependencies initialized","service":"juman-backend-node","timestamp":"2026-08-08T08:36:55.237Z"}
{"channel":"application","context":"InstanceLoader","level":"info","message":"ReportsModule dependencies initialized","service":"juman-backend-node","timestamp":"2026-08-08T08:36:55.238Z"}
{"channel":"application","context":"InstanceLoader","level":"info","message":"MediaModule dependencies initialized","service":"juman-backend-node","timestamp":"2026-08-08T08:36:55.239Z"}
{"channel":"application","context":"InstanceLoader","level":"info","message":"BarcodeModule dependencies initialized","service":"juman-backend-node","timestamp":"2026-08-08T08:36:55.240Z"}
{"channel":"application","context":"InstanceLoader","level":"info","message":"CustomersModule dependencies initialized","service":"juman-backend-node","timestamp":"2026-08-08T08:36:55.241Z"}
{"channel":"application","context":"InstanceLoader","level":"info","message":"AuthModule dependencies initialized","service":"juman-backend-node","timestamp":"2026-08-08T08:36:55.242Z"}
{"channel":"application","context":"InstanceLoader","level":"info","message":"InventoryModule dependencies initialized","service":"juman-backend-node","timestamp":"2026-08-08T08:36:55.242Z"}
{"channel":"application","context":"InstanceLoader","level":"info","message":"FinanceModule dependencies initialized","service":"juman-backend-node","timestamp":"2026-08-08T08:36:55.243Z"}
{"channel":"application","context":"InstanceLoader","level":"info","message":"RentalsModule dependencies initialized","service":"juman-backend-node","timestamp":"2026-08-08T08:36:55.243Z"}
{"channel":"application","context":"InstanceLoader","level":"info","message":"SalesModule dependencies initialized","service":"juman-backend-node","timestamp":"2026-08-08T08:36:55.244Z"}
{"channel":"application","context":"InstanceLoader","level":"info","message":"ReservationsModule dependencies initialized","service":"juman-backend-node","timestamp":"2026-08-08T08:36:55.244Z"}
{"channel":"application","context":"RoutesResolver","level":"info","message":"MediaController {/media}:","service":"juman-backend-node","timestamp":"2026-08-08T08:36:55.244Z"}
{"channel":"application","context":"RouterExplorer","level":"info","message":"Mapped {/media, GET} route","service":"juman-backend-node","timestamp":"2026-08-08T08:36:55.245Z"}
{"channel":"application","context":"RouterExplorer","level":"info","message":"Mapped {/media/:id, GET} route","service":"juman-backend-node","timestamp":"2026-08-08T08:36:55.245Z"}
{"channel":"application","context":"RouterExplorer","level":"info","message":"Mapped {/media/:id/integrity, GET} route","service":"juman-backend-node","timestamp":"2026-08-08T08:36:55.245Z"}
{"channel":"application","context":"RouterExplorer","level":"info","message":"Mapped {/media, POST} route","service":"juman-backend-node","timestamp":"2026-08-08T08:36:55.246Z"}
{"channel":"application","context":"RouterExplorer","level":"info","message":"Mapped {/media/:id, DELETE} route","service":"juman-backend-node","timestamp":"2026-08-08T08:36:55.246Z"}
{"channel":"application","context":"RouterExplorer","level":"info","message":"Mapped {/media/:id/restore, POST} route","service":"juman-backend-node","timestamp":"2026-08-08T08:36:55.246Z"}
{"channel":"application","context":"RoutesResolver","level":"info","message":"BarcodeController {/barcodes}:","service":"juman-backend-node","timestamp":"2026-08-08T08:36:55.246Z"}
{"channel":"application","context":"RouterExplorer","level":"info","message":"Mapped {/barcodes, GET} route","service":"juman-backend-node","timestamp":"2026-08-08T08:36:55.247Z"}
{"channel":"application","context":"RouterExplorer","level":"info","message":"Mapped {/barcodes/:id, GET} route","service":"juman-backend-node","timestamp":"2026-08-08T08:36:55.247Z"}
{"channel":"application","context":"RouterExplorer","level":"info","message":"Mapped {/barcodes/generate, POST} route","service":"juman-backend-node","timestamp":"2026-08-08T08:36:55.247Z"}
{"channel":"application","context":"RouterExplorer","level":"info","message":"Mapped {/barcodes/validate, POST} route","service":"juman-backend-node","timestamp":"2026-08-08T08:36:55.247Z"}
{"channel":"application","context":"RouterExplorer","level":"info","message":"Mapped {/barcodes/reserve, POST} route","service":"juman-backend-node","timestamp":"2026-08-08T08:36:55.248Z"}
{"channel":"application","context":"RouterExplorer","level":"info","message":"Mapped {/barcodes/release, POST} route","service":"juman-backend-node","timestamp":"2026-08-08T08:36:55.248Z"}
{"channel":"application","context":"RouterExplorer","level":"info","message":"Mapped {/barcodes/retire, POST} route","service":"juman-backend-node","timestamp":"2026-08-08T08:36:55.248Z"}
{"channel":"application","context":"RoutesResolver","level":"info","message":"AuthController {/auth}:","service":"juman-backend-node","timestamp":"2026-08-08T08:36:55.249Z"}
{"channel":"application","context":"RouterExplorer","level":"info","message":"Mapped {/auth/login, POST} route","service":"juman-backend-node","timestamp":"2026-08-08T08:36:55.249Z"}
{"channel":"application","context":"RouterExplorer","level":"info","message":"Mapped {/auth/logout, POST} route","service":"juman-backend-node","timestamp":"2026-08-08T08:36:55.249Z"}
{"channel":"application","context":"RouterExplorer","level":"info","message":"Mapped {/auth/change-password, POST} route","service":"juman-backend-node","timestamp":"2026-08-08T08:36:55.250Z"}
{"channel":"application","context":"RouterExplorer","level":"info","message":"Mapped {/auth/admin/unlock, POST} route","service":"juman-backend-node","timestamp":"2026-08-08T08:36:55.250Z"}
{"channel":"application","context":"RouterExplorer","level":"info","message":"Mapped {/auth/session, GET} route","service":"juman-backend-node","timestamp":"2026-08-08T08:36:55.250Z"}
{"channel":"application","context":"RouterExplorer","level":"info","message":"Mapped {/auth/me, GET} route","service":"juman-backend-node","timestamp":"2026-08-08T08:36:55.251Z"}
{"channel":"application","context":"RoutesResolver","level":"info","message":"CustomersController {/customers}:","service":"juman-backend-node","timestamp":"2026-08-08T08:36:55.251Z"}
{"channel":"application","context":"RouterExplorer","level":"info","message":"Mapped {/customers, GET} route","service":"juman-backend-node","timestamp":"2026-08-08T08:36:55.251Z"}
{"channel":"application","context":"RouterExplorer","level":"info","message":"Mapped {/customers/search, GET} route","service":"juman-backend-node","timestamp":"2026-08-08T08:36:55.252Z"}
{"channel":"application","context":"RouterExplorer","level":"info","message":"Mapped {/customers/number/:customerNumber, GET} route","service":"juman-backend-node","timestamp":"2026-08-08T08:36:55.252Z"}
{"channel":"application","context":"RouterExplorer","level":"info","message":"Mapped {/customers/:id, GET} route","service":"juman-backend-node","timestamp":"2026-08-08T08:36:55.252Z"}
{"channel":"application","context":"RouterExplorer","level":"info","message":"Mapped {/customers, POST} route","service":"juman-backend-node","timestamp":"2026-08-08T08:36:55.252Z"}
{"channel":"application","context":"RouterExplorer","level":"info","message":"Mapped {/customers/:id, PATCH} route","service":"juman-backend-node","timestamp":"2026-08-08T08:36:55.253Z"}
{"channel":"application","context":"RouterExplorer","level":"info","message":"Mapped {/customers/:id, DELETE} route","service":"juman-backend-node","timestamp":"2026-08-08T08:36:55.253Z"}
{"channel":"application","context":"RouterExplorer","level":"info","message":"Mapped {/customers/:id/restore, POST} route","service":"juman-backend-node","timestamp":"2026-08-08T08:36:55.253Z"}
{"channel":"application","context":"RoutesResolver","level":"info","message":"CategoriesController {/categories}:","service":"juman-backend-node","timestamp":"2026-08-08T08:36:55.254Z"}
{"channel":"application","context":"RouterExplorer","level":"info","message":"Mapped {/categories, GET} route","service":"juman-backend-node","timestamp":"2026-08-08T08:36:55.254Z"}
{"channel":"application","context":"RouterExplorer","level":"info","message":"Mapped {/categories/:id, GET} route","service":"juman-backend-node","timestamp":"2026-08-08T08:36:55.254Z"}
{"channel":"application","context":"RouterExplorer","level":"info","message":"Mapped {/categories, POST} route","service":"juman-backend-node","timestamp":"2026-08-08T08:36:55.255Z"}
{"channel":"application","context":"RouterExplorer","level":"info","message":"Mapped {/categories/:id, PATCH} route","service":"juman-backend-node","timestamp":"2026-08-08T08:36:55.256Z"}
{"channel":"application","context":"RouterExplorer","level":"info","message":"Mapped {/categories/:id, DELETE} route","service":"juman-backend-node","timestamp":"2026-08-08T08:36:55.256Z"}
{"channel":"application","context":"RouterExplorer","level":"info","message":"Mapped {/categories/:id/restore, POST} route","service":"juman-backend-node","timestamp":"2026-08-08T08:36:55.257Z"}
{"channel":"application","context":"RoutesResolver","level":"info","message":"BrandsController {/brands}:","service":"juman-backend-node","timestamp":"2026-08-08T08:36:55.258Z"}
{"channel":"application","context":"RouterExplorer","level":"info","message":"Mapped {/brands, GET} route","service":"juman-backend-node","timestamp":"2026-08-08T08:36:55.259Z"}
{"channel":"application","context":"RouterExplorer","level":"info","message":"Mapped {/brands/:id, GET} route","service":"juman-backend-node","timestamp":"2026-08-08T08:36:55.259Z"}
{"channel":"application","context":"RouterExplorer","level":"info","message":"Mapped {/brands, POST} route","service":"juman-backend-node","timestamp":"2026-08-08T08:36:55.260Z"}
{"channel":"application","context":"RouterExplorer","level":"info","message":"Mapped {/brands/:id, PATCH} route","service":"juman-backend-node","timestamp":"2026-08-08T08:36:55.260Z"}
{"channel":"application","context":"RouterExplorer","level":"info","message":"Mapped {/brands/:id, DELETE} route","service":"juman-backend-node","timestamp":"2026-08-08T08:36:55.260Z"}
{"channel":"application","context":"RouterExplorer","level":"info","message":"Mapped {/brands/:id/restore, POST} route","service":"juman-backend-node","timestamp":"2026-08-08T08:36:55.261Z"}
{"channel":"application","context":"RoutesResolver","level":"info","message":"ColorsController {/colors}:","service":"juman-backend-node","timestamp":"2026-08-08T08:36:55.261Z"}
{"channel":"application","context":"RouterExplorer","level":"info","message":"Mapped {/colors, GET} route","service":"juman-backend-node","timestamp":"2026-08-08T08:36:55.261Z"}
{"channel":"application","context":"RouterExplorer","level":"info","message":"Mapped {/colors/:id, GET} route","service":"juman-backend-node","timestamp":"2026-08-08T08:36:55.262Z"}
{"channel":"application","context":"RouterExplorer","level":"info","message":"Mapped {/colors, POST} route","service":"juman-backend-node","timestamp":"2026-08-08T08:36:55.262Z"}
{"channel":"application","context":"RouterExplorer","level":"info","message":"Mapped {/colors/:id, PATCH} route","service":"juman-backend-node","timestamp":"2026-08-08T08:36:55.263Z"}
{"channel":"application","context":"RouterExplorer","level":"info","message":"Mapped {/colors/:id, DELETE} route","service":"juman-backend-node","timestamp":"2026-08-08T08:36:55.264Z"}
{"channel":"application","context":"RouterExplorer","level":"info","message":"Mapped {/colors/:id/restore, POST} route","service":"juman-backend-node","timestamp":"2026-08-08T08:36:55.264Z"}
{"channel":"application","context":"RoutesResolver","level":"info","message":"SizesController {/sizes}:","service":"juman-backend-node","timestamp":"2026-08-08T08:36:55.264Z"}
{"channel":"application","context":"RouterExplorer","level":"info","message":"Mapped {/sizes, GET} route","service":"juman-backend-node","timestamp":"2026-08-08T08:36:55.265Z"}
{"channel":"application","context":"RouterExplorer","level":"info","message":"Mapped {/sizes/:id, GET} route","service":"juman-backend-node","timestamp":"2026-08-08T08:36:55.265Z"}
{"channel":"application","context":"RouterExplorer","level":"info","message":"Mapped {/sizes, POST} route","service":"juman-backend-node","timestamp":"2026-08-08T08:36:55.265Z"}
{"channel":"application","context":"RouterExplorer","level":"info","message":"Mapped {/sizes/:id, PATCH} route","service":"juman-backend-node","timestamp":"2026-08-08T08:36:55.265Z"}
{"channel":"application","context":"RouterExplorer","level":"info","message":"Mapped {/sizes/:id, DELETE} route","service":"juman-backend-node","timestamp":"2026-08-08T08:36:55.266Z"}
{"channel":"application","context":"RouterExplorer","level":"info","message":"Mapped {/sizes/:id/restore, POST} route","service":"juman-backend-node","timestamp":"2026-08-08T08:36:55.266Z"}
{"channel":"application","context":"RoutesResolver","level":"info","message":"LifecycleController {/items}:","service":"juman-backend-node","timestamp":"2026-08-08T08:36:55.266Z"}
{"channel":"application","context":"RouterExplorer","level":"info","message":"Mapped {/items/:id/state, GET} route","service":"juman-backend-node","timestamp":"2026-08-08T08:36:55.267Z"}
{"channel":"application","context":"RouterExplorer","level":"info","message":"Mapped {/items/:id/history, GET} route","service":"juman-backend-node","timestamp":"2026-08-08T08:36:55.267Z"}
{"channel":"application","context":"RouterExplorer","level":"info","message":"Mapped {/items/:id/transition, POST} route","service":"juman-backend-node","timestamp":"2026-08-08T08:36:55.267Z"}
{"channel":"application","context":"RoutesResolver","level":"info","message":"ItemsController {/items}:","service":"juman-backend-node","timestamp":"2026-08-08T08:36:55.267Z"}
{"channel":"application","context":"RouterExplorer","level":"info","message":"Mapped {/items, GET} route","service":"juman-backend-node","timestamp":"2026-08-08T08:36:55.268Z"}
{"channel":"application","context":"RouterExplorer","level":"info","message":"Mapped {/items/search, GET} route","service":"juman-backend-node","timestamp":"2026-08-08T08:36:55.268Z"}
{"channel":"application","context":"RouterExplorer","level":"info","message":"Mapped {/items/code/:internalCode, GET} route","service":"juman-backend-node","timestamp":"2026-08-08T08:36:55.269Z"}
{"channel":"application","context":"RouterExplorer","level":"info","message":"Mapped {/items/:id, GET} route","service":"juman-backend-node","timestamp":"2026-08-08T08:36:55.269Z"}
{"channel":"application","context":"RouterExplorer","level":"info","message":"Mapped {/items, POST} route","service":"juman-backend-node","timestamp":"2026-08-08T08:36:55.270Z"}
{"channel":"application","context":"RouterExplorer","level":"info","message":"Mapped {/items/:id, PATCH} route","service":"juman-backend-node","timestamp":"2026-08-08T08:36:55.270Z"}
{"channel":"application","context":"RouterExplorer","level":"info","message":"Mapped {/items/:id, DELETE} route","service":"juman-backend-node","timestamp":"2026-08-08T08:36:55.270Z"}
{"channel":"application","context":"RouterExplorer","level":"info","message":"Mapped {/items/:id/restore, POST} route","service":"juman-backend-node","timestamp":"2026-08-08T08:36:55.271Z"}
{"channel":"application","context":"RouterExplorer","level":"info","message":"Mapped {/items/:id/media, POST} route","service":"juman-backend-node","timestamp":"2026-08-08T08:36:55.272Z"}
{"channel":"application","context":"RoutesResolver","level":"info","message":"AvailabilityController {/availability}:","service":"juman-backend-node","timestamp":"2026-08-08T08:36:55.272Z"}
{"channel":"application","context":"RouterExplorer","level":"info","message":"Mapped {/availability, GET} route","service":"juman-backend-node","timestamp":"2026-08-08T08:36:55.273Z"}
{"channel":"application","context":"RouterExplorer","level":"info","message":"Mapped {/availability/calendar, GET} route","service":"juman-backend-node","timestamp":"2026-08-08T08:36:55.274Z"}
{"channel":"application","context":"RouterExplorer","level":"info","message":"Mapped {/availability/item/:id, GET} route","service":"juman-backend-node","timestamp":"2026-08-08T08:36:55.275Z"}
{"channel":"application","context":"RoutesResolver","level":"info","message":"FinanceController {/finance}:","service":"juman-backend-node","timestamp":"2026-08-08T08:36:55.275Z"}
{"channel":"application","context":"RouterExplorer","level":"info","message":"Mapped {/finance/accounts, GET} route","service":"juman-backend-node","timestamp":"2026-08-08T08:36:55.276Z"}
{"channel":"application","context":"RouterExplorer","level":"info","message":"Mapped {/finance/transactions, GET} route","service":"juman-backend-node","timestamp":"2026-08-08T08:36:55.276Z"}
{"channel":"application","context":"RouterExplorer","level":"info","message":"Mapped {/finance/payments, GET} route","service":"juman-backend-node","timestamp":"2026-08-08T08:36:55.277Z"}
{"channel":"application","context":"RouterExplorer","level":"info","message":"Mapped {/finance/payments, POST} route","service":"juman-backend-node","timestamp":"2026-08-08T08:36:55.278Z"}
{"channel":"application","context":"RouterExplorer","level":"info","message":"Mapped {/finance/outstanding, GET} route","service":"juman-backend-node","timestamp":"2026-08-08T08:36:55.279Z"}
{"channel":"application","context":"RoutesResolver","level":"info","message":"SettlementController {/settlements}:","service":"juman-backend-node","timestamp":"2026-08-08T08:36:55.279Z"}
{"channel":"application","context":"RouterExplorer","level":"info","message":"Mapped {/settlements, GET} route","service":"juman-backend-node","timestamp":"2026-08-08T08:36:55.279Z"}
{"channel":"application","context":"RouterExplorer","level":"info","message":"Mapped {/settlements/:id, GET} route","service":"juman-backend-node","timestamp":"2026-08-08T08:36:55.280Z"}
{"channel":"application","context":"RouterExplorer","level":"info","message":"Mapped {/settlements/:id/payment, POST} route","service":"juman-backend-node","timestamp":"2026-08-08T08:36:55.280Z"}
{"channel":"application","context":"RouterExplorer","level":"info","message":"Mapped {/settlements/:id/refund, POST} route","service":"juman-backend-node","timestamp":"2026-08-08T08:36:55.280Z"}
{"channel":"application","context":"RouterExplorer","level":"info","message":"Mapped {/settlements/:id/adjustment, POST} route","service":"juman-backend-node","timestamp":"2026-08-08T08:36:55.281Z"}
{"channel":"application","context":"RouterExplorer","level":"info","message":"Mapped {/settlements/:id/discount, POST} route","service":"juman-backend-node","timestamp":"2026-08-08T08:36:55.281Z"}
{"channel":"application","context":"RouterExplorer","level":"info","message":"Mapped {/settlements/:id/late-fee, POST} route","service":"juman-backend-node","timestamp":"2026-08-08T08:36:55.281Z"}
{"channel":"application","context":"RouterExplorer","level":"info","message":"Mapped {/settlements/:id/close, POST} route","service":"juman-backend-node","timestamp":"2026-08-08T08:36:55.282Z"}
{"channel":"application","context":"RouterExplorer","level":"info","message":"Mapped {/settlements/:id/cancel, POST} route","service":"juman-backend-node","timestamp":"2026-08-08T08:36:55.282Z"}
{"channel":"application","context":"RoutesResolver","level":"info","message":"RentalsController {/rentals}:","service":"juman-backend-node","timestamp":"2026-08-08T08:36:55.282Z"}
{"channel":"application","context":"RouterExplorer","level":"info","message":"Mapped {/rentals, GET} route","service":"juman-backend-node","timestamp":"2026-08-08T08:36:55.283Z"}
{"channel":"application","context":"RouterExplorer","level":"info","message":"Mapped {/rentals/:id/audit, GET} route","service":"juman-backend-node","timestamp":"2026-08-08T08:36:55.283Z"}
{"channel":"application","context":"RouterExplorer","level":"info","message":"Mapped {/rentals/:id, GET} route","service":"juman-backend-node","timestamp":"2026-08-08T08:36:55.284Z"}
{"channel":"application","context":"RouterExplorer","level":"info","message":"Mapped {/rentals, POST} route","service":"juman-backend-node","timestamp":"2026-08-08T08:36:55.284Z"}
{"channel":"application","context":"RouterExplorer","level":"info","message":"Mapped {/rentals/:id/notes, POST} route","service":"juman-backend-node","timestamp":"2026-08-08T08:36:55.284Z"}
{"channel":"application","context":"RouterExplorer","level":"info","message":"Mapped {/rentals/:id, PATCH} route","service":"juman-backend-node","timestamp":"2026-08-08T08:36:55.285Z"}
{"channel":"application","context":"RouterExplorer","level":"info","message":"Mapped {/rentals/:id/checkout, POST} route","service":"juman-backend-node","timestamp":"2026-08-08T08:36:55.285Z"}
{"channel":"application","context":"RouterExplorer","level":"info","message":"Mapped {/rentals/:id/return, POST} route","service":"juman-backend-node","timestamp":"2026-08-08T08:36:55.285Z"}
{"channel":"application","context":"RouterExplorer","level":"info","message":"Mapped {/rentals/:id/complete, POST} route","service":"juman-backend-node","timestamp":"2026-08-08T08:36:55.286Z"}
{"channel":"application","context":"RouterExplorer","level":"info","message":"Mapped {/rentals/:id/cancel, POST} route","service":"juman-backend-node","timestamp":"2026-08-08T08:36:55.286Z"}
{"channel":"application","context":"RoutesResolver","level":"info","message":"ReservationsController {/reservations}:","service":"juman-backend-node","timestamp":"2026-08-08T08:36:55.286Z"}
{"channel":"application","context":"RouterExplorer","level":"info","message":"Mapped {/reservations, GET} route","service":"juman-backend-node","timestamp":"2026-08-08T08:36:55.287Z"}
{"channel":"application","context":"RouterExplorer","level":"info","message":"Mapped {/reservations/:id, GET} route","service":"juman-backend-node","timestamp":"2026-08-08T08:36:55.287Z"}
{"channel":"application","context":"RouterExplorer","level":"info","message":"Mapped {/reservations, POST} route","service":"juman-backend-node","timestamp":"2026-08-08T08:36:55.287Z"}
{"channel":"application","context":"RouterExplorer","level":"info","message":"Mapped {/reservations/:id/checkout, POST} route","service":"juman-backend-node","timestamp":"2026-08-08T08:36:55.288Z"}
{"channel":"application","context":"RouterExplorer","level":"info","message":"Mapped {/reservations/:id/cancel, POST} route","service":"juman-backend-node","timestamp":"2026-08-08T08:36:55.289Z"}
{"channel":"application","context":"RouterExplorer","level":"info","message":"Mapped {/reservations/:id/expire, POST} route","service":"juman-backend-node","timestamp":"2026-08-08T08:36:55.291Z"}
{"channel":"application","context":"RoutesResolver","level":"info","message":"SalesController {/sales}:","service":"juman-backend-node","timestamp":"2026-08-08T08:36:55.291Z"}
{"channel":"application","context":"RouterExplorer","level":"info","message":"Mapped {/sales, GET} route","service":"juman-backend-node","timestamp":"2026-08-08T08:36:55.292Z"}
{"channel":"application","context":"RouterExplorer","level":"info","message":"Mapped {/sales/:id/history, GET} route","service":"juman-backend-node","timestamp":"2026-08-08T08:36:55.293Z"}
{"channel":"application","context":"RouterExplorer","level":"info","message":"Mapped {/sales/:id, GET} route","service":"juman-backend-node","timestamp":"2026-08-08T08:36:55.293Z"}
{"channel":"application","context":"RouterExplorer","level":"info","message":"Mapped {/sales, POST} route","service":"juman-backend-node","timestamp":"2026-08-08T08:36:55.294Z"}
{"channel":"application","context":"RouterExplorer","level":"info","message":"Mapped {/sales/:id/confirm, POST} route","service":"juman-backend-node","timestamp":"2026-08-08T08:36:55.295Z"}
{"channel":"application","context":"RouterExplorer","level":"info","message":"Mapped {/sales/:id/payment, POST} route","service":"juman-backend-node","timestamp":"2026-08-08T08:36:55.296Z"}
{"channel":"application","context":"RouterExplorer","level":"info","message":"Mapped {/sales/:id/complete, POST} route","service":"juman-backend-node","timestamp":"2026-08-08T08:36:55.296Z"}
{"channel":"application","context":"RouterExplorer","level":"info","message":"Mapped {/sales/:id/cancel, POST} route","service":"juman-backend-node","timestamp":"2026-08-08T08:36:55.297Z"}
{"channel":"application","context":"RoutesResolver","level":"info","message":"ReportsController {/reports}:","service":"juman-backend-node","timestamp":"2026-08-08T08:36:55.297Z"}
{"channel":"application","context":"RouterExplorer","level":"info","message":"Mapped {/reports/dashboard, GET} route","service":"juman-backend-node","timestamp":"2026-08-08T08:36:55.297Z"}
{"channel":"application","context":"RouterExplorer","level":"info","message":"Mapped {/reports/financial, GET} route","service":"juman-backend-node","timestamp":"2026-08-08T08:36:55.298Z"}
{"channel":"application","context":"RouterExplorer","level":"info","message":"Mapped {/reports/rentals/current, GET} route","service":"juman-backend-node","timestamp":"2026-08-08T08:36:55.298Z"}
{"channel":"application","context":"RouterExplorer","level":"info","message":"Mapped {/reports/rentals/overdue, GET} route","service":"juman-backend-node","timestamp":"2026-08-08T08:36:55.298Z"}
{"channel":"application","context":"RouterExplorer","level":"info","message":"Mapped {/reports/rentals/returns, GET} route","service":"juman-backend-node","timestamp":"2026-08-08T08:36:55.298Z"}
{"channel":"application","context":"RouterExplorer","level":"info","message":"Mapped {/reports/rentals/reservations, GET} route","service":"juman-backend-node","timestamp":"2026-08-08T08:36:55.299Z"}
{"channel":"application","context":"RouterExplorer","level":"info","message":"Mapped {/reports/rentals/history, GET} route","service":"juman-backend-node","timestamp":"2026-08-08T08:36:55.299Z"}
{"channel":"application","context":"RouterExplorer","level":"info","message":"Mapped {/reports/inventory/value, GET} route","service":"juman-backend-node","timestamp":"2026-08-08T08:36:55.300Z"}
{"channel":"application","context":"RouterExplorer","level":"info","message":"Mapped {/reports/inventory/availability, GET} route","service":"juman-backend-node","timestamp":"2026-08-08T08:36:55.300Z"}
{"channel":"application","context":"RouterExplorer","level":"info","message":"Mapped {/reports/inventory/category, GET} route","service":"juman-backend-node","timestamp":"2026-08-08T08:36:55.300Z"}
{"channel":"application","context":"RouterExplorer","level":"info","message":"Mapped {/reports/inventory/brand, GET} route","service":"juman-backend-node","timestamp":"2026-08-08T08:36:55.301Z"}
{"channel":"application","context":"RouterExplorer","level":"info","message":"Mapped {/reports/inventory/color, GET} route","service":"juman-backend-node","timestamp":"2026-08-08T08:36:55.301Z"}
{"channel":"application","context":"RouterExplorer","level":"info","message":"Mapped {/reports/inventory/size, GET} route","service":"juman-backend-node","timestamp":"2026-08-08T08:36:55.301Z"}
{"channel":"application","context":"RouterExplorer","level":"info","message":"Mapped {/reports/inventory/lifecycle, GET} route","service":"juman-backend-node","timestamp":"2026-08-08T08:36:55.302Z"}
{"channel":"application","context":"RouterExplorer","level":"info","message":"Mapped {/reports/inventory/retired, GET} route","service":"juman-backend-node","timestamp":"2026-08-08T08:36:55.302Z"}
{"channel":"application","context":"RouterExplorer","level":"info","message":"Mapped {/reports/inventory/maintenance, GET} route","service":"juman-backend-node","timestamp":"2026-08-08T08:36:55.302Z"}
{"channel":"application","context":"RouterExplorer","level":"info","message":"Mapped {/reports/customers/:id/rentals, GET} route","service":"juman-backend-node","timestamp":"2026-08-08T08:36:55.302Z"}
{"channel":"application","context":"RouterExplorer","level":"info","message":"Mapped {/reports/customers/:id/outstanding, GET} route","service":"juman-backend-node","timestamp":"2026-08-08T08:36:55.302Z"}
{"channel":"application","context":"RouterExplorer","level":"info","message":"Mapped {/reports/customers/:id/payments, GET} route","service":"juman-backend-node","timestamp":"2026-08-08T08:36:55.303Z"}
{"channel":"application","context":"RouterExplorer","level":"info","message":"Mapped {/reports/customers/:id/reservations, GET} route","service":"juman-backend-node","timestamp":"2026-08-08T08:36:55.303Z"}
{"channel":"application","context":"RouterExplorer","level":"info","message":"Mapped {/reports/export, GET} route","service":"juman-backend-node","timestamp":"2026-08-08T08:36:55.303Z"}
{"channel":"application","context":"RoutesResolver","level":"info","message":"HealthController {/health}:","service":"juman-backend-node","timestamp":"2026-08-08T08:36:55.303Z"}
{"channel":"application","context":"RouterExplorer","level":"info","message":"Mapped {/health, GET} route","service":"juman-backend-node","timestamp":"2026-08-08T08:36:55.304Z"}
{"channel":"application","context":"NestApplication","level":"info","message":"Nest application successfully started","service":"juman-backend-node","timestamp":"2026-08-08T08:36:55.304Z"}
{"channel":"startup","context":"Startup","level":"info","message":"Listening on http://127.0.0.1:8787","service":"juman-backend-node","timestamp":"2026-08-08T08:36:55.309Z"}
{"channel":"startup","context":"Startup","level":"info","message":"GET /health ready","service":"juman-backend-node","timestamp":"2026-08-08T08:36:55.310Z"}
{"channel":"startup","context":"Startup","level":"info","message":"Graceful shutdown (SIGINT)","service":"juman-backend-node","timestamp":"2026-08-08T09:25:21.566Z"}
{"channel":"startup","context":"Startup","level":"info","message":"Prisma disconnected","service":"juman-backend-node","timestamp":"2026-08-08T09:25:21.674Z"}
{"channel":"startup","context":"Startup","dataDir":"C:\\Users\\moham\\Desktop\\juman","envCreated":false,"envFile":"C:\\Users\\moham\\Desktop\\juman\\config\\juman.env","environment":"development","host":"127.0.0.1","level":"info","message":"Juman Backend V2 starting","migrations":"applied","port":8787,"service":"juman-backend-node","timestamp":"2026-08-08T10:35:39.934Z","version":"2.0.0"}
{"channel":"startup","context":"Startup","level":"info","message":"SQLite PRAGMAs applied (foreign_keys, WAL, busy_timeout)","service":"juman-backend-node","timestamp":"2026-08-08T10:35:40.023Z"}
{"channel":"startup","context":"Startup","level":"info","message":"Prisma connected to SQLite","service":"juman-backend-node","timestamp":"2026-08-08T10:35:40.026Z"}
{"channel":"startup","context":"Startup","count":27,"level":"info","message":"App settings ensured","service":"juman-backend-node","timestamp":"2026-08-08T10:35:40.138Z"}
{"channel":"startup","context":"Startup","count":104,"level":"info","message":"RBAC permissions ensured","service":"juman-backend-node","timestamp":"2026-08-08T10:35:40.479Z"}
{"channel":"startup","context":"Startup","count":104,"level":"info","message":"RBAC permissions ensured","service":"juman-backend-node","timestamp":"2026-08-08T10:35:40.767Z"}
{"channel":"startup","context":"Startup","count":4,"level":"info","message":"RBAC system roles ensured","service":"juman-backend-node","timestamp":"2026-08-08T10:35:41.134Z"}
{"channel":"startup","context":"Startup","level":"info","message":"Administrator user already present","service":"juman-backend-node","timestamp":"2026-08-08T10:35:41.141Z","username":"admin"}
{"categories":3,"channel":"startup","context":"Startup","level":"info","message":"Demo seed skipped (categories already present)","service":"juman-backend-node","timestamp":"2026-08-08T10:35:41.146Z"}
{"channel":"startup","context":"Startup","customerId":"45c43439-599c-459d-85d9-5ad83caded3a","customerNumber":"WALK-IN","level":"info","message":"Walk-in customer ready","service":"juman-backend-node","timestamp":"2026-08-08T10:35:41.157Z"}
{"channel":"application","context":"NestFactory","level":"info","message":"Starting Nest application...","service":"juman-backend-node","timestamp":"2026-08-08T10:35:41.186Z"}
{"channel":"application","context":"InstanceLoader","level":"info","message":"LoggerModule dependencies initialized","service":"juman-backend-node","timestamp":"2026-08-08T10:35:41.187Z"}
{"channel":"application","context":"InstanceLoader","level":"info","message":"PassportModule dependencies initialized","service":"juman-backend-node","timestamp":"2026-08-08T10:35:41.189Z"}
{"channel":"application","context":"InstanceLoader","level":"info","message":"ConfigHostModule dependencies initialized","service":"juman-backend-node","timestamp":"2026-08-08T10:35:41.189Z"}
{"channel":"application","context":"InstanceLoader","level":"info","message":"ConfigModule dependencies initialized","service":"juman-backend-node","timestamp":"2026-08-08T10:35:41.190Z"}
{"channel":"application","context":"InstanceLoader","level":"info","message":"ConfigModule dependencies initialized","service":"juman-backend-node","timestamp":"2026-08-08T10:35:41.191Z"}
{"channel":"application","context":"InstanceLoader","level":"info","message":"PrismaModule dependencies initialized","service":"juman-backend-node","timestamp":"2026-08-08T10:35:41.191Z"}
{"channel":"application","context":"InstanceLoader","level":"info","message":"JwtModule dependencies initialized","service":"juman-backend-node","timestamp":"2026-08-08T10:35:41.192Z"}
{"channel":"application","context":"InstanceLoader","level":"info","message":"SettingsModule dependencies initialized","service":"juman-backend-node","timestamp":"2026-08-08T10:35:41.193Z"}
{"channel":"application","context":"InstanceLoader","level":"info","message":"AuditModule dependencies initialized","service":"juman-backend-node","timestamp":"2026-08-08T10:35:41.193Z"}
{"channel":"application","context":"InstanceLoader","level":"info","message":"PermissionsModule dependencies initialized","service":"juman-backend-node","timestamp":"2026-08-08T10:35:41.194Z"}
{"channel":"application","context":"InstanceLoader","level":"info","message":"UsersModule dependencies initialized","service":"juman-backend-node","timestamp":"2026-08-08T10:35:41.194Z"}
{"channel":"application","context":"InstanceLoader","level":"info","message":"SecurityModule dependencies initialized","service":"juman-backend-node","timestamp":"2026-08-08T10:35:41.195Z"}
{"channel":"application","context":"InstanceLoader","level":"info","message":"HealthModule dependencies initialized","service":"juman-backend-node","timestamp":"2026-08-08T10:35:41.195Z"}
{"channel":"application","context":"InstanceLoader","level":"info","message":"RolesModule dependencies initialized","service":"juman-backend-node","timestamp":"2026-08-08T10:35:41.196Z"}
{"channel":"application","context":"InstanceLoader","level":"info","message":"AppModule dependencies initialized","service":"juman-backend-node","timestamp":"2026-08-08T10:35:41.196Z"}
{"channel":"application","context":"InstanceLoader","level":"info","message":"AvailabilityModule dependencies initialized","service":"juman-backend-node","timestamp":"2026-08-08T10:35:41.196Z"}
{"channel":"application","context":"InstanceLoader","level":"info","message":"ReportsModule dependencies initialized","service":"juman-backend-node","timestamp":"2026-08-08T10:35:41.197Z"}
{"channel":"application","context":"InstanceLoader","level":"info","message":"MediaModule dependencies initialized","service":"juman-backend-node","timestamp":"2026-08-08T10:35:41.197Z"}
{"channel":"application","context":"InstanceLoader","level":"info","message":"BarcodeModule dependencies initialized","service":"juman-backend-node","timestamp":"2026-08-08T10:35:41.198Z"}
{"channel":"application","context":"InstanceLoader","level":"info","message":"CustomersModule dependencies initialized","service":"juman-backend-node","timestamp":"2026-08-08T10:35:41.198Z"}
{"channel":"application","context":"InstanceLoader","level":"info","message":"AuthModule dependencies initialized","service":"juman-backend-node","timestamp":"2026-08-08T10:35:41.199Z"}
{"channel":"application","context":"InstanceLoader","level":"info","message":"InventoryModule dependencies initialized","service":"juman-backend-node","timestamp":"2026-08-08T10:35:41.199Z"}
{"channel":"application","context":"InstanceLoader","level":"info","message":"FinanceModule dependencies initialized","service":"juman-backend-node","timestamp":"2026-08-08T10:35:41.200Z"}
{"channel":"application","context":"InstanceLoader","level":"info","message":"RentalsModule dependencies initialized","service":"juman-backend-node","timestamp":"2026-08-08T10:35:41.200Z"}
{"channel":"application","context":"InstanceLoader","level":"info","message":"SalesModule dependencies initialized","service":"juman-backend-node","timestamp":"2026-08-08T10:35:41.201Z"}
{"channel":"application","context":"InstanceLoader","level":"info","message":"ReservationsModule dependencies initialized","service":"juman-backend-node","timestamp":"2026-08-08T10:35:41.201Z"}
{"channel":"application","context":"RoutesResolver","level":"info","message":"MediaController {/media}:","service":"juman-backend-node","timestamp":"2026-08-08T10:35:41.202Z"}
{"channel":"application","context":"RouterExplorer","level":"info","message":"Mapped {/media, GET} route","service":"juman-backend-node","timestamp":"2026-08-08T10:35:41.202Z"}
{"channel":"application","context":"RouterExplorer","level":"info","message":"Mapped {/media/:id, GET} route","service":"juman-backend-node","timestamp":"2026-08-08T10:35:41.203Z"}
{"channel":"application","context":"RouterExplorer","level":"info","message":"Mapped {/media/:id/integrity, GET} route","service":"juman-backend-node","timestamp":"2026-08-08T10:35:41.204Z"}
{"channel":"application","context":"RouterExplorer","level":"info","message":"Mapped {/media, POST} route","service":"juman-backend-node","timestamp":"2026-08-08T10:35:41.205Z"}
{"channel":"application","context":"RouterExplorer","level":"info","message":"Mapped {/media/:id, DELETE} route","service":"juman-backend-node","timestamp":"2026-08-08T10:35:41.205Z"}
{"channel":"application","context":"RouterExplorer","level":"info","message":"Mapped {/media/:id/restore, POST} route","service":"juman-backend-node","timestamp":"2026-08-08T10:35:41.206Z"}
{"channel":"application","context":"RoutesResolver","level":"info","message":"BarcodeController {/barcodes}:","service":"juman-backend-node","timestamp":"2026-08-08T10:35:41.206Z"}
{"channel":"application","context":"RouterExplorer","level":"info","message":"Mapped {/barcodes, GET} route","service":"juman-backend-node","timestamp":"2026-08-08T10:35:41.207Z"}
{"channel":"application","context":"RouterExplorer","level":"info","message":"Mapped {/barcodes/:id, GET} route","service":"juman-backend-node","timestamp":"2026-08-08T10:35:41.207Z"}
{"channel":"application","context":"RouterExplorer","level":"info","message":"Mapped {/barcodes/generate, POST} route","service":"juman-backend-node","timestamp":"2026-08-08T10:35:41.207Z"}
{"channel":"application","context":"RouterExplorer","level":"info","message":"Mapped {/barcodes/validate, POST} route","service":"juman-backend-node","timestamp":"2026-08-08T10:35:41.208Z"}
{"channel":"application","context":"RouterExplorer","level":"info","message":"Mapped {/barcodes/reserve, POST} route","service":"juman-backend-node","timestamp":"2026-08-08T10:35:41.208Z"}
{"channel":"application","context":"RouterExplorer","level":"info","message":"Mapped {/barcodes/release, POST} route","service":"juman-backend-node","timestamp":"2026-08-08T10:35:41.208Z"}
{"channel":"application","context":"RouterExplorer","level":"info","message":"Mapped {/barcodes/retire, POST} route","service":"juman-backend-node","timestamp":"2026-08-08T10:35:41.209Z"}
{"channel":"application","context":"RoutesResolver","level":"info","message":"AuthController {/auth}:","service":"juman-backend-node","timestamp":"2026-08-08T10:35:41.209Z"}
{"channel":"application","context":"RouterExplorer","level":"info","message":"Mapped {/auth/login, POST} route","service":"juman-backend-node","timestamp":"2026-08-08T10:35:41.209Z"}
{"channel":"application","context":"RouterExplorer","level":"info","message":"Mapped {/auth/logout, POST} route","service":"juman-backend-node","timestamp":"2026-08-08T10:35:41.209Z"}
{"channel":"application","context":"RouterExplorer","level":"info","message":"Mapped {/auth/change-password, POST} route","service":"juman-backend-node","timestamp":"2026-08-08T10:35:41.210Z"}
{"channel":"application","context":"RouterExplorer","level":"info","message":"Mapped {/auth/admin/unlock, POST} route","service":"juman-backend-node","timestamp":"2026-08-08T10:35:41.210Z"}
{"channel":"application","context":"RouterExplorer","level":"info","message":"Mapped {/auth/session, GET} route","service":"juman-backend-node","timestamp":"2026-08-08T10:35:41.210Z"}
{"channel":"application","context":"RouterExplorer","level":"info","message":"Mapped {/auth/me, GET} route","service":"juman-backend-node","timestamp":"2026-08-08T10:35:41.211Z"}
{"channel":"application","context":"RoutesResolver","level":"info","message":"CustomersController {/customers}:","service":"juman-backend-node","timestamp":"2026-08-08T10:35:41.211Z"}
{"channel":"application","context":"RouterExplorer","level":"info","message":"Mapped {/customers, GET} route","service":"juman-backend-node","timestamp":"2026-08-08T10:35:41.211Z"}
{"channel":"application","context":"RouterExplorer","level":"info","message":"Mapped {/customers/search, GET} route","service":"juman-backend-node","timestamp":"2026-08-08T10:35:41.212Z"}
{"channel":"application","context":"RouterExplorer","level":"info","message":"Mapped {/customers/number/:customerNumber, GET} route","service":"juman-backend-node","timestamp":"2026-08-08T10:35:41.212Z"}
{"channel":"application","context":"RouterExplorer","level":"info","message":"Mapped {/customers/:id, GET} route","service":"juman-backend-node","timestamp":"2026-08-08T10:35:41.212Z"}
{"channel":"application","context":"RouterExplorer","level":"info","message":"Mapped {/customers, POST} route","service":"juman-backend-node","timestamp":"2026-08-08T10:35:41.213Z"}
{"channel":"application","context":"RouterExplorer","level":"info","message":"Mapped {/customers/:id, PATCH} route","service":"juman-backend-node","timestamp":"2026-08-08T10:35:41.213Z"}
{"channel":"application","context":"RouterExplorer","level":"info","message":"Mapped {/customers/:id, DELETE} route","service":"juman-backend-node","timestamp":"2026-08-08T10:35:41.213Z"}
{"channel":"application","context":"RouterExplorer","level":"info","message":"Mapped {/customers/:id/restore, POST} route","service":"juman-backend-node","timestamp":"2026-08-08T10:35:41.213Z"}
{"channel":"application","context":"RoutesResolver","level":"info","message":"CategoriesController {/categories}:","service":"juman-backend-node","timestamp":"2026-08-08T10:35:41.214Z"}
{"channel":"application","context":"RouterExplorer","level":"info","message":"Mapped {/categories, GET} route","service":"juman-backend-node","timestamp":"2026-08-08T10:35:41.214Z"}
{"channel":"application","context":"RouterExplorer","level":"info","message":"Mapped {/categories/:id, GET} route","service":"juman-backend-node","timestamp":"2026-08-08T10:35:41.214Z"}
{"channel":"application","context":"RouterExplorer","level":"info","message":"Mapped {/categories, POST} route","service":"juman-backend-node","timestamp":"2026-08-08T10:35:41.214Z"}
{"channel":"application","context":"RouterExplorer","level":"info","message":"Mapped {/categories/:id, PATCH} route","service":"juman-backend-node","timestamp":"2026-08-08T10:35:41.214Z"}
{"channel":"application","context":"RouterExplorer","level":"info","message":"Mapped {/categories/:id, DELETE} route","service":"juman-backend-node","timestamp":"2026-08-08T10:35:41.215Z"}
{"channel":"application","context":"RouterExplorer","level":"info","message":"Mapped {/categories/:id/restore, POST} route","service":"juman-backend-node","timestamp":"2026-08-08T10:35:41.215Z"}
{"channel":"application","context":"RoutesResolver","level":"info","message":"BrandsController {/brands}:","service":"juman-backend-node","timestamp":"2026-08-08T10:35:41.215Z"}
{"channel":"application","context":"RouterExplorer","level":"info","message":"Mapped {/brands, GET} route","service":"juman-backend-node","timestamp":"2026-08-08T10:35:41.215Z"}
{"channel":"application","context":"RouterExplorer","level":"info","message":"Mapped {/brands/:id, GET} route","service":"juman-backend-node","timestamp":"2026-08-08T10:35:41.216Z"}
{"channel":"application","context":"RouterExplorer","level":"info","message":"Mapped {/brands, POST} route","service":"juman-backend-node","timestamp":"2026-08-08T10:35:41.216Z"}
{"channel":"application","context":"RouterExplorer","level":"info","message":"Mapped {/brands/:id, PATCH} route","service":"juman-backend-node","timestamp":"2026-08-08T10:35:41.216Z"}
{"channel":"application","context":"RouterExplorer","level":"info","message":"Mapped {/brands/:id, DELETE} route","service":"juman-backend-node","timestamp":"2026-08-08T10:35:41.216Z"}
{"channel":"application","context":"RouterExplorer","level":"info","message":"Mapped {/brands/:id/restore, POST} route","service":"juman-backend-node","timestamp":"2026-08-08T10:35:41.216Z"}
{"channel":"application","context":"RoutesResolver","level":"info","message":"ColorsController {/colors}:","service":"juman-backend-node","timestamp":"2026-08-08T10:35:41.217Z"}
{"channel":"application","context":"RouterExplorer","level":"info","message":"Mapped {/colors, GET} route","service":"juman-backend-node","timestamp":"2026-08-08T10:35:41.217Z"}
{"channel":"application","context":"RouterExplorer","level":"info","message":"Mapped {/colors/:id, GET} route","service":"juman-backend-node","timestamp":"2026-08-08T10:35:41.217Z"}
{"channel":"application","context":"RouterExplorer","level":"info","message":"Mapped {/colors, POST} route","service":"juman-backend-node","timestamp":"2026-08-08T10:35:41.218Z"}
{"channel":"application","context":"RouterExplorer","level":"info","message":"Mapped {/colors/:id, PATCH} route","service":"juman-backend-node","timestamp":"2026-08-08T10:35:41.218Z"}
{"channel":"application","context":"RouterExplorer","level":"info","message":"Mapped {/colors/:id, DELETE} route","service":"juman-backend-node","timestamp":"2026-08-08T10:35:41.219Z"}
{"channel":"application","context":"RouterExplorer","level":"info","message":"Mapped {/colors/:id/restore, POST} route","service":"juman-backend-node","timestamp":"2026-08-08T10:35:41.219Z"}
{"channel":"application","context":"RoutesResolver","level":"info","message":"SizesController {/sizes}:","service":"juman-backend-node","timestamp":"2026-08-08T10:35:41.220Z"}
{"channel":"application","context":"RouterExplorer","level":"info","message":"Mapped {/sizes, GET} route","service":"juman-backend-node","timestamp":"2026-08-08T10:35:41.221Z"}
{"channel":"application","context":"RouterExplorer","level":"info","message":"Mapped {/sizes/:id, GET} route","service":"juman-backend-node","timestamp":"2026-08-08T10:35:41.221Z"}
{"channel":"application","context":"RouterExplorer","level":"info","message":"Mapped {/sizes, POST} route","service":"juman-backend-node","timestamp":"2026-08-08T10:35:41.222Z"}
{"channel":"application","context":"RouterExplorer","level":"info","message":"Mapped {/sizes/:id, PATCH} route","service":"juman-backend-node","timestamp":"2026-08-08T10:35:41.223Z"}
{"channel":"application","context":"RouterExplorer","level":"info","message":"Mapped {/sizes/:id, DELETE} route","service":"juman-backend-node","timestamp":"2026-08-08T10:35:41.223Z"}
{"channel":"application","context":"RouterExplorer","level":"info","message":"Mapped {/sizes/:id/restore, POST} route","service":"juman-backend-node","timestamp":"2026-08-08T10:35:41.223Z"}
{"channel":"application","context":"RoutesResolver","level":"info","message":"LifecycleController {/items}:","service":"juman-backend-node","timestamp":"2026-08-08T10:35:41.224Z"}
{"channel":"application","context":"RouterExplorer","level":"info","message":"Mapped {/items/:id/state, GET} route","service":"juman-backend-node","timestamp":"2026-08-08T10:35:41.224Z"}
{"channel":"application","context":"RouterExplorer","level":"info","message":"Mapped {/items/:id/history, GET} route","service":"juman-backend-node","timestamp":"2026-08-08T10:35:41.224Z"}
{"channel":"application","context":"RouterExplorer","level":"info","message":"Mapped {/items/:id/transition, POST} route","service":"juman-backend-node","timestamp":"2026-08-08T10:35:41.224Z"}
{"channel":"application","context":"RoutesResolver","level":"info","message":"ItemsController {/items}:","service":"juman-backend-node","timestamp":"2026-08-08T10:35:41.225Z"}
{"channel":"application","context":"RouterExplorer","level":"info","message":"Mapped {/items, GET} route","service":"juman-backend-node","timestamp":"2026-08-08T10:35:41.225Z"}
{"channel":"application","context":"RouterExplorer","level":"info","message":"Mapped {/items/search, GET} route","service":"juman-backend-node","timestamp":"2026-08-08T10:35:41.225Z"}
{"channel":"application","context":"RouterExplorer","level":"info","message":"Mapped {/items/code/:internalCode, GET} route","service":"juman-backend-node","timestamp":"2026-08-08T10:35:41.225Z"}
{"channel":"application","context":"RouterExplorer","level":"info","message":"Mapped {/items/:id, GET} route","service":"juman-backend-node","timestamp":"2026-08-08T10:35:41.226Z"}
{"channel":"application","context":"RouterExplorer","level":"info","message":"Mapped {/items, POST} route","service":"juman-backend-node","timestamp":"2026-08-08T10:35:41.226Z"}
{"channel":"application","context":"RouterExplorer","level":"info","message":"Mapped {/items/:id, PATCH} route","service":"juman-backend-node","timestamp":"2026-08-08T10:35:41.226Z"}
{"channel":"application","context":"RouterExplorer","level":"info","message":"Mapped {/items/:id, DELETE} route","service":"juman-backend-node","timestamp":"2026-08-08T10:35:41.226Z"}
{"channel":"application","context":"RouterExplorer","level":"info","message":"Mapped {/items/:id/restore, POST} route","service":"juman-backend-node","timestamp":"2026-08-08T10:35:41.227Z"}
{"channel":"application","context":"RouterExplorer","level":"info","message":"Mapped {/items/:id/media, POST} route","service":"juman-backend-node","timestamp":"2026-08-08T10:35:41.227Z"}
{"channel":"application","context":"RoutesResolver","level":"info","message":"AvailabilityController {/availability}:","service":"juman-backend-node","timestamp":"2026-08-08T10:35:41.227Z"}
{"channel":"application","context":"RouterExplorer","level":"info","message":"Mapped {/availability, GET} route","service":"juman-backend-node","timestamp":"2026-08-08T10:35:41.227Z"}
{"channel":"application","context":"RouterExplorer","level":"info","message":"Mapped {/availability/calendar, GET} route","service":"juman-backend-node","timestamp":"2026-08-08T10:35:41.227Z"}
{"channel":"application","context":"RouterExplorer","level":"info","message":"Mapped {/availability/item/:id, GET} route","service":"juman-backend-node","timestamp":"2026-08-08T10:35:41.228Z"}
{"channel":"application","context":"RoutesResolver","level":"info","message":"FinanceController {/finance}:","service":"juman-backend-node","timestamp":"2026-08-08T10:35:41.228Z"}
{"channel":"application","context":"RouterExplorer","level":"info","message":"Mapped {/finance/accounts, GET} route","service":"juman-backend-node","timestamp":"2026-08-08T10:35:41.228Z"}
{"channel":"application","context":"RouterExplorer","level":"info","message":"Mapped {/finance/transactions, GET} route","service":"juman-backend-node","timestamp":"2026-08-08T10:35:41.228Z"}
{"channel":"application","context":"RouterExplorer","level":"info","message":"Mapped {/finance/payments, GET} route","service":"juman-backend-node","timestamp":"2026-08-08T10:35:41.229Z"}
{"channel":"application","context":"RouterExplorer","level":"info","message":"Mapped {/finance/payments, POST} route","service":"juman-backend-node","timestamp":"2026-08-08T10:35:41.229Z"}
{"channel":"application","context":"RouterExplorer","level":"info","message":"Mapped {/finance/outstanding, GET} route","service":"juman-backend-node","timestamp":"2026-08-08T10:35:41.229Z"}
{"channel":"application","context":"RoutesResolver","level":"info","message":"SettlementController {/settlements}:","service":"juman-backend-node","timestamp":"2026-08-08T10:35:41.229Z"}
{"channel":"application","context":"RouterExplorer","level":"info","message":"Mapped {/settlements, GET} route","service":"juman-backend-node","timestamp":"2026-08-08T10:35:41.229Z"}
{"channel":"application","context":"RouterExplorer","level":"info","message":"Mapped {/settlements/:id, GET} route","service":"juman-backend-node","timestamp":"2026-08-08T10:35:41.230Z"}
{"channel":"application","context":"RouterExplorer","level":"info","message":"Mapped {/settlements/:id/payment, POST} route","service":"juman-backend-node","timestamp":"2026-08-08T10:35:41.230Z"}
{"channel":"application","context":"RouterExplorer","level":"info","message":"Mapped {/settlements/:id/refund, POST} route","service":"juman-backend-node","timestamp":"2026-08-08T10:35:41.230Z"}
{"channel":"application","context":"RouterExplorer","level":"info","message":"Mapped {/settlements/:id/adjustment, POST} route","service":"juman-backend-node","timestamp":"2026-08-08T10:35:41.230Z"}
{"channel":"application","context":"RouterExplorer","level":"info","message":"Mapped {/settlements/:id/discount, POST} route","service":"juman-backend-node","timestamp":"2026-08-08T10:35:41.230Z"}
{"channel":"application","context":"RouterExplorer","level":"info","message":"Mapped {/settlements/:id/late-fee, POST} route","service":"juman-backend-node","timestamp":"2026-08-08T10:35:41.231Z"}
{"channel":"application","context":"RouterExplorer","level":"info","message":"Mapped {/settlements/:id/close, POST} route","service":"juman-backend-node","timestamp":"2026-08-08T10:35:41.231Z"}
{"channel":"application","context":"RouterExplorer","level":"info","message":"Mapped {/settlements/:id/cancel, POST} route","service":"juman-backend-node","timestamp":"2026-08-08T10:35:41.231Z"}
{"channel":"application","context":"RoutesResolver","level":"info","message":"RentalsController {/rentals}:","service":"juman-backend-node","timestamp":"2026-08-08T10:35:41.231Z"}
{"channel":"application","context":"RouterExplorer","level":"info","message":"Mapped {/rentals, GET} route","service":"juman-backend-node","timestamp":"2026-08-08T10:35:41.232Z"}
{"channel":"application","context":"RouterExplorer","level":"info","message":"Mapped {/rentals/:id/audit, GET} route","service":"juman-backend-node","timestamp":"2026-08-08T10:35:41.232Z"}
{"channel":"application","context":"RouterExplorer","level":"info","message":"Mapped {/rentals/:id, GET} route","service":"juman-backend-node","timestamp":"2026-08-08T10:35:41.232Z"}
{"channel":"application","context":"RouterExplorer","level":"info","message":"Mapped {/rentals, POST} route","service":"juman-backend-node","timestamp":"2026-08-08T10:35:41.232Z"}
{"channel":"application","context":"RouterExplorer","level":"info","message":"Mapped {/rentals/:id/notes, POST} route","service":"juman-backend-node","timestamp":"2026-08-08T10:35:41.233Z"}
{"channel":"application","context":"RouterExplorer","level":"info","message":"Mapped {/rentals/:id, PATCH} route","service":"juman-backend-node","timestamp":"2026-08-08T10:35:41.233Z"}
{"channel":"application","context":"RouterExplorer","level":"info","message":"Mapped {/rentals/:id/checkout, POST} route","service":"juman-backend-node","timestamp":"2026-08-08T10:35:41.233Z"}
{"channel":"application","context":"RouterExplorer","level":"info","message":"Mapped {/rentals/:id/return, POST} route","service":"juman-backend-node","timestamp":"2026-08-08T10:35:41.234Z"}
{"channel":"application","context":"RouterExplorer","level":"info","message":"Mapped {/rentals/:id/complete, POST} route","service":"juman-backend-node","timestamp":"2026-08-08T10:35:41.234Z"}
{"channel":"application","context":"RouterExplorer","level":"info","message":"Mapped {/rentals/:id/cancel, POST} route","service":"juman-backend-node","timestamp":"2026-08-08T10:35:41.234Z"}
{"channel":"application","context":"RoutesResolver","level":"info","message":"ReservationsController {/reservations}:","service":"juman-backend-node","timestamp":"2026-08-08T10:35:41.234Z"}
{"channel":"application","context":"RouterExplorer","level":"info","message":"Mapped {/reservations, GET} route","service":"juman-backend-node","timestamp":"2026-08-08T10:35:41.234Z"}
{"channel":"application","context":"RouterExplorer","level":"info","message":"Mapped {/reservations/:id, GET} route","service":"juman-backend-node","timestamp":"2026-08-08T10:35:41.235Z"}
{"channel":"application","context":"RouterExplorer","level":"info","message":"Mapped {/reservations, POST} route","service":"juman-backend-node","timestamp":"2026-08-08T10:35:41.235Z"}
{"channel":"application","context":"RouterExplorer","level":"info","message":"Mapped {/reservations/:id/checkout, POST} route","service":"juman-backend-node","timestamp":"2026-08-08T10:35:41.236Z"}
{"channel":"application","context":"RouterExplorer","level":"info","message":"Mapped {/reservations/:id/cancel, POST} route","service":"juman-backend-node","timestamp":"2026-08-08T10:35:41.237Z"}
{"channel":"application","context":"RouterExplorer","level":"info","message":"Mapped {/reservations/:id/expire, POST} route","service":"juman-backend-node","timestamp":"2026-08-08T10:35:41.237Z"}
{"channel":"application","context":"RoutesResolver","level":"info","message":"SalesController {/sales}:","service":"juman-backend-node","timestamp":"2026-08-08T10:35:41.238Z"}
{"channel":"application","context":"RouterExplorer","level":"info","message":"Mapped {/sales, GET} route","service":"juman-backend-node","timestamp":"2026-08-08T10:35:41.238Z"}
{"channel":"application","context":"RouterExplorer","level":"info","message":"Mapped {/sales/:id/history, GET} route","service":"juman-backend-node","timestamp":"2026-08-08T10:35:41.239Z"}
{"channel":"application","context":"RouterExplorer","level":"info","message":"Mapped {/sales/:id, GET} route","service":"juman-backend-node","timestamp":"2026-08-08T10:35:41.239Z"}
{"channel":"application","context":"RouterExplorer","level":"info","message":"Mapped {/sales, POST} route","service":"juman-backend-node","timestamp":"2026-08-08T10:35:41.239Z"}
{"channel":"application","context":"RouterExplorer","level":"info","message":"Mapped {/sales/:id/confirm, POST} route","service":"juman-backend-node","timestamp":"2026-08-08T10:35:41.240Z"}
{"channel":"application","context":"RouterExplorer","level":"info","message":"Mapped {/sales/:id/payment, POST} route","service":"juman-backend-node","timestamp":"2026-08-08T10:35:41.240Z"}
{"channel":"application","context":"RouterExplorer","level":"info","message":"Mapped {/sales/:id/complete, POST} route","service":"juman-backend-node","timestamp":"2026-08-08T10:35:41.240Z"}
{"channel":"application","context":"RouterExplorer","level":"info","message":"Mapped {/sales/:id/cancel, POST} route","service":"juman-backend-node","timestamp":"2026-08-08T10:35:41.240Z"}
{"channel":"application","context":"RoutesResolver","level":"info","message":"ReportsController {/reports}:","service":"juman-backend-node","timestamp":"2026-08-08T10:35:41.240Z"}
{"channel":"application","context":"RouterExplorer","level":"info","message":"Mapped {/reports/dashboard, GET} route","service":"juman-backend-node","timestamp":"2026-08-08T10:35:41.241Z"}
{"channel":"application","context":"RouterExplorer","level":"info","message":"Mapped {/reports/financial, GET} route","service":"juman-backend-node","timestamp":"2026-08-08T10:35:41.241Z"}
{"channel":"application","context":"RouterExplorer","level":"info","message":"Mapped {/reports/rentals/current, GET} route","service":"juman-backend-node","timestamp":"2026-08-08T10:35:41.241Z"}
{"channel":"application","context":"RouterExplorer","level":"info","message":"Mapped {/reports/rentals/overdue, GET} route","service":"juman-backend-node","timestamp":"2026-08-08T10:35:41.241Z"}
{"channel":"application","context":"RouterExplorer","level":"info","message":"Mapped {/reports/rentals/returns, GET} route","service":"juman-backend-node","timestamp":"2026-08-08T10:35:41.241Z"}
{"channel":"application","context":"RouterExplorer","level":"info","message":"Mapped {/reports/rentals/reservations, GET} route","service":"juman-backend-node","timestamp":"2026-08-08T10:35:41.242Z"}
{"channel":"application","context":"RouterExplorer","level":"info","message":"Mapped {/reports/rentals/history, GET} route","service":"juman-backend-node","timestamp":"2026-08-08T10:35:41.242Z"}
{"channel":"application","context":"RouterExplorer","level":"info","message":"Mapped {/reports/inventory/value, GET} route","service":"juman-backend-node","timestamp":"2026-08-08T10:35:41.242Z"}
{"channel":"application","context":"RouterExplorer","level":"info","message":"Mapped {/reports/inventory/availability, GET} route","service":"juman-backend-node","timestamp":"2026-08-08T10:35:41.242Z"}
{"channel":"application","context":"RouterExplorer","level":"info","message":"Mapped {/reports/inventory/category, GET} route","service":"juman-backend-node","timestamp":"2026-08-08T10:35:41.242Z"}
{"channel":"application","context":"RouterExplorer","level":"info","message":"Mapped {/reports/inventory/brand, GET} route","service":"juman-backend-node","timestamp":"2026-08-08T10:35:41.243Z"}
{"channel":"application","context":"RouterExplorer","level":"info","message":"Mapped {/reports/inventory/color, GET} route","service":"juman-backend-node","timestamp":"2026-08-08T10:35:41.243Z"}
{"channel":"application","context":"RouterExplorer","level":"info","message":"Mapped {/reports/inventory/size, GET} route","service":"juman-backend-node","timestamp":"2026-08-08T10:35:41.244Z"}
{"channel":"application","context":"RouterExplorer","level":"info","message":"Mapped {/reports/inventory/lifecycle, GET} route","service":"juman-backend-node","timestamp":"2026-08-08T10:35:41.244Z"}
{"channel":"application","context":"RouterExplorer","level":"info","message":"Mapped {/reports/inventory/retired, GET} route","service":"juman-backend-node","timestamp":"2026-08-08T10:35:41.244Z"}
{"channel":"application","context":"RouterExplorer","level":"info","message":"Mapped {/reports/inventory/maintenance, GET} route","service":"juman-backend-node","timestamp":"2026-08-08T10:35:41.244Z"}
{"channel":"application","context":"RouterExplorer","level":"info","message":"Mapped {/reports/customers/:id/rentals, GET} route","service":"juman-backend-node","timestamp":"2026-08-08T10:35:41.245Z"}
{"channel":"application","context":"RouterExplorer","level":"info","message":"Mapped {/reports/customers/:id/outstanding, GET} route","service":"juman-backend-node","timestamp":"2026-08-08T10:35:41.245Z"}
{"channel":"application","context":"RouterExplorer","level":"info","message":"Mapped {/reports/customers/:id/payments, GET} route","service":"juman-backend-node","timestamp":"2026-08-08T10:35:41.245Z"}
{"channel":"application","context":"RouterExplorer","level":"info","message":"Mapped {/reports/customers/:id/reservations, GET} route","service":"juman-backend-node","timestamp":"2026-08-08T10:35:41.245Z"}
{"channel":"application","context":"RouterExplorer","level":"info","message":"Mapped {/reports/export, GET} route","service":"juman-backend-node","timestamp":"2026-08-08T10:35:41.246Z"}
{"channel":"application","context":"RoutesResolver","level":"info","message":"HealthController {/health}:","service":"juman-backend-node","timestamp":"2026-08-08T10:35:41.246Z"}
{"channel":"application","context":"RouterExplorer","level":"info","message":"Mapped {/health, GET} route","service":"juman-backend-node","timestamp":"2026-08-08T10:35:41.246Z"}
{"channel":"application","context":"NestApplication","level":"info","message":"Nest application successfully started","service":"juman-backend-node","timestamp":"2026-08-08T10:35:41.246Z"}
{"channel":"startup","context":"Startup","level":"info","message":"Listening on http://127.0.0.1:8787","service":"juman-backend-node","timestamp":"2026-08-08T10:35:41.247Z"}
{"channel":"startup","context":"Startup","level":"info","message":"GET /health ready","service":"juman-backend-node","timestamp":"2026-08-08T10:35:41.248Z"}
{"channel":"startup","context":"Startup","level":"info","message":"Prisma disconnected","service":"juman-backend-node","timestamp":"2026-08-08T10:50:05.842Z"}
{"channel":"startup","context":"Startup","dataDir":"C:\\Users\\moham\\Desktop\\juman","envCreated":false,"envFile":"C:\\Users\\moham\\Desktop\\juman\\config\\juman.env","environment":"development","host":"127.0.0.1","level":"info","message":"Juman Backend V2 starting","migrations":"applied","port":8787,"service":"juman-backend-node","timestamp":"2026-08-08T10:50:26.381Z","version":"2.0.0"}
{"channel":"startup","context":"Startup","level":"info","message":"SQLite PRAGMAs applied (foreign_keys, WAL, busy_timeout)","service":"juman-backend-node","timestamp":"2026-08-08T10:50:26.455Z"}
{"channel":"startup","context":"Startup","level":"info","message":"Prisma connected to SQLite","service":"juman-backend-node","timestamp":"2026-08-08T10:50:26.457Z"}
{"channel":"startup","context":"Startup","count":27,"level":"info","message":"App settings ensured","service":"juman-backend-node","timestamp":"2026-08-08T10:50:26.781Z"}
{"channel":"startup","context":"Startup","count":104,"level":"info","message":"RBAC permissions ensured","service":"juman-backend-node","timestamp":"2026-08-08T10:50:27.830Z"}
{"channel":"startup","context":"Startup","count":104,"level":"info","message":"RBAC permissions ensured","service":"juman-backend-node","timestamp":"2026-08-08T10:50:28.818Z"}
{"channel":"startup","context":"Startup","count":4,"level":"info","message":"RBAC system roles ensured","service":"juman-backend-node","timestamp":"2026-08-08T10:50:29.316Z"}
{"channel":"startup","context":"Startup","level":"info","message":"Administrator user already present","service":"juman-backend-node","timestamp":"2026-08-08T10:50:29.340Z","username":"admin"}
{"categories":3,"channel":"startup","context":"Startup","level":"info","message":"Demo seed skipped (categories already present)","service":"juman-backend-node","timestamp":"2026-08-08T10:50:29.347Z"}
{"channel":"startup","context":"Startup","customerId":"45c43439-599c-459d-85d9-5ad83caded3a","customerNumber":"WALK-IN","level":"info","message":"Walk-in customer ready","service":"juman-backend-node","timestamp":"2026-08-08T10:50:29.361Z"}
{"channel":"application","context":"NestFactory","level":"info","message":"Starting Nest application...","service":"juman-backend-node","timestamp":"2026-08-08T10:50:29.388Z"}
{"channel":"application","context":"InstanceLoader","level":"info","message":"LoggerModule dependencies initialized","service":"juman-backend-node","timestamp":"2026-08-08T10:50:29.388Z"}
{"channel":"application","context":"InstanceLoader","level":"info","message":"PassportModule dependencies initialized","service":"juman-backend-node","timestamp":"2026-08-08T10:50:29.389Z"}
{"channel":"application","context":"InstanceLoader","level":"info","message":"ConfigHostModule dependencies initialized","service":"juman-backend-node","timestamp":"2026-08-08T10:50:29.389Z"}
{"channel":"application","context":"InstanceLoader","level":"info","message":"ConfigModule dependencies initialized","service":"juman-backend-node","timestamp":"2026-08-08T10:50:29.389Z"}
{"channel":"application","context":"InstanceLoader","level":"info","message":"ConfigModule dependencies initialized","service":"juman-backend-node","timestamp":"2026-08-08T10:50:29.390Z"}
{"channel":"application","context":"InstanceLoader","level":"info","message":"PrismaModule dependencies initialized","service":"juman-backend-node","timestamp":"2026-08-08T10:50:29.390Z"}
{"channel":"application","context":"InstanceLoader","level":"info","message":"JwtModule dependencies initialized","service":"juman-backend-node","timestamp":"2026-08-08T10:50:29.391Z"}
{"channel":"application","context":"InstanceLoader","level":"info","message":"SettingsModule dependencies initialized","service":"juman-backend-node","timestamp":"2026-08-08T10:50:29.391Z"}
{"channel":"application","context":"InstanceLoader","level":"info","message":"AuditModule dependencies initialized","service":"juman-backend-node","timestamp":"2026-08-08T10:50:29.392Z"}
{"channel":"application","context":"InstanceLoader","level":"info","message":"PermissionsModule dependencies initialized","service":"juman-backend-node","timestamp":"2026-08-08T10:50:29.392Z"}
{"channel":"application","context":"InstanceLoader","level":"info","message":"UsersModule dependencies initialized","service":"juman-backend-node","timestamp":"2026-08-08T10:50:29.393Z"}
{"channel":"application","context":"InstanceLoader","level":"info","message":"SecurityModule dependencies initialized","service":"juman-backend-node","timestamp":"2026-08-08T10:50:29.393Z"}
{"channel":"application","context":"InstanceLoader","level":"info","message":"HealthModule dependencies initialized","service":"juman-backend-node","timestamp":"2026-08-08T10:50:29.393Z"}
{"channel":"application","context":"InstanceLoader","level":"info","message":"RolesModule dependencies initialized","service":"juman-backend-node","timestamp":"2026-08-08T10:50:29.394Z"}
{"channel":"application","context":"InstanceLoader","level":"info","message":"AppModule dependencies initialized","service":"juman-backend-node","timestamp":"2026-08-08T10:50:29.394Z"}
{"channel":"application","context":"InstanceLoader","level":"info","message":"AvailabilityModule dependencies initialized","service":"juman-backend-node","timestamp":"2026-08-08T10:50:29.394Z"}
{"channel":"application","context":"InstanceLoader","level":"info","message":"ReportsModule dependencies initialized","service":"juman-backend-node","timestamp":"2026-08-08T10:50:29.395Z"}
{"channel":"application","context":"InstanceLoader","level":"info","message":"MediaModule dependencies initialized","service":"juman-backend-node","timestamp":"2026-08-08T10:50:29.395Z"}
{"channel":"application","context":"InstanceLoader","level":"info","message":"BarcodeModule dependencies initialized","service":"juman-backend-node","timestamp":"2026-08-08T10:50:29.395Z"}
{"channel":"application","context":"InstanceLoader","level":"info","message":"CustomersModule dependencies initialized","service":"juman-backend-node","timestamp":"2026-08-08T10:50:29.395Z"}
{"channel":"application","context":"InstanceLoader","level":"info","message":"AuthModule dependencies initialized","service":"juman-backend-node","timestamp":"2026-08-08T10:50:29.395Z"}
{"channel":"application","context":"InstanceLoader","level":"info","message":"InventoryModule dependencies initialized","service":"juman-backend-node","timestamp":"2026-08-08T10:50:29.396Z"}
{"channel":"application","context":"InstanceLoader","level":"info","message":"FinanceModule dependencies initialized","service":"juman-backend-node","timestamp":"2026-08-08T10:50:29.396Z"}
{"channel":"application","context":"InstanceLoader","level":"info","message":"RentalsModule dependencies initialized","service":"juman-backend-node","timestamp":"2026-08-08T10:50:29.397Z"}
{"channel":"application","context":"InstanceLoader","level":"info","message":"SalesModule dependencies initialized","service":"juman-backend-node","timestamp":"2026-08-08T10:50:29.397Z"}
{"channel":"application","context":"InstanceLoader","level":"info","message":"ReservationsModule dependencies initialized","service":"juman-backend-node","timestamp":"2026-08-08T10:50:29.397Z"}
{"channel":"application","context":"RoutesResolver","level":"info","message":"MediaController {/media}:","service":"juman-backend-node","timestamp":"2026-08-08T10:50:29.397Z"}
{"channel":"application","context":"RouterExplorer","level":"info","message":"Mapped {/media, GET} route","service":"juman-backend-node","timestamp":"2026-08-08T10:50:29.397Z"}
{"channel":"application","context":"RouterExplorer","level":"info","message":"Mapped {/media/:id, GET} route","service":"juman-backend-node","timestamp":"2026-08-08T10:50:29.398Z"}
{"channel":"application","context":"RouterExplorer","level":"info","message":"Mapped {/media/:id/integrity, GET} route","service":"juman-backend-node","timestamp":"2026-08-08T10:50:29.398Z"}
{"channel":"application","context":"RouterExplorer","level":"info","message":"Mapped {/media, POST} route","service":"juman-backend-node","timestamp":"2026-08-08T10:50:29.398Z"}
{"channel":"application","context":"RouterExplorer","level":"info","message":"Mapped {/media/:id, DELETE} route","service":"juman-backend-node","timestamp":"2026-08-08T10:50:29.398Z"}
{"channel":"application","context":"RouterExplorer","level":"info","message":"Mapped {/media/:id/restore, POST} route","service":"juman-backend-node","timestamp":"2026-08-08T10:50:29.398Z"}
{"channel":"application","context":"RoutesResolver","level":"info","message":"BarcodeController {/barcodes}:","service":"juman-backend-node","timestamp":"2026-08-08T10:50:29.398Z"}
{"channel":"application","context":"RouterExplorer","level":"info","message":"Mapped {/barcodes, GET} route","service":"juman-backend-node","timestamp":"2026-08-08T10:50:29.398Z"}
{"channel":"application","context":"RouterExplorer","level":"info","message":"Mapped {/barcodes/:id, GET} route","service":"juman-backend-node","timestamp":"2026-08-08T10:50:29.398Z"}
{"channel":"application","context":"RouterExplorer","level":"info","message":"Mapped {/barcodes/generate, POST} route","service":"juman-backend-node","timestamp":"2026-08-08T10:50:29.398Z"}
{"channel":"application","context":"RouterExplorer","level":"info","message":"Mapped {/barcodes/validate, POST} route","service":"juman-backend-node","timestamp":"2026-08-08T10:50:29.399Z"}
{"channel":"application","context":"RouterExplorer","level":"info","message":"Mapped {/barcodes/reserve, POST} route","service":"juman-backend-node","timestamp":"2026-08-08T10:50:29.399Z"}
{"channel":"application","context":"RouterExplorer","level":"info","message":"Mapped {/barcodes/release, POST} route","service":"juman-backend-node","timestamp":"2026-08-08T10:50:29.399Z"}
{"channel":"application","context":"RouterExplorer","level":"info","message":"Mapped {/barcodes/retire, POST} route","service":"juman-backend-node","timestamp":"2026-08-08T10:50:29.399Z"}
{"channel":"application","context":"RoutesResolver","level":"info","message":"AuthController {/auth}:","service":"juman-backend-node","timestamp":"2026-08-08T10:50:29.399Z"}
{"channel":"application","context":"RouterExplorer","level":"info","message":"Mapped {/auth/login, POST} route","service":"juman-backend-node","timestamp":"2026-08-08T10:50:29.399Z"}
{"channel":"application","context":"RouterExplorer","level":"info","message":"Mapped {/auth/logout, POST} route","service":"juman-backend-node","timestamp":"2026-08-08T10:50:29.399Z"}
{"channel":"application","context":"RouterExplorer","level":"info","message":"Mapped {/auth/change-password, POST} route","service":"juman-backend-node","timestamp":"2026-08-08T10:50:29.400Z"}
{"channel":"application","context":"RouterExplorer","level":"info","message":"Mapped {/auth/admin/unlock, POST} route","service":"juman-backend-node","timestamp":"2026-08-08T10:50:29.400Z"}
{"channel":"application","context":"RouterExplorer","level":"info","message":"Mapped {/auth/session, GET} route","service":"juman-backend-node","timestamp":"2026-08-08T10:50:29.400Z"}
{"channel":"application","context":"RouterExplorer","level":"info","message":"Mapped {/auth/me, GET} route","service":"juman-backend-node","timestamp":"2026-08-08T10:50:29.400Z"}
{"channel":"application","context":"RoutesResolver","level":"info","message":"CustomersController {/customers}:","service":"juman-backend-node","timestamp":"2026-08-08T10:50:29.401Z"}
{"channel":"application","context":"RouterExplorer","level":"info","message":"Mapped {/customers, GET} route","service":"juman-backend-node","timestamp":"2026-08-08T10:50:29.401Z"}
{"channel":"application","context":"RouterExplorer","level":"info","message":"Mapped {/customers/search, GET} route","service":"juman-backend-node","timestamp":"2026-08-08T10:50:29.401Z"}
{"channel":"application","context":"RouterExplorer","level":"info","message":"Mapped {/customers/number/:customerNumber, GET} route","service":"juman-backend-node","timestamp":"2026-08-08T10:50:29.401Z"}
{"channel":"application","context":"RouterExplorer","level":"info","message":"Mapped {/customers/:id, GET} route","service":"juman-backend-node","timestamp":"2026-08-08T10:50:29.402Z"}
{"channel":"application","context":"RouterExplorer","level":"info","message":"Mapped {/customers, POST} route","service":"juman-backend-node","timestamp":"2026-08-08T10:50:29.402Z"}
{"channel":"application","context":"RouterExplorer","level":"info","message":"Mapped {/customers/:id, PATCH} route","service":"juman-backend-node","timestamp":"2026-08-08T10:50:29.403Z"}
{"channel":"application","context":"RouterExplorer","level":"info","message":"Mapped {/customers/:id, DELETE} route","service":"juman-backend-node","timestamp":"2026-08-08T10:50:29.404Z"}
{"channel":"application","context":"RouterExplorer","level":"info","message":"Mapped {/customers/:id/restore, POST} route","service":"juman-backend-node","timestamp":"2026-08-08T10:50:29.404Z"}
{"channel":"application","context":"RoutesResolver","level":"info","message":"CategoriesController {/categories}:","service":"juman-backend-node","timestamp":"2026-08-08T10:50:29.404Z"}
{"channel":"application","context":"RouterExplorer","level":"info","message":"Mapped {/categories, GET} route","service":"juman-backend-node","timestamp":"2026-08-08T10:50:29.404Z"}
{"channel":"application","context":"RouterExplorer","level":"info","message":"Mapped {/categories/:id, GET} route","service":"juman-backend-node","timestamp":"2026-08-08T10:50:29.405Z"}
{"channel":"application","context":"RouterExplorer","level":"info","message":"Mapped {/categories, POST} route","service":"juman-backend-node","timestamp":"2026-08-08T10:50:29.405Z"}
{"channel":"application","context":"RouterExplorer","level":"info","message":"Mapped {/categories/:id, PATCH} route","service":"juman-backend-node","timestamp":"2026-08-08T10:50:29.405Z"}
{"channel":"application","context":"RouterExplorer","level":"info","message":"Mapped {/categories/:id, DELETE} route","service":"juman-backend-node","timestamp":"2026-08-08T10:50:29.405Z"}
{"channel":"application","context":"RouterExplorer","level":"info","message":"Mapped {/categories/:id/restore, POST} route","service":"juman-backend-node","timestamp":"2026-08-08T10:50:29.405Z"}
{"channel":"application","context":"RoutesResolver","level":"info","message":"BrandsController {/brands}:","service":"juman-backend-node","timestamp":"2026-08-08T10:50:29.405Z"}
{"channel":"application","context":"RouterExplorer","level":"info","message":"Mapped {/brands, GET} route","service":"juman-backend-node","timestamp":"2026-08-08T10:50:29.406Z"}
{"channel":"application","context":"RouterExplorer","level":"info","message":"Mapped {/brands/:id, GET} route","service":"juman-backend-node","timestamp":"2026-08-08T10:50:29.406Z"}
{"channel":"application","context":"RouterExplorer","level":"info","message":"Mapped {/brands, POST} route","service":"juman-backend-node","timestamp":"2026-08-08T10:50:29.407Z"}
{"channel":"application","context":"RouterExplorer","level":"info","message":"Mapped {/brands/:id, PATCH} route","service":"juman-backend-node","timestamp":"2026-08-08T10:50:29.407Z"}
{"channel":"application","context":"RouterExplorer","level":"info","message":"Mapped {/brands/:id, DELETE} route","service":"juman-backend-node","timestamp":"2026-08-08T10:50:29.407Z"}
{"channel":"application","context":"RouterExplorer","level":"info","message":"Mapped {/brands/:id/restore, POST} route","service":"juman-backend-node","timestamp":"2026-08-08T10:50:29.407Z"}
{"channel":"application","context":"RoutesResolver","level":"info","message":"ColorsController {/colors}:","service":"juman-backend-node","timestamp":"2026-08-08T10:50:29.407Z"}
{"channel":"application","context":"RouterExplorer","level":"info","message":"Mapped {/colors, GET} route","service":"juman-backend-node","timestamp":"2026-08-08T10:50:29.407Z"}
{"channel":"application","context":"RouterExplorer","level":"info","message":"Mapped {/colors/:id, GET} route","service":"juman-backend-node","timestamp":"2026-08-08T10:50:29.407Z"}
{"channel":"application","context":"RouterExplorer","level":"info","message":"Mapped {/colors, POST} route","service":"juman-backend-node","timestamp":"2026-08-08T10:50:29.407Z"}
{"channel":"application","context":"RouterExplorer","level":"info","message":"Mapped {/colors/:id, PATCH} route","service":"juman-backend-node","timestamp":"2026-08-08T10:50:29.407Z"}
{"channel":"application","context":"RouterExplorer","level":"info","message":"Mapped {/colors/:id, DELETE} route","service":"juman-backend-node","timestamp":"2026-08-08T10:50:29.408Z"}
{"channel":"application","context":"RouterExplorer","level":"info","message":"Mapped {/colors/:id/restore, POST} route","service":"juman-backend-node","timestamp":"2026-08-08T10:50:29.408Z"}
{"channel":"application","context":"RoutesResolver","level":"info","message":"SizesController {/sizes}:","service":"juman-backend-node","timestamp":"2026-08-08T10:50:29.408Z"}
{"channel":"application","context":"RouterExplorer","level":"info","message":"Mapped {/sizes, GET} route","service":"juman-backend-node","timestamp":"2026-08-08T10:50:29.408Z"}
{"channel":"application","context":"RouterExplorer","level":"info","message":"Mapped {/sizes/:id, GET} route","service":"juman-backend-node","timestamp":"2026-08-08T10:50:29.408Z"}
{"channel":"application","context":"RouterExplorer","level":"info","message":"Mapped {/sizes, POST} route","service":"juman-backend-node","timestamp":"2026-08-08T10:50:29.408Z"}
{"channel":"application","context":"RouterExplorer","level":"info","message":"Mapped {/sizes/:id, PATCH} route","service":"juman-backend-node","timestamp":"2026-08-08T10:50:29.409Z"}
{"channel":"application","context":"RouterExplorer","level":"info","message":"Mapped {/sizes/:id, DELETE} route","service":"juman-backend-node","timestamp":"2026-08-08T10:50:29.409Z"}
{"channel":"application","context":"RouterExplorer","level":"info","message":"Mapped {/sizes/:id/restore, POST} route","service":"juman-backend-node","timestamp":"2026-08-08T10:50:29.409Z"}
{"channel":"application","context":"RoutesResolver","level":"info","message":"LifecycleController {/items}:","service":"juman-backend-node","timestamp":"2026-08-08T10:50:29.409Z"}
{"channel":"application","context":"RouterExplorer","level":"info","message":"Mapped {/items/:id/state, GET} route","service":"juman-backend-node","timestamp":"2026-08-08T10:50:29.409Z"}
{"channel":"application","context":"RouterExplorer","level":"info","message":"Mapped {/items/:id/history, GET} route","service":"juman-backend-node","timestamp":"2026-08-08T10:50:29.409Z"}
{"channel":"application","context":"RouterExplorer","level":"info","message":"Mapped {/items/:id/transition, POST} route","service":"juman-backend-node","timestamp":"2026-08-08T10:50:29.409Z"}
{"channel":"application","context":"RoutesResolver","level":"info","message":"ItemsController {/items}:","service":"juman-backend-node","timestamp":"2026-08-08T10:50:29.409Z"}
{"channel":"application","context":"RouterExplorer","level":"info","message":"Mapped {/items, GET} route","service":"juman-backend-node","timestamp":"2026-08-08T10:50:29.409Z"}
{"channel":"application","context":"RouterExplorer","level":"info","message":"Mapped {/items/search, GET} route","service":"juman-backend-node","timestamp":"2026-08-08T10:50:29.409Z"}
{"channel":"application","context":"RouterExplorer","level":"info","message":"Mapped {/items/code/:internalCode, GET} route","service":"juman-backend-node","timestamp":"2026-08-08T10:50:29.410Z"}
{"channel":"application","context":"RouterExplorer","level":"info","message":"Mapped {/items/:id, GET} route","service":"juman-backend-node","timestamp":"2026-08-08T10:50:29.410Z"}
{"channel":"application","context":"RouterExplorer","level":"info","message":"Mapped {/items, POST} route","service":"juman-backend-node","timestamp":"2026-08-08T10:50:29.410Z"}
{"channel":"application","context":"RouterExplorer","level":"info","message":"Mapped {/items/:id, PATCH} route","service":"juman-backend-node","timestamp":"2026-08-08T10:50:29.410Z"}
{"channel":"application","context":"RouterExplorer","level":"info","message":"Mapped {/items/:id, DELETE} route","service":"juman-backend-node","timestamp":"2026-08-08T10:50:29.410Z"}
{"channel":"application","context":"RouterExplorer","level":"info","message":"Mapped {/items/:id/restore, POST} route","service":"juman-backend-node","timestamp":"2026-08-08T10:50:29.410Z"}
{"channel":"application","context":"RouterExplorer","level":"info","message":"Mapped {/items/:id/media, POST} route","service":"juman-backend-node","timestamp":"2026-08-08T10:50:29.410Z"}
{"channel":"application","context":"RoutesResolver","level":"info","message":"AvailabilityController {/availability}:","service":"juman-backend-node","timestamp":"2026-08-08T10:50:29.411Z"}
{"channel":"application","context":"RouterExplorer","level":"info","message":"Mapped {/availability, GET} route","service":"juman-backend-node","timestamp":"2026-08-08T10:50:29.411Z"}
{"channel":"application","context":"RouterExplorer","level":"info","message":"Mapped {/availability/calendar, GET} route","service":"juman-backend-node","timestamp":"2026-08-08T10:50:29.411Z"}
{"channel":"application","context":"RouterExplorer","level":"info","message":"Mapped {/availability/item/:id, GET} route","service":"juman-backend-node","timestamp":"2026-08-08T10:50:29.411Z"}
{"channel":"application","context":"RoutesResolver","level":"info","message":"FinanceController {/finance}:","service":"juman-backend-node","timestamp":"2026-08-08T10:50:29.411Z"}
{"channel":"application","context":"RouterExplorer","level":"info","message":"Mapped {/finance/accounts, GET} route","service":"juman-backend-node","timestamp":"2026-08-08T10:50:29.411Z"}
{"channel":"application","context":"RouterExplorer","level":"info","message":"Mapped {/finance/transactions, GET} route","service":"juman-backend-node","timestamp":"2026-08-08T10:50:29.411Z"}
{"channel":"application","context":"RouterExplorer","level":"info","message":"Mapped {/finance/payments, GET} route","service":"juman-backend-node","timestamp":"2026-08-08T10:50:29.411Z"}
{"channel":"application","context":"RouterExplorer","level":"info","message":"Mapped {/finance/payments, POST} route","service":"juman-backend-node","timestamp":"2026-08-08T10:50:29.411Z"}
{"channel":"application","context":"RouterExplorer","level":"info","message":"Mapped {/finance/outstanding, GET} route","service":"juman-backend-node","timestamp":"2026-08-08T10:50:29.412Z"}
{"channel":"application","context":"RoutesResolver","level":"info","message":"SettlementController {/settlements}:","service":"juman-backend-node","timestamp":"2026-08-08T10:50:29.412Z"}
{"channel":"application","context":"RouterExplorer","level":"info","message":"Mapped {/settlements, GET} route","service":"juman-backend-node","timestamp":"2026-08-08T10:50:29.412Z"}
{"channel":"application","context":"RouterExplorer","level":"info","message":"Mapped {/settlements/:id, GET} route","service":"juman-backend-node","timestamp":"2026-08-08T10:50:29.412Z"}
{"channel":"application","context":"RouterExplorer","level":"info","message":"Mapped {/settlements/:id/payment, POST} route","service":"juman-backend-node","timestamp":"2026-08-08T10:50:29.412Z"}
{"channel":"application","context":"RouterExplorer","level":"info","message":"Mapped {/settlements/:id/refund, POST} route","service":"juman-backend-node","timestamp":"2026-08-08T10:50:29.412Z"}
{"channel":"application","context":"RouterExplorer","level":"info","message":"Mapped {/settlements/:id/adjustment, POST} route","service":"juman-backend-node","timestamp":"2026-08-08T10:50:29.412Z"}
{"channel":"application","context":"RouterExplorer","level":"info","message":"Mapped {/settlements/:id/discount, POST} route","service":"juman-backend-node","timestamp":"2026-08-08T10:50:29.412Z"}
{"channel":"application","context":"RouterExplorer","level":"info","message":"Mapped {/settlements/:id/late-fee, POST} route","service":"juman-backend-node","timestamp":"2026-08-08T10:50:29.412Z"}
{"channel":"application","context":"RouterExplorer","level":"info","message":"Mapped {/settlements/:id/close, POST} route","service":"juman-backend-node","timestamp":"2026-08-08T10:50:29.413Z"}
{"channel":"application","context":"RouterExplorer","level":"info","message":"Mapped {/settlements/:id/cancel, POST} route","service":"juman-backend-node","timestamp":"2026-08-08T10:50:29.413Z"}
{"channel":"application","context":"RoutesResolver","level":"info","message":"RentalsController {/rentals}:","service":"juman-backend-node","timestamp":"2026-08-08T10:50:29.413Z"}
{"channel":"application","context":"RouterExplorer","level":"info","message":"Mapped {/rentals, GET} route","service":"juman-backend-node","timestamp":"2026-08-08T10:50:29.413Z"}
{"channel":"application","context":"RouterExplorer","level":"info","message":"Mapped {/rentals/:id/audit, GET} route","service":"juman-backend-node","timestamp":"2026-08-08T10:50:29.413Z"}
{"channel":"application","context":"RouterExplorer","level":"info","message":"Mapped {/rentals/:id, GET} route","service":"juman-backend-node","timestamp":"2026-08-08T10:50:29.413Z"}
{"channel":"application","context":"RouterExplorer","level":"info","message":"Mapped {/rentals, POST} route","service":"juman-backend-node","timestamp":"2026-08-08T10:50:29.413Z"}
{"channel":"application","context":"RouterExplorer","level":"info","message":"Mapped {/rentals/:id/notes, POST} route","service":"juman-backend-node","timestamp":"2026-08-08T10:50:29.414Z"}
{"channel":"application","context":"RouterExplorer","level":"info","message":"Mapped {/rentals/:id, PATCH} route","service":"juman-backend-node","timestamp":"2026-08-08T10:50:29.414Z"}
{"channel":"application","context":"RouterExplorer","level":"info","message":"Mapped {/rentals/:id/checkout, POST} route","service":"juman-backend-node","timestamp":"2026-08-08T10:50:29.414Z"}
{"channel":"application","context":"RouterExplorer","level":"info","message":"Mapped {/rentals/:id/return, POST} route","service":"juman-backend-node","timestamp":"2026-08-08T10:50:29.414Z"}
{"channel":"application","context":"RouterExplorer","level":"info","message":"Mapped {/rentals/:id/complete, POST} route","service":"juman-backend-node","timestamp":"2026-08-08T10:50:29.414Z"}
{"channel":"application","context":"RouterExplorer","level":"info","message":"Mapped {/rentals/:id/cancel, POST} route","service":"juman-backend-node","timestamp":"2026-08-08T10:50:29.414Z"}
{"channel":"application","context":"RoutesResolver","level":"info","message":"ReservationsController {/reservations}:","service":"juman-backend-node","timestamp":"2026-08-08T10:50:29.414Z"}
{"channel":"application","context":"RouterExplorer","level":"info","message":"Mapped {/reservations, GET} route","service":"juman-backend-node","timestamp":"2026-08-08T10:50:29.414Z"}
{"channel":"application","context":"RouterExplorer","level":"info","message":"Mapped {/reservations/:id, GET} route","service":"juman-backend-node","timestamp":"2026-08-08T10:50:29.414Z"}
{"channel":"application","context":"RouterExplorer","level":"info","message":"Mapped {/reservations, POST} route","service":"juman-backend-node","timestamp":"2026-08-08T10:50:29.415Z"}
{"channel":"application","context":"RouterExplorer","level":"info","message":"Mapped {/reservations/:id/checkout, POST} route","service":"juman-backend-node","timestamp":"2026-08-08T10:50:29.415Z"}
{"channel":"application","context":"RouterExplorer","level":"info","message":"Mapped {/reservations/:id/cancel, POST} route","service":"juman-backend-node","timestamp":"2026-08-08T10:50:29.415Z"}
{"channel":"application","context":"RouterExplorer","level":"info","message":"Mapped {/reservations/:id/expire, POST} route","service":"juman-backend-node","timestamp":"2026-08-08T10:50:29.415Z"}
{"channel":"application","context":"RoutesResolver","level":"info","message":"SalesController {/sales}:","service":"juman-backend-node","timestamp":"2026-08-08T10:50:29.415Z"}
{"channel":"application","context":"RouterExplorer","level":"info","message":"Mapped {/sales, GET} route","service":"juman-backend-node","timestamp":"2026-08-08T10:50:29.415Z"}
{"channel":"application","context":"RouterExplorer","level":"info","message":"Mapped {/sales/:id/history, GET} route","service":"juman-backend-node","timestamp":"2026-08-08T10:50:29.415Z"}
{"channel":"application","context":"RouterExplorer","level":"info","message":"Mapped {/sales/:id, GET} route","service":"juman-backend-node","timestamp":"2026-08-08T10:50:29.415Z"}
{"channel":"application","context":"RouterExplorer","level":"info","message":"Mapped {/sales, POST} route","service":"juman-backend-node","timestamp":"2026-08-08T10:50:29.415Z"}
{"channel":"application","context":"RouterExplorer","level":"info","message":"Mapped {/sales/:id/confirm, POST} route","service":"juman-backend-node","timestamp":"2026-08-08T10:50:29.415Z"}
{"channel":"application","context":"RouterExplorer","level":"info","message":"Mapped {/sales/:id/payment, POST} route","service":"juman-backend-node","timestamp":"2026-08-08T10:50:29.415Z"}
{"channel":"application","context":"RouterExplorer","level":"info","message":"Mapped {/sales/:id/complete, POST} route","service":"juman-backend-node","timestamp":"2026-08-08T10:50:29.416Z"}
{"channel":"application","context":"RouterExplorer","level":"info","message":"Mapped {/sales/:id/cancel, POST} route","service":"juman-backend-node","timestamp":"2026-08-08T10:50:29.416Z"}
{"channel":"application","context":"RoutesResolver","level":"info","message":"ReportsController {/reports}:","service":"juman-backend-node","timestamp":"2026-08-08T10:50:29.416Z"}
{"channel":"application","context":"RouterExplorer","level":"info","message":"Mapped {/reports/dashboard, GET} route","service":"juman-backend-node","timestamp":"2026-08-08T10:50:29.416Z"}
{"channel":"application","context":"RouterExplorer","level":"info","message":"Mapped {/reports/financial, GET} route","service":"juman-backend-node","timestamp":"2026-08-08T10:50:29.416Z"}
{"channel":"application","context":"RouterExplorer","level":"info","message":"Mapped {/reports/rentals/current, GET} route","service":"juman-backend-node","timestamp":"2026-08-08T10:50:29.416Z"}
{"channel":"application","context":"RouterExplorer","level":"info","message":"Mapped {/reports/rentals/overdue, GET} route","service":"juman-backend-node","timestamp":"2026-08-08T10:50:29.416Z"}
{"channel":"application","context":"RouterExplorer","level":"info","message":"Mapped {/reports/rentals/returns, GET} route","service":"juman-backend-node","timestamp":"2026-08-08T10:50:29.416Z"}
{"channel":"application","context":"RouterExplorer","level":"info","message":"Mapped {/reports/rentals/reservations, GET} route","service":"juman-backend-node","timestamp":"2026-08-08T10:50:29.416Z"}
{"channel":"application","context":"RouterExplorer","level":"info","message":"Mapped {/reports/rentals/history, GET} route","service":"juman-backend-node","timestamp":"2026-08-08T10:50:29.417Z"}
{"channel":"application","context":"RouterExplorer","level":"info","message":"Mapped {/reports/inventory/value, GET} route","service":"juman-backend-node","timestamp":"2026-08-08T10:50:29.417Z"}
{"channel":"application","context":"RouterExplorer","level":"info","message":"Mapped {/reports/inventory/availability, GET} route","service":"juman-backend-node","timestamp":"2026-08-08T10:50:29.417Z"}
{"channel":"application","context":"RouterExplorer","level":"info","message":"Mapped {/reports/inventory/category, GET} route","service":"juman-backend-node","timestamp":"2026-08-08T10:50:29.417Z"}
{"channel":"application","context":"RouterExplorer","level":"info","message":"Mapped {/reports/inventory/brand, GET} route","service":"juman-backend-node","timestamp":"2026-08-08T10:50:29.417Z"}
{"channel":"application","context":"RouterExplorer","level":"info","message":"Mapped {/reports/inventory/color, GET} route","service":"juman-backend-node","timestamp":"2026-08-08T10:50:29.418Z"}
{"channel":"application","context":"RouterExplorer","level":"info","message":"Mapped {/reports/inventory/size, GET} route","service":"juman-backend-node","timestamp":"2026-08-08T10:50:29.418Z"}
{"channel":"application","context":"RouterExplorer","level":"info","message":"Mapped {/reports/inventory/lifecycle, GET} route","service":"juman-backend-node","timestamp":"2026-08-08T10:50:29.418Z"}
{"channel":"application","context":"RouterExplorer","level":"info","message":"Mapped {/reports/inventory/retired, GET} route","service":"juman-backend-node","timestamp":"2026-08-08T10:50:29.418Z"}
{"channel":"application","context":"RouterExplorer","level":"info","message":"Mapped {/reports/inventory/maintenance, GET} route","service":"juman-backend-node","timestamp":"2026-08-08T10:50:29.418Z"}
{"channel":"application","context":"RouterExplorer","level":"info","message":"Mapped {/reports/customers/:id/rentals, GET} route","service":"juman-backend-node","timestamp":"2026-08-08T10:50:29.418Z"}
{"channel":"application","context":"RouterExplorer","level":"info","message":"Mapped {/reports/customers/:id/outstanding, GET} route","service":"juman-backend-node","timestamp":"2026-08-08T10:50:29.419Z"}
{"channel":"application","context":"RouterExplorer","level":"info","message":"Mapped {/reports/customers/:id/payments, GET} route","service":"juman-backend-node","timestamp":"2026-08-08T10:50:29.419Z"}
{"channel":"application","context":"RouterExplorer","level":"info","message":"Mapped {/reports/customers/:id/reservations, GET} route","service":"juman-backend-node","timestamp":"2026-08-08T10:50:29.420Z"}
{"channel":"application","context":"RouterExplorer","level":"info","message":"Mapped {/reports/export, GET} route","service":"juman-backend-node","timestamp":"2026-08-08T10:50:29.420Z"}
{"channel":"application","context":"RoutesResolver","level":"info","message":"HealthController {/health}:","service":"juman-backend-node","timestamp":"2026-08-08T10:50:29.421Z"}
{"channel":"application","context":"RouterExplorer","level":"info","message":"Mapped {/health, GET} route","service":"juman-backend-node","timestamp":"2026-08-08T10:50:29.421Z"}
{"channel":"application","context":"NestApplication","level":"info","message":"Nest application successfully started","service":"juman-backend-node","timestamp":"2026-08-08T10:50:29.421Z"}
{"channel":"startup","context":"Startup","level":"info","message":"Listening on http://127.0.0.1:8787","service":"juman-backend-node","timestamp":"2026-08-08T10:50:29.422Z"}
{"channel":"startup","context":"Startup","level":"info","message":"GET /health ready","service":"juman-backend-node","timestamp":"2026-08-08T10:50:29.423Z"}
{"channel":"startup","context":"Startup","level":"info","message":"Prisma disconnected","service":"juman-backend-node","timestamp":"2026-08-08T11:00:44.575Z"}
{"channel":"startup","context":"Startup","dataDir":"C:\\Users\\moham\\Desktop\\juman","envCreated":false,"envFile":"C:\\Users\\moham\\Desktop\\juman\\config\\juman.env","environment":"development","host":"127.0.0.1","level":"info","message":"Juman Backend V2 starting","migrations":"applied","port":8787,"service":"juman-backend-node","timestamp":"2026-08-08T11:04:03.064Z","version":"2.0.0"}
{"channel":"startup","context":"Startup","level":"info","message":"SQLite PRAGMAs applied (foreign_keys, WAL, busy_timeout)","service":"juman-backend-node","timestamp":"2026-08-08T11:04:03.163Z"}
{"channel":"startup","context":"Startup","level":"info","message":"Prisma connected to SQLite","service":"juman-backend-node","timestamp":"2026-08-08T11:04:03.166Z"}
{"channel":"startup","context":"Startup","count":27,"level":"info","message":"App settings ensured","service":"juman-backend-node","timestamp":"2026-08-08T11:04:03.268Z"}
{"channel":"startup","context":"Startup","count":104,"level":"info","message":"RBAC permissions ensured","service":"juman-backend-node","timestamp":"2026-08-08T11:04:03.468Z"}
{"channel":"startup","context":"Startup","count":104,"level":"info","message":"RBAC permissions ensured","service":"juman-backend-node","timestamp":"2026-08-08T11:04:03.630Z"}
{"channel":"startup","context":"Startup","count":4,"level":"info","message":"RBAC system roles ensured","service":"juman-backend-node","timestamp":"2026-08-08T11:04:03.840Z"}
{"channel":"startup","context":"Startup","level":"info","message":"Administrator user already present","service":"juman-backend-node","timestamp":"2026-08-08T11:04:03.845Z","username":"admin"}
{"categories":3,"channel":"startup","context":"Startup","level":"info","message":"Demo seed skipped (categories already present)","service":"juman-backend-node","timestamp":"2026-08-08T11:04:03.849Z"}
{"channel":"startup","context":"Startup","customerId":"45c43439-599c-459d-85d9-5ad83caded3a","customerNumber":"WALK-IN","level":"info","message":"Walk-in customer ready","service":"juman-backend-node","timestamp":"2026-08-08T11:04:03.857Z"}
{"channel":"application","context":"NestFactory","level":"info","message":"Starting Nest application...","service":"juman-backend-node","timestamp":"2026-08-08T11:04:03.881Z"}
{"channel":"application","context":"InstanceLoader","level":"info","message":"LoggerModule dependencies initialized","service":"juman-backend-node","timestamp":"2026-08-08T11:04:03.882Z"}
{"channel":"application","context":"InstanceLoader","level":"info","message":"PassportModule dependencies initialized","service":"juman-backend-node","timestamp":"2026-08-08T11:04:03.882Z"}
{"channel":"application","context":"InstanceLoader","level":"info","message":"ConfigHostModule dependencies initialized","service":"juman-backend-node","timestamp":"2026-08-08T11:04:03.882Z"}
{"channel":"application","context":"InstanceLoader","level":"info","message":"ConfigModule dependencies initialized","service":"juman-backend-node","timestamp":"2026-08-08T11:04:03.882Z"}
{"channel":"application","context":"InstanceLoader","level":"info","message":"ConfigModule dependencies initialized","service":"juman-backend-node","timestamp":"2026-08-08T11:04:03.882Z"}
{"channel":"application","context":"InstanceLoader","level":"info","message":"PrismaModule dependencies initialized","service":"juman-backend-node","timestamp":"2026-08-08T11:04:03.883Z"}
{"channel":"application","context":"InstanceLoader","level":"info","message":"JwtModule dependencies initialized","service":"juman-backend-node","timestamp":"2026-08-08T11:04:03.883Z"}
{"channel":"application","context":"InstanceLoader","level":"info","message":"SettingsModule dependencies initialized","service":"juman-backend-node","timestamp":"2026-08-08T11:04:03.884Z"}
{"channel":"application","context":"InstanceLoader","level":"info","message":"AuditModule dependencies initialized","service":"juman-backend-node","timestamp":"2026-08-08T11:04:03.884Z"}
{"channel":"application","context":"InstanceLoader","level":"info","message":"PermissionsModule dependencies initialized","service":"juman-backend-node","timestamp":"2026-08-08T11:04:03.884Z"}
{"channel":"application","context":"InstanceLoader","level":"info","message":"UsersModule dependencies initialized","service":"juman-backend-node","timestamp":"2026-08-08T11:04:03.885Z"}
{"channel":"application","context":"InstanceLoader","level":"info","message":"SecurityModule dependencies initialized","service":"juman-backend-node","timestamp":"2026-08-08T11:04:03.885Z"}
{"channel":"application","context":"InstanceLoader","level":"info","message":"HealthModule dependencies initialized","service":"juman-backend-node","timestamp":"2026-08-08T11:04:03.885Z"}
{"channel":"application","context":"InstanceLoader","level":"info","message":"RolesModule dependencies initialized","service":"juman-backend-node","timestamp":"2026-08-08T11:04:03.885Z"}
{"channel":"application","context":"InstanceLoader","level":"info","message":"AppModule dependencies initialized","service":"juman-backend-node","timestamp":"2026-08-08T11:04:03.886Z"}
{"channel":"application","context":"InstanceLoader","level":"info","message":"AvailabilityModule dependencies initialized","service":"juman-backend-node","timestamp":"2026-08-08T11:04:03.886Z"}
{"channel":"application","context":"InstanceLoader","level":"info","message":"ReportsModule dependencies initialized","service":"juman-backend-node","timestamp":"2026-08-08T11:04:03.887Z"}
{"channel":"application","context":"InstanceLoader","level":"info","message":"MediaModule dependencies initialized","service":"juman-backend-node","timestamp":"2026-08-08T11:04:03.887Z"}
{"channel":"application","context":"InstanceLoader","level":"info","message":"BarcodeModule dependencies initialized","service":"juman-backend-node","timestamp":"2026-08-08T11:04:03.887Z"}
{"channel":"application","context":"InstanceLoader","level":"info","message":"CustomersModule dependencies initialized","service":"juman-backend-node","timestamp":"2026-08-08T11:04:03.888Z"}
{"channel":"application","context":"InstanceLoader","level":"info","message":"AuthModule dependencies initialized","service":"juman-backend-node","timestamp":"2026-08-08T11:04:03.888Z"}
{"channel":"application","context":"InstanceLoader","level":"info","message":"InventoryModule dependencies initialized","service":"juman-backend-node","timestamp":"2026-08-08T11:04:03.889Z"}
{"channel":"application","context":"InstanceLoader","level":"info","message":"FinanceModule dependencies initialized","service":"juman-backend-node","timestamp":"2026-08-08T11:04:03.889Z"}
{"channel":"application","context":"InstanceLoader","level":"info","message":"RentalsModule dependencies initialized","service":"juman-backend-node","timestamp":"2026-08-08T11:04:03.889Z"}
{"channel":"application","context":"InstanceLoader","level":"info","message":"SalesModule dependencies initialized","service":"juman-backend-node","timestamp":"2026-08-08T11:04:03.890Z"}
{"channel":"application","context":"InstanceLoader","level":"info","message":"ReservationsModule dependencies initialized","service":"juman-backend-node","timestamp":"2026-08-08T11:04:03.890Z"}
{"channel":"application","context":"RoutesResolver","level":"info","message":"MediaController {/media}:","service":"juman-backend-node","timestamp":"2026-08-08T11:04:03.891Z"}
{"channel":"application","context":"RouterExplorer","level":"info","message":"Mapped {/media, GET} route","service":"juman-backend-node","timestamp":"2026-08-08T11:04:03.891Z"}
{"channel":"application","context":"RouterExplorer","level":"info","message":"Mapped {/media/:id, GET} route","service":"juman-backend-node","timestamp":"2026-08-08T11:04:03.892Z"}
{"channel":"application","context":"RouterExplorer","level":"info","message":"Mapped {/media/:id/integrity, GET} route","service":"juman-backend-node","timestamp":"2026-08-08T11:04:03.893Z"}
{"channel":"application","context":"RouterExplorer","level":"info","message":"Mapped {/media, POST} route","service":"juman-backend-node","timestamp":"2026-08-08T11:04:03.893Z"}
{"channel":"application","context":"RouterExplorer","level":"info","message":"Mapped {/media/:id, DELETE} route","service":"juman-backend-node","timestamp":"2026-08-08T11:04:03.894Z"}
{"channel":"application","context":"RouterExplorer","level":"info","message":"Mapped {/media/:id/restore, POST} route","service":"juman-backend-node","timestamp":"2026-08-08T11:04:03.894Z"}
{"channel":"application","context":"RoutesResolver","level":"info","message":"BarcodeController {/barcodes}:","service":"juman-backend-node","timestamp":"2026-08-08T11:04:03.894Z"}
{"channel":"application","context":"RouterExplorer","level":"info","message":"Mapped {/barcodes, GET} route","service":"juman-backend-node","timestamp":"2026-08-08T11:04:03.894Z"}
{"channel":"application","context":"RouterExplorer","level":"info","message":"Mapped {/barcodes/:id, GET} route","service":"juman-backend-node","timestamp":"2026-08-08T11:04:03.894Z"}
{"channel":"application","context":"RouterExplorer","level":"info","message":"Mapped {/barcodes/generate, POST} route","service":"juman-backend-node","timestamp":"2026-08-08T11:04:03.894Z"}
{"channel":"application","context":"RouterExplorer","level":"info","message":"Mapped {/barcodes/validate, POST} route","service":"juman-backend-node","timestamp":"2026-08-08T11:04:03.894Z"}
{"channel":"application","context":"RouterExplorer","level":"info","message":"Mapped {/barcodes/reserve, POST} route","service":"juman-backend-node","timestamp":"2026-08-08T11:04:03.895Z"}
{"channel":"application","context":"RouterExplorer","level":"info","message":"Mapped {/barcodes/release, POST} route","service":"juman-backend-node","timestamp":"2026-08-08T11:04:03.895Z"}
{"channel":"application","context":"RouterExplorer","level":"info","message":"Mapped {/barcodes/retire, POST} route","service":"juman-backend-node","timestamp":"2026-08-08T11:04:03.895Z"}
{"channel":"application","context":"RoutesResolver","level":"info","message":"AuthController {/auth}:","service":"juman-backend-node","timestamp":"2026-08-08T11:04:03.895Z"}
{"channel":"application","context":"RouterExplorer","level":"info","message":"Mapped {/auth/login, POST} route","service":"juman-backend-node","timestamp":"2026-08-08T11:04:03.895Z"}
{"channel":"application","context":"RouterExplorer","level":"info","message":"Mapped {/auth/logout, POST} route","service":"juman-backend-node","timestamp":"2026-08-08T11:04:03.895Z"}
{"channel":"application","context":"RouterExplorer","level":"info","message":"Mapped {/auth/change-password, POST} route","service":"juman-backend-node","timestamp":"2026-08-08T11:04:03.895Z"}
{"channel":"application","context":"RouterExplorer","level":"info","message":"Mapped {/auth/admin/unlock, POST} route","service":"juman-backend-node","timestamp":"2026-08-08T11:04:03.895Z"}
{"channel":"application","context":"RouterExplorer","level":"info","message":"Mapped {/auth/session, GET} route","service":"juman-backend-node","timestamp":"2026-08-08T11:04:03.896Z"}
{"channel":"application","context":"RouterExplorer","level":"info","message":"Mapped {/auth/me, GET} route","service":"juman-backend-node","timestamp":"2026-08-08T11:04:03.896Z"}
{"channel":"application","context":"RoutesResolver","level":"info","message":"CustomersController {/customers}:","service":"juman-backend-node","timestamp":"2026-08-08T11:04:03.896Z"}
{"channel":"application","context":"RouterExplorer","level":"info","message":"Mapped {/customers, GET} route","service":"juman-backend-node","timestamp":"2026-08-08T11:04:03.897Z"}
{"channel":"application","context":"RouterExplorer","level":"info","message":"Mapped {/customers/search, GET} route","service":"juman-backend-node","timestamp":"2026-08-08T11:04:03.897Z"}
{"channel":"application","context":"RouterExplorer","level":"info","message":"Mapped {/customers/number/:customerNumber, GET} route","service":"juman-backend-node","timestamp":"2026-08-08T11:04:03.897Z"}
{"channel":"application","context":"RouterExplorer","level":"info","message":"Mapped {/customers/:id, GET} route","service":"juman-backend-node","timestamp":"2026-08-08T11:04:03.897Z"}
{"channel":"application","context":"RouterExplorer","level":"info","message":"Mapped {/customers, POST} route","service":"juman-backend-node","timestamp":"2026-08-08T11:04:03.897Z"}
{"channel":"application","context":"RouterExplorer","level":"info","message":"Mapped {/customers/:id, PATCH} route","service":"juman-backend-node","timestamp":"2026-08-08T11:04:03.898Z"}
{"channel":"application","context":"RouterExplorer","level":"info","message":"Mapped {/customers/:id, DELETE} route","service":"juman-backend-node","timestamp":"2026-08-08T11:04:03.898Z"}
{"channel":"application","context":"RouterExplorer","level":"info","message":"Mapped {/customers/:id/restore, POST} route","service":"juman-backend-node","timestamp":"2026-08-08T11:04:03.898Z"}
{"channel":"application","context":"RoutesResolver","level":"info","message":"CategoriesController {/categories}:","service":"juman-backend-node","timestamp":"2026-08-08T11:04:03.899Z"}
{"channel":"application","context":"RouterExplorer","level":"info","message":"Mapped {/categories, GET} route","service":"juman-backend-node","timestamp":"2026-08-08T11:04:03.899Z"}
{"channel":"application","context":"RouterExplorer","level":"info","message":"Mapped {/categories/:id, GET} route","service":"juman-backend-node","timestamp":"2026-08-08T11:04:03.899Z"}
{"channel":"application","context":"RouterExplorer","level":"info","message":"Mapped {/categories, POST} route","service":"juman-backend-node","timestamp":"2026-08-08T11:04:03.900Z"}
{"channel":"application","context":"RouterExplorer","level":"info","message":"Mapped {/categories/:id, PATCH} route","service":"juman-backend-node","timestamp":"2026-08-08T11:04:03.900Z"}
{"channel":"application","context":"RouterExplorer","level":"info","message":"Mapped {/categories/:id, DELETE} route","service":"juman-backend-node","timestamp":"2026-08-08T11:04:03.900Z"}
{"channel":"application","context":"RouterExplorer","level":"info","message":"Mapped {/categories/:id/restore, POST} route","service":"juman-backend-node","timestamp":"2026-08-08T11:04:03.900Z"}
{"channel":"application","context":"RoutesResolver","level":"info","message":"BrandsController {/brands}:","service":"juman-backend-node","timestamp":"2026-08-08T11:04:03.901Z"}
{"channel":"application","context":"RouterExplorer","level":"info","message":"Mapped {/brands, GET} route","service":"juman-backend-node","timestamp":"2026-08-08T11:04:03.901Z"}
{"channel":"application","context":"RouterExplorer","level":"info","message":"Mapped {/brands/:id, GET} route","service":"juman-backend-node","timestamp":"2026-08-08T11:04:03.901Z"}
{"channel":"application","context":"RouterExplorer","level":"info","message":"Mapped {/brands, POST} route","service":"juman-backend-node","timestamp":"2026-08-08T11:04:03.901Z"}
{"channel":"application","context":"RouterExplorer","level":"info","message":"Mapped {/brands/:id, PATCH} route","service":"juman-backend-node","timestamp":"2026-08-08T11:04:03.901Z"}
{"channel":"application","context":"RouterExplorer","level":"info","message":"Mapped {/brands/:id, DELETE} route","service":"juman-backend-node","timestamp":"2026-08-08T11:04:03.901Z"}
{"channel":"application","context":"RouterExplorer","level":"info","message":"Mapped {/brands/:id/restore, POST} route","service":"juman-backend-node","timestamp":"2026-08-08T11:04:03.902Z"}
{"channel":"application","context":"RoutesResolver","level":"info","message":"ColorsController {/colors}:","service":"juman-backend-node","timestamp":"2026-08-08T11:04:03.902Z"}
{"channel":"application","context":"RouterExplorer","level":"info","message":"Mapped {/colors, GET} route","service":"juman-backend-node","timestamp":"2026-08-08T11:04:03.902Z"}
{"channel":"application","context":"RouterExplorer","level":"info","message":"Mapped {/colors/:id, GET} route","service":"juman-backend-node","timestamp":"2026-08-08T11:04:03.902Z"}
{"channel":"application","context":"RouterExplorer","level":"info","message":"Mapped {/colors, POST} route","service":"juman-backend-node","timestamp":"2026-08-08T11:04:03.903Z"}
{"channel":"application","context":"RouterExplorer","level":"info","message":"Mapped {/colors/:id, PATCH} route","service":"juman-backend-node","timestamp":"2026-08-08T11:04:03.903Z"}
{"channel":"application","context":"RouterExplorer","level":"info","message":"Mapped {/colors/:id, DELETE} route","service":"juman-backend-node","timestamp":"2026-08-08T11:04:03.904Z"}
{"channel":"application","context":"RouterExplorer","level":"info","message":"Mapped {/colors/:id/restore, POST} route","service":"juman-backend-node","timestamp":"2026-08-08T11:04:03.904Z"}
{"channel":"application","context":"RoutesResolver","level":"info","message":"SizesController {/sizes}:","service":"juman-backend-node","timestamp":"2026-08-08T11:04:03.904Z"}
{"channel":"application","context":"RouterExplorer","level":"info","message":"Mapped {/sizes, GET} route","service":"juman-backend-node","timestamp":"2026-08-08T11:04:03.904Z"}
{"channel":"application","context":"RouterExplorer","level":"info","message":"Mapped {/sizes/:id, GET} route","service":"juman-backend-node","timestamp":"2026-08-08T11:04:03.904Z"}
{"channel":"application","context":"RouterExplorer","level":"info","message":"Mapped {/sizes, POST} route","service":"juman-backend-node","timestamp":"2026-08-08T11:04:03.904Z"}
{"channel":"application","context":"RouterExplorer","level":"info","message":"Mapped {/sizes/:id, PATCH} route","service":"juman-backend-node","timestamp":"2026-08-08T11:04:03.904Z"}
{"channel":"application","context":"RouterExplorer","level":"info","message":"Mapped {/sizes/:id, DELETE} route","service":"juman-backend-node","timestamp":"2026-08-08T11:04:03.904Z"}
{"channel":"application","context":"RouterExplorer","level":"info","message":"Mapped {/sizes/:id/restore, POST} route","service":"juman-backend-node","timestamp":"2026-08-08T11:04:03.904Z"}
{"channel":"application","context":"RoutesResolver","level":"info","message":"LifecycleController {/items}:","service":"juman-backend-node","timestamp":"2026-08-08T11:04:03.904Z"}
{"channel":"application","context":"RouterExplorer","level":"info","message":"Mapped {/items/:id/state, GET} route","service":"juman-backend-node","timestamp":"2026-08-08T11:04:03.905Z"}
{"channel":"application","context":"RouterExplorer","level":"info","message":"Mapped {/items/:id/history, GET} route","service":"juman-backend-node","timestamp":"2026-08-08T11:04:03.905Z"}
{"channel":"application","context":"RouterExplorer","level":"info","message":"Mapped {/items/:id/transition, POST} route","service":"juman-backend-node","timestamp":"2026-08-08T11:04:03.905Z"}
{"channel":"application","context":"RoutesResolver","level":"info","message":"ItemsController {/items}:","service":"juman-backend-node","timestamp":"2026-08-08T11:04:03.905Z"}
{"channel":"application","context":"RouterExplorer","level":"info","message":"Mapped {/items, GET} route","service":"juman-backend-node","timestamp":"2026-08-08T11:04:03.905Z"}
{"channel":"application","context":"RouterExplorer","level":"info","message":"Mapped {/items/search, GET} route","service":"juman-backend-node","timestamp":"2026-08-08T11:04:03.905Z"}
{"channel":"application","context":"RouterExplorer","level":"info","message":"Mapped {/items/code/:internalCode, GET} route","service":"juman-backend-node","timestamp":"2026-08-08T11:04:03.905Z"}
{"channel":"application","context":"RouterExplorer","level":"info","message":"Mapped {/items/:id, GET} route","service":"juman-backend-node","timestamp":"2026-08-08T11:04:03.905Z"}
{"channel":"application","context":"RouterExplorer","level":"info","message":"Mapped {/items, POST} route","service":"juman-backend-node","timestamp":"2026-08-08T11:04:03.906Z"}
{"channel":"application","context":"RouterExplorer","level":"info","message":"Mapped {/items/:id, PATCH} route","service":"juman-backend-node","timestamp":"2026-08-08T11:04:03.906Z"}
{"channel":"application","context":"RouterExplorer","level":"info","message":"Mapped {/items/:id, DELETE} route","service":"juman-backend-node","timestamp":"2026-08-08T11:04:03.908Z"}
{"channel":"application","context":"RouterExplorer","level":"info","message":"Mapped {/items/:id/restore, POST} route","service":"juman-backend-node","timestamp":"2026-08-08T11:04:03.909Z"}
{"channel":"application","context":"RouterExplorer","level":"info","message":"Mapped {/items/:id/media, POST} route","service":"juman-backend-node","timestamp":"2026-08-08T11:04:03.909Z"}
{"channel":"application","context":"RoutesResolver","level":"info","message":"AvailabilityController {/availability}:","service":"juman-backend-node","timestamp":"2026-08-08T11:04:03.910Z"}
{"channel":"application","context":"RouterExplorer","level":"info","message":"Mapped {/availability, GET} route","service":"juman-backend-node","timestamp":"2026-08-08T11:04:03.910Z"}
{"channel":"application","context":"RouterExplorer","level":"info","message":"Mapped {/availability/calendar, GET} route","service":"juman-backend-node","timestamp":"2026-08-08T11:04:03.911Z"}
{"channel":"application","context":"RouterExplorer","level":"info","message":"Mapped {/availability/item/:id, GET} route","service":"juman-backend-node","timestamp":"2026-08-08T11:04:03.911Z"}
{"channel":"application","context":"RoutesResolver","level":"info","message":"FinanceController {/finance}:","service":"juman-backend-node","timestamp":"2026-08-08T11:04:03.911Z"}
{"channel":"application","context":"RouterExplorer","level":"info","message":"Mapped {/finance/accounts, GET} route","service":"juman-backend-node","timestamp":"2026-08-08T11:04:03.912Z"}
{"channel":"application","context":"RouterExplorer","level":"info","message":"Mapped {/finance/transactions, GET} route","service":"juman-backend-node","timestamp":"2026-08-08T11:04:03.912Z"}
{"channel":"application","context":"RouterExplorer","level":"info","message":"Mapped {/finance/payments, GET} route","service":"juman-backend-node","timestamp":"2026-08-08T11:04:03.912Z"}
{"channel":"application","context":"RouterExplorer","level":"info","message":"Mapped {/finance/payments, POST} route","service":"juman-backend-node","timestamp":"2026-08-08T11:04:03.912Z"}
{"channel":"application","context":"RouterExplorer","level":"info","message":"Mapped {/finance/outstanding, GET} route","service":"juman-backend-node","timestamp":"2026-08-08T11:04:03.912Z"}
{"channel":"application","context":"RoutesResolver","level":"info","message":"SettlementController {/settlements}:","service":"juman-backend-node","timestamp":"2026-08-08T11:04:03.913Z"}
{"channel":"application","context":"RouterExplorer","level":"info","message":"Mapped {/settlements, GET} route","service":"juman-backend-node","timestamp":"2026-08-08T11:04:03.913Z"}
{"channel":"application","context":"RouterExplorer","level":"info","message":"Mapped {/settlements/:id, GET} route","service":"juman-backend-node","timestamp":"2026-08-08T11:04:03.913Z"}
{"channel":"application","context":"RouterExplorer","level":"info","message":"Mapped {/settlements/:id/payment, POST} route","service":"juman-backend-node","timestamp":"2026-08-08T11:04:03.913Z"}
{"channel":"application","context":"RouterExplorer","level":"info","message":"Mapped {/settlements/:id/refund, POST} route","service":"juman-backend-node","timestamp":"2026-08-08T11:04:03.913Z"}
{"channel":"application","context":"RouterExplorer","level":"info","message":"Mapped {/settlements/:id/adjustment, POST} route","service":"juman-backend-node","timestamp":"2026-08-08T11:04:03.913Z"}
{"channel":"application","context":"RouterExplorer","level":"info","message":"Mapped {/settlements/:id/discount, POST} route","service":"juman-backend-node","timestamp":"2026-08-08T11:04:03.914Z"}
{"channel":"application","context":"RouterExplorer","level":"info","message":"Mapped {/settlements/:id/late-fee, POST} route","service":"juman-backend-node","timestamp":"2026-08-08T11:04:03.914Z"}
{"channel":"application","context":"RouterExplorer","level":"info","message":"Mapped {/settlements/:id/close, POST} route","service":"juman-backend-node","timestamp":"2026-08-08T11:04:03.914Z"}
{"channel":"application","context":"RouterExplorer","level":"info","message":"Mapped {/settlements/:id/cancel, POST} route","service":"juman-backend-node","timestamp":"2026-08-08T11:04:03.914Z"}
{"channel":"application","context":"RoutesResolver","level":"info","message":"RentalsController {/rentals}:","service":"juman-backend-node","timestamp":"2026-08-08T11:04:03.914Z"}
{"channel":"application","context":"RouterExplorer","level":"info","message":"Mapped {/rentals, GET} route","service":"juman-backend-node","timestamp":"2026-08-08T11:04:03.914Z"}
{"channel":"application","context":"RouterExplorer","level":"info","message":"Mapped {/rentals/:id/audit, GET} route","service":"juman-backend-node","timestamp":"2026-08-08T11:04:03.915Z"}
{"channel":"application","context":"RouterExplorer","level":"info","message":"Mapped {/rentals/:id, GET} route","service":"juman-backend-node","timestamp":"2026-08-08T11:04:03.915Z"}
{"channel":"application","context":"RouterExplorer","level":"info","message":"Mapped {/rentals, POST} route","service":"juman-backend-node","timestamp":"2026-08-08T11:04:03.915Z"}
{"channel":"application","context":"RouterExplorer","level":"info","message":"Mapped {/rentals/:id/notes, POST} route","service":"juman-backend-node","timestamp":"2026-08-08T11:04:03.915Z"}
{"channel":"application","context":"RouterExplorer","level":"info","message":"Mapped {/rentals/:id, PATCH} route","service":"juman-backend-node","timestamp":"2026-08-08T11:04:03.915Z"}
{"channel":"application","context":"RouterExplorer","level":"info","message":"Mapped {/rentals/:id/checkout, POST} route","service":"juman-backend-node","timestamp":"2026-08-08T11:04:03.916Z"}
{"channel":"application","context":"RouterExplorer","level":"info","message":"Mapped {/rentals/:id/return, POST} route","service":"juman-backend-node","timestamp":"2026-08-08T11:04:03.916Z"}
{"channel":"application","context":"RouterExplorer","level":"info","message":"Mapped {/rentals/:id/complete, POST} route","service":"juman-backend-node","timestamp":"2026-08-08T11:04:03.916Z"}
{"channel":"application","context":"RouterExplorer","level":"info","message":"Mapped {/rentals/:id/cancel, POST} route","service":"juman-backend-node","timestamp":"2026-08-08T11:04:03.916Z"}
{"channel":"application","context":"RoutesResolver","level":"info","message":"ReservationsController {/reservations}:","service":"juman-backend-node","timestamp":"2026-08-08T11:04:03.916Z"}
{"channel":"application","context":"RouterExplorer","level":"info","message":"Mapped {/reservations, GET} route","service":"juman-backend-node","timestamp":"2026-08-08T11:04:03.917Z"}
{"channel":"application","context":"RouterExplorer","level":"info","message":"Mapped {/reservations/:id, GET} route","service":"juman-backend-node","timestamp":"2026-08-08T11:04:03.917Z"}
{"channel":"application","context":"RouterExplorer","level":"info","message":"Mapped {/reservations, POST} route","service":"juman-backend-node","timestamp":"2026-08-08T11:04:03.917Z"}
{"channel":"application","context":"RouterExplorer","level":"info","message":"Mapped {/reservations/:id/checkout, POST} route","service":"juman-backend-node","timestamp":"2026-08-08T11:04:03.917Z"}
{"channel":"application","context":"RouterExplorer","level":"info","message":"Mapped {/reservations/:id/cancel, POST} route","service":"juman-backend-node","timestamp":"2026-08-08T11:04:03.917Z"}
{"channel":"application","context":"RouterExplorer","level":"info","message":"Mapped {/reservations/:id/expire, POST} route","service":"juman-backend-node","timestamp":"2026-08-08T11:04:03.918Z"}
{"channel":"application","context":"RoutesResolver","level":"info","message":"SalesController {/sales}:","service":"juman-backend-node","timestamp":"2026-08-08T11:04:03.918Z"}
{"channel":"application","context":"RouterExplorer","level":"info","message":"Mapped {/sales, GET} route","service":"juman-backend-node","timestamp":"2026-08-08T11:04:03.918Z"}
{"channel":"application","context":"RouterExplorer","level":"info","message":"Mapped {/sales/:id/history, GET} route","service":"juman-backend-node","timestamp":"2026-08-08T11:04:03.918Z"}
{"channel":"application","context":"RouterExplorer","level":"info","message":"Mapped {/sales/:id, GET} route","service":"juman-backend-node","timestamp":"2026-08-08T11:04:03.919Z"}
{"channel":"application","context":"RouterExplorer","level":"info","message":"Mapped {/sales, POST} route","service":"juman-backend-node","timestamp":"2026-08-08T11:04:03.919Z"}
{"channel":"application","context":"RouterExplorer","level":"info","message":"Mapped {/sales/:id/confirm, POST} route","service":"juman-backend-node","timestamp":"2026-08-08T11:04:03.919Z"}
{"channel":"application","context":"RouterExplorer","level":"info","message":"Mapped {/sales/:id/payment, POST} route","service":"juman-backend-node","timestamp":"2026-08-08T11:04:03.919Z"}
{"channel":"application","context":"RouterExplorer","level":"info","message":"Mapped {/sales/:id/complete, POST} route","service":"juman-backend-node","timestamp":"2026-08-08T11:04:03.919Z"}
{"channel":"application","context":"RouterExplorer","level":"info","message":"Mapped {/sales/:id/cancel, POST} route","service":"juman-backend-node","timestamp":"2026-08-08T11:04:03.920Z"}
{"channel":"application","context":"RoutesResolver","level":"info","message":"ReportsController {/reports}:","service":"juman-backend-node","timestamp":"2026-08-08T11:04:03.920Z"}
{"channel":"application","context":"RouterExplorer","level":"info","message":"Mapped {/reports/dashboard, GET} route","service":"juman-backend-node","timestamp":"2026-08-08T11:04:03.920Z"}
{"channel":"application","context":"RouterExplorer","level":"info","message":"Mapped {/reports/financial, GET} route","service":"juman-backend-node","timestamp":"2026-08-08T11:04:03.920Z"}
{"channel":"application","context":"RouterExplorer","level":"info","message":"Mapped {/reports/rentals/current, GET} route","service":"juman-backend-node","timestamp":"2026-08-08T11:04:03.921Z"}
{"channel":"application","context":"RouterExplorer","level":"info","message":"Mapped {/reports/rentals/overdue, GET} route","service":"juman-backend-node","timestamp":"2026-08-08T11:04:03.921Z"}
{"channel":"application","context":"RouterExplorer","level":"info","message":"Mapped {/reports/rentals/returns, GET} route","service":"juman-backend-node","timestamp":"2026-08-08T11:04:03.921Z"}
{"channel":"application","context":"RouterExplorer","level":"info","message":"Mapped {/reports/rentals/reservations, GET} route","service":"juman-backend-node","timestamp":"2026-08-08T11:04:03.921Z"}
{"channel":"application","context":"RouterExplorer","level":"info","message":"Mapped {/reports/rentals/history, GET} route","service":"juman-backend-node","timestamp":"2026-08-08T11:04:03.921Z"}
{"channel":"application","context":"RouterExplorer","level":"info","message":"Mapped {/reports/inventory/value, GET} route","service":"juman-backend-node","timestamp":"2026-08-08T11:04:03.922Z"}
{"channel":"application","context":"RouterExplorer","level":"info","message":"Mapped {/reports/inventory/availability, GET} route","service":"juman-backend-node","timestamp":"2026-08-08T11:04:03.922Z"}
{"channel":"application","context":"RouterExplorer","level":"info","message":"Mapped {/reports/inventory/category, GET} route","service":"juman-backend-node","timestamp":"2026-08-08T11:04:03.922Z"}
{"channel":"application","context":"RouterExplorer","level":"info","message":"Mapped {/reports/inventory/brand, GET} route","service":"juman-backend-node","timestamp":"2026-08-08T11:04:03.922Z"}
{"channel":"application","context":"RouterExplorer","level":"info","message":"Mapped {/reports/inventory/color, GET} route","service":"juman-backend-node","timestamp":"2026-08-08T11:04:03.926Z"}
{"channel":"application","context":"RouterExplorer","level":"info","message":"Mapped {/reports/inventory/size, GET} route","service":"juman-backend-node","timestamp":"2026-08-08T11:04:03.927Z"}
{"channel":"application","context":"RouterExplorer","level":"info","message":"Mapped {/reports/inventory/lifecycle, GET} route","service":"juman-backend-node","timestamp":"2026-08-08T11:04:03.928Z"}
{"channel":"application","context":"RouterExplorer","level":"info","message":"Mapped {/reports/inventory/retired, GET} route","service":"juman-backend-node","timestamp":"2026-08-08T11:04:03.929Z"}
{"channel":"application","context":"RouterExplorer","level":"info","message":"Mapped {/reports/inventory/maintenance, GET} route","service":"juman-backend-node","timestamp":"2026-08-08T11:04:03.929Z"}
{"channel":"application","context":"RouterExplorer","level":"info","message":"Mapped {/reports/customers/:id/rentals, GET} route","service":"juman-backend-node","timestamp":"2026-08-08T11:04:03.929Z"}
{"channel":"application","context":"RouterExplorer","level":"info","message":"Mapped {/reports/customers/:id/outstanding, GET} route","service":"juman-backend-node","timestamp":"2026-08-08T11:04:03.929Z"}
{"channel":"application","context":"RouterExplorer","level":"info","message":"Mapped {/reports/customers/:id/payments, GET} route","service":"juman-backend-node","timestamp":"2026-08-08T11:04:03.930Z"}
{"channel":"application","context":"RouterExplorer","level":"info","message":"Mapped {/reports/customers/:id/reservations, GET} route","service":"juman-backend-node","timestamp":"2026-08-08T11:04:03.930Z"}
{"channel":"application","context":"RouterExplorer","level":"info","message":"Mapped {/reports/export, GET} route","service":"juman-backend-node","timestamp":"2026-08-08T11:04:03.931Z"}
{"channel":"application","context":"RoutesResolver","level":"info","message":"HealthController {/health}:","service":"juman-backend-node","timestamp":"2026-08-08T11:04:03.931Z"}
{"channel":"application","context":"RouterExplorer","level":"info","message":"Mapped {/health, GET} route","service":"juman-backend-node","timestamp":"2026-08-08T11:04:03.931Z"}
{"channel":"application","context":"NestApplication","level":"info","message":"Nest application successfully started","service":"juman-backend-node","timestamp":"2026-08-08T11:04:03.932Z"}
{"channel":"startup","context":"Startup","level":"info","message":"Listening on http://127.0.0.1:8787","service":"juman-backend-node","timestamp":"2026-08-08T11:04:03.934Z"}
{"channel":"startup","context":"Startup","level":"info","message":"GET /health ready","service":"juman-backend-node","timestamp":"2026-08-08T11:04:03.934Z"}
{"channel":"startup","context":"Startup","dataDir":"C:\\Users\\moham\\Desktop\\juman","envCreated":false,"envFile":"C:\\Users\\moham\\Desktop\\juman\\config\\juman.env","environment":"development","host":"127.0.0.1","level":"info","message":"Juman Backend V2 starting","migrations":"applied","port":8787,"service":"juman-backend-node","timestamp":"2026-08-08T11:19:11.982Z","version":"2.0.0"}
{"channel":"startup","context":"Startup","level":"info","message":"SQLite PRAGMAs applied (foreign_keys, WAL, busy_timeout)","service":"juman-backend-node","timestamp":"2026-08-08T11:19:12.066Z"}
{"channel":"startup","context":"Startup","level":"info","message":"Prisma connected to SQLite","service":"juman-backend-node","timestamp":"2026-08-08T11:19:12.069Z"}
{"channel":"startup","context":"Startup","count":27,"level":"info","message":"App settings ensured","service":"juman-backend-node","timestamp":"2026-08-08T11:19:12.191Z"}
{"channel":"startup","context":"Startup","count":104,"level":"info","message":"RBAC permissions ensured","service":"juman-backend-node","timestamp":"2026-08-08T11:19:12.422Z"}
{"channel":"startup","context":"Startup","count":104,"level":"info","message":"RBAC permissions ensured","service":"juman-backend-node","timestamp":"2026-08-08T11:19:12.680Z"}
{"channel":"startup","context":"Startup","count":4,"level":"info","message":"RBAC system roles ensured","service":"juman-backend-node","timestamp":"2026-08-08T11:19:12.960Z"}
{"channel":"startup","context":"Startup","level":"info","message":"Administrator user already present","service":"juman-backend-node","timestamp":"2026-08-08T11:19:12.966Z","username":"admin"}
{"categories":3,"channel":"startup","context":"Startup","level":"info","message":"Demo seed skipped (categories already present)","service":"juman-backend-node","timestamp":"2026-08-08T11:19:12.970Z"}
{"channel":"startup","context":"Startup","customerId":"45c43439-599c-459d-85d9-5ad83caded3a","customerNumber":"WALK-IN","level":"info","message":"Walk-in customer ready","service":"juman-backend-node","timestamp":"2026-08-08T11:19:12.976Z"}
{"channel":"application","context":"NestFactory","level":"info","message":"Starting Nest application...","service":"juman-backend-node","timestamp":"2026-08-08T11:19:13.003Z"}
{"channel":"application","context":"InstanceLoader","level":"info","message":"LoggerModule dependencies initialized","service":"juman-backend-node","timestamp":"2026-08-08T11:19:13.004Z"}
{"channel":"application","context":"InstanceLoader","level":"info","message":"PassportModule dependencies initialized","service":"juman-backend-node","timestamp":"2026-08-08T11:19:13.004Z"}
{"channel":"application","context":"InstanceLoader","level":"info","message":"ConfigHostModule dependencies initialized","service":"juman-backend-node","timestamp":"2026-08-08T11:19:13.005Z"}
{"channel":"application","context":"InstanceLoader","level":"info","message":"ConfigModule dependencies initialized","service":"juman-backend-node","timestamp":"2026-08-08T11:19:13.005Z"}
{"channel":"application","context":"InstanceLoader","level":"info","message":"ConfigModule dependencies initialized","service":"juman-backend-node","timestamp":"2026-08-08T11:19:13.005Z"}
{"channel":"application","context":"InstanceLoader","level":"info","message":"PrismaModule dependencies initialized","service":"juman-backend-node","timestamp":"2026-08-08T11:19:13.006Z"}
{"channel":"application","context":"InstanceLoader","level":"info","message":"JwtModule dependencies initialized","service":"juman-backend-node","timestamp":"2026-08-08T11:19:13.006Z"}
{"channel":"application","context":"InstanceLoader","level":"info","message":"SettingsModule dependencies initialized","service":"juman-backend-node","timestamp":"2026-08-08T11:19:13.007Z"}
{"channel":"application","context":"InstanceLoader","level":"info","message":"AuditModule dependencies initialized","service":"juman-backend-node","timestamp":"2026-08-08T11:19:13.007Z"}
{"channel":"application","context":"InstanceLoader","level":"info","message":"PermissionsModule dependencies initialized","service":"juman-backend-node","timestamp":"2026-08-08T11:19:13.007Z"}
{"channel":"application","context":"InstanceLoader","level":"info","message":"UsersModule dependencies initialized","service":"juman-backend-node","timestamp":"2026-08-08T11:19:13.008Z"}
{"channel":"application","context":"InstanceLoader","level":"info","message":"SecurityModule dependencies initialized","service":"juman-backend-node","timestamp":"2026-08-08T11:19:13.009Z"}
{"channel":"application","context":"InstanceLoader","level":"info","message":"HealthModule dependencies initialized","service":"juman-backend-node","timestamp":"2026-08-08T11:19:13.009Z"}
{"channel":"application","context":"InstanceLoader","level":"info","message":"RolesModule dependencies initialized","service":"juman-backend-node","timestamp":"2026-08-08T11:19:13.009Z"}
{"channel":"application","context":"InstanceLoader","level":"info","message":"AppModule dependencies initialized","service":"juman-backend-node","timestamp":"2026-08-08T11:19:13.010Z"}
{"channel":"application","context":"InstanceLoader","level":"info","message":"AvailabilityModule dependencies initialized","service":"juman-backend-node","timestamp":"2026-08-08T11:19:13.010Z"}
{"channel":"application","context":"InstanceLoader","level":"info","message":"ReportsModule dependencies initialized","service":"juman-backend-node","timestamp":"2026-08-08T11:19:13.011Z"}
{"channel":"application","context":"InstanceLoader","level":"info","message":"MediaModule dependencies initialized","service":"juman-backend-node","timestamp":"2026-08-08T11:19:13.011Z"}
{"channel":"application","context":"InstanceLoader","level":"info","message":"BarcodeModule dependencies initialized","service":"juman-backend-node","timestamp":"2026-08-08T11:19:13.011Z"}
{"channel":"application","context":"InstanceLoader","level":"info","message":"CustomersModule dependencies initialized","service":"juman-backend-node","timestamp":"2026-08-08T11:19:13.012Z"}
{"channel":"application","context":"InstanceLoader","level":"info","message":"AuthModule dependencies initialized","service":"juman-backend-node","timestamp":"2026-08-08T11:19:13.013Z"}
{"channel":"application","context":"InstanceLoader","level":"info","message":"InventoryModule dependencies initialized","service":"juman-backend-node","timestamp":"2026-08-08T11:19:13.013Z"}
{"channel":"application","context":"InstanceLoader","level":"info","message":"FinanceModule dependencies initialized","service":"juman-backend-node","timestamp":"2026-08-08T11:19:13.013Z"}
{"channel":"application","context":"InstanceLoader","level":"info","message":"RentalsModule dependencies initialized","service":"juman-backend-node","timestamp":"2026-08-08T11:19:13.014Z"}
{"channel":"application","context":"InstanceLoader","level":"info","message":"SalesModule dependencies initialized","service":"juman-backend-node","timestamp":"2026-08-08T11:19:13.014Z"}
{"channel":"application","context":"InstanceLoader","level":"info","message":"ReservationsModule dependencies initialized","service":"juman-backend-node","timestamp":"2026-08-08T11:19:13.014Z"}
{"channel":"application","context":"RoutesResolver","level":"info","message":"MediaController {/media}:","service":"juman-backend-node","timestamp":"2026-08-08T11:19:13.014Z"}
{"channel":"application","context":"RouterExplorer","level":"info","message":"Mapped {/media, GET} route","service":"juman-backend-node","timestamp":"2026-08-08T11:19:13.015Z"}
{"channel":"application","context":"RouterExplorer","level":"info","message":"Mapped {/media/:id, GET} route","service":"juman-backend-node","timestamp":"2026-08-08T11:19:13.015Z"}
{"channel":"application","context":"RouterExplorer","level":"info","message":"Mapped {/media/:id/integrity, GET} route","service":"juman-backend-node","timestamp":"2026-08-08T11:19:13.015Z"}
{"channel":"application","context":"RouterExplorer","level":"info","message":"Mapped {/media, POST} route","service":"juman-backend-node","timestamp":"2026-08-08T11:19:13.016Z"}
{"channel":"application","context":"RouterExplorer","level":"info","message":"Mapped {/media/:id, DELETE} route","service":"juman-backend-node","timestamp":"2026-08-08T11:19:13.016Z"}
{"channel":"application","context":"RouterExplorer","level":"info","message":"Mapped {/media/:id/restore, POST} route","service":"juman-backend-node","timestamp":"2026-08-08T11:19:13.016Z"}
{"channel":"application","context":"RoutesResolver","level":"info","message":"BarcodeController {/barcodes}:","service":"juman-backend-node","timestamp":"2026-08-08T11:19:13.016Z"}
{"channel":"application","context":"RouterExplorer","level":"info","message":"Mapped {/barcodes, GET} route","service":"juman-backend-node","timestamp":"2026-08-08T11:19:13.016Z"}
{"channel":"application","context":"RouterExplorer","level":"info","message":"Mapped {/barcodes/:id, GET} route","service":"juman-backend-node","timestamp":"2026-08-08T11:19:13.017Z"}
{"channel":"application","context":"RouterExplorer","level":"info","message":"Mapped {/barcodes/generate, POST} route","service":"juman-backend-node","timestamp":"2026-08-08T11:19:13.017Z"}
{"channel":"application","context":"RouterExplorer","level":"info","message":"Mapped {/barcodes/validate, POST} route","service":"juman-backend-node","timestamp":"2026-08-08T11:19:13.017Z"}
{"channel":"application","context":"RouterExplorer","level":"info","message":"Mapped {/barcodes/reserve, POST} route","service":"juman-backend-node","timestamp":"2026-08-08T11:19:13.017Z"}
{"channel":"application","context":"RouterExplorer","level":"info","message":"Mapped {/barcodes/release, POST} route","service":"juman-backend-node","timestamp":"2026-08-08T11:19:13.018Z"}
{"channel":"application","context":"RouterExplorer","level":"info","message":"Mapped {/barcodes/retire, POST} route","service":"juman-backend-node","timestamp":"2026-08-08T11:19:13.018Z"}
{"channel":"application","context":"RoutesResolver","level":"info","message":"AuthController {/auth}:","service":"juman-backend-node","timestamp":"2026-08-08T11:19:13.018Z"}
{"channel":"application","context":"RouterExplorer","level":"info","message":"Mapped {/auth/login, POST} route","service":"juman-backend-node","timestamp":"2026-08-08T11:19:13.018Z"}
{"channel":"application","context":"RouterExplorer","level":"info","message":"Mapped {/auth/logout, POST} route","service":"juman-backend-node","timestamp":"2026-08-08T11:19:13.019Z"}
{"channel":"application","context":"RouterExplorer","level":"info","message":"Mapped {/auth/change-password, POST} route","service":"juman-backend-node","timestamp":"2026-08-08T11:19:13.019Z"}
{"channel":"application","context":"RouterExplorer","level":"info","message":"Mapped {/auth/admin/unlock, POST} route","service":"juman-backend-node","timestamp":"2026-08-08T11:19:13.019Z"}
{"channel":"application","context":"RouterExplorer","level":"info","message":"Mapped {/auth/session, GET} route","service":"juman-backend-node","timestamp":"2026-08-08T11:19:13.019Z"}
{"channel":"application","context":"RouterExplorer","level":"info","message":"Mapped {/auth/me, GET} route","service":"juman-backend-node","timestamp":"2026-08-08T11:19:13.020Z"}
{"channel":"application","context":"RoutesResolver","level":"info","message":"CustomersController {/customers}:","service":"juman-backend-node","timestamp":"2026-08-08T11:19:13.020Z"}
{"channel":"application","context":"RouterExplorer","level":"info","message":"Mapped {/customers, GET} route","service":"juman-backend-node","timestamp":"2026-08-08T11:19:13.020Z"}
{"channel":"application","context":"RouterExplorer","level":"info","message":"Mapped {/customers/search, GET} route","service":"juman-backend-node","timestamp":"2026-08-08T11:19:13.020Z"}
{"channel":"application","context":"RouterExplorer","level":"info","message":"Mapped {/customers/number/:customerNumber, GET} route","service":"juman-backend-node","timestamp":"2026-08-08T11:19:13.021Z"}
{"channel":"application","context":"RouterExplorer","level":"info","message":"Mapped {/customers/:id, GET} route","service":"juman-backend-node","timestamp":"2026-08-08T11:19:13.021Z"}
{"channel":"application","context":"RouterExplorer","level":"info","message":"Mapped {/customers, POST} route","service":"juman-backend-node","timestamp":"2026-08-08T11:19:13.021Z"}
{"channel":"application","context":"RouterExplorer","level":"info","message":"Mapped {/customers/:id, PATCH} route","service":"juman-backend-node","timestamp":"2026-08-08T11:19:13.022Z"}
{"channel":"application","context":"RouterExplorer","level":"info","message":"Mapped {/customers/:id, DELETE} route","service":"juman-backend-node","timestamp":"2026-08-08T11:19:13.022Z"}
{"channel":"application","context":"RouterExplorer","level":"info","message":"Mapped {/customers/:id/restore, POST} route","service":"juman-backend-node","timestamp":"2026-08-08T11:19:13.022Z"}
{"channel":"application","context":"RoutesResolver","level":"info","message":"CategoriesController {/categories}:","service":"juman-backend-node","timestamp":"2026-08-08T11:19:13.022Z"}
{"channel":"application","context":"RouterExplorer","level":"info","message":"Mapped {/categories, GET} route","service":"juman-backend-node","timestamp":"2026-08-08T11:19:13.022Z"}
{"channel":"application","context":"RouterExplorer","level":"info","message":"Mapped {/categories/:id, GET} route","service":"juman-backend-node","timestamp":"2026-08-08T11:19:13.023Z"}
{"channel":"application","context":"RouterExplorer","level":"info","message":"Mapped {/categories, POST} route","service":"juman-backend-node","timestamp":"2026-08-08T11:19:13.023Z"}
{"channel":"application","context":"RouterExplorer","level":"info","message":"Mapped {/categories/:id, PATCH} route","service":"juman-backend-node","timestamp":"2026-08-08T11:19:13.023Z"}
{"channel":"application","context":"RouterExplorer","level":"info","message":"Mapped {/categories/:id, DELETE} route","service":"juman-backend-node","timestamp":"2026-08-08T11:19:13.023Z"}
{"channel":"application","context":"RouterExplorer","level":"info","message":"Mapped {/categories/:id/restore, POST} route","service":"juman-backend-node","timestamp":"2026-08-08T11:19:13.024Z"}
{"channel":"application","context":"RoutesResolver","level":"info","message":"BrandsController {/brands}:","service":"juman-backend-node","timestamp":"2026-08-08T11:19:13.024Z"}
{"channel":"application","context":"RouterExplorer","level":"info","message":"Mapped {/brands, GET} route","service":"juman-backend-node","timestamp":"2026-08-08T11:19:13.024Z"}
{"channel":"application","context":"RouterExplorer","level":"info","message":"Mapped {/brands/:id, GET} route","service":"juman-backend-node","timestamp":"2026-08-08T11:19:13.024Z"}
{"channel":"application","context":"RouterExplorer","level":"info","message":"Mapped {/brands, POST} route","service":"juman-backend-node","timestamp":"2026-08-08T11:19:13.025Z"}
{"channel":"application","context":"RouterExplorer","level":"info","message":"Mapped {/brands/:id, PATCH} route","service":"juman-backend-node","timestamp":"2026-08-08T11:19:13.025Z"}
{"channel":"application","context":"RouterExplorer","level":"info","message":"Mapped {/brands/:id, DELETE} route","service":"juman-backend-node","timestamp":"2026-08-08T11:19:13.025Z"}
{"channel":"application","context":"RouterExplorer","level":"info","message":"Mapped {/brands/:id/restore, POST} route","service":"juman-backend-node","timestamp":"2026-08-08T11:19:13.026Z"}
{"channel":"application","context":"RoutesResolver","level":"info","message":"ColorsController {/colors}:","service":"juman-backend-node","timestamp":"2026-08-08T11:19:13.026Z"}
{"channel":"application","context":"RouterExplorer","level":"info","message":"Mapped {/colors, GET} route","service":"juman-backend-node","timestamp":"2026-08-08T11:19:13.027Z"}
{"channel":"application","context":"RouterExplorer","level":"info","message":"Mapped {/colors/:id, GET} route","service":"juman-backend-node","timestamp":"2026-08-08T11:19:13.027Z"}
{"channel":"application","context":"RouterExplorer","level":"info","message":"Mapped {/colors, POST} route","service":"juman-backend-node","timestamp":"2026-08-08T11:19:13.027Z"}
{"channel":"application","context":"RouterExplorer","level":"info","message":"Mapped {/colors/:id, PATCH} route","service":"juman-backend-node","timestamp":"2026-08-08T11:19:13.028Z"}
{"channel":"application","context":"RouterExplorer","level":"info","message":"Mapped {/colors/:id, DELETE} route","service":"juman-backend-node","timestamp":"2026-08-08T11:19:13.028Z"}
{"channel":"application","context":"RouterExplorer","level":"info","message":"Mapped {/colors/:id/restore, POST} route","service":"juman-backend-node","timestamp":"2026-08-08T11:19:13.028Z"}
{"channel":"application","context":"RoutesResolver","level":"info","message":"SizesController {/sizes}:","service":"juman-backend-node","timestamp":"2026-08-08T11:19:13.028Z"}
{"channel":"application","context":"RouterExplorer","level":"info","message":"Mapped {/sizes, GET} route","service":"juman-backend-node","timestamp":"2026-08-08T11:19:13.029Z"}
{"channel":"application","context":"RouterExplorer","level":"info","message":"Mapped {/sizes/:id, GET} route","service":"juman-backend-node","timestamp":"2026-08-08T11:19:13.029Z"}
{"channel":"application","context":"RouterExplorer","level":"info","message":"Mapped {/sizes, POST} route","service":"juman-backend-node","timestamp":"2026-08-08T11:19:13.029Z"}
{"channel":"application","context":"RouterExplorer","level":"info","message":"Mapped {/sizes/:id, PATCH} route","service":"juman-backend-node","timestamp":"2026-08-08T11:19:13.029Z"}
{"channel":"application","context":"RouterExplorer","level":"info","message":"Mapped {/sizes/:id, DELETE} route","service":"juman-backend-node","timestamp":"2026-08-08T11:19:13.030Z"}
{"channel":"application","context":"RouterExplorer","level":"info","message":"Mapped {/sizes/:id/restore, POST} route","service":"juman-backend-node","timestamp":"2026-08-08T11:19:13.030Z"}
{"channel":"application","context":"RoutesResolver","level":"info","message":"LifecycleController {/items}:","service":"juman-backend-node","timestamp":"2026-08-08T11:19:13.030Z"}
{"channel":"application","context":"RouterExplorer","level":"info","message":"Mapped {/items/:id/state, GET} route","service":"juman-backend-node","timestamp":"2026-08-08T11:19:13.030Z"}
{"channel":"application","context":"RouterExplorer","level":"info","message":"Mapped {/items/:id/history, GET} route","service":"juman-backend-node","timestamp":"2026-08-08T11:19:13.030Z"}
{"channel":"application","context":"RouterExplorer","level":"info","message":"Mapped {/items/:id/transition, POST} route","service":"juman-backend-node","timestamp":"2026-08-08T11:19:13.031Z"}
{"channel":"application","context":"RoutesResolver","level":"info","message":"ItemsController {/items}:","service":"juman-backend-node","timestamp":"2026-08-08T11:19:13.031Z"}
{"channel":"application","context":"RouterExplorer","level":"info","message":"Mapped {/items, GET} route","service":"juman-backend-node","timestamp":"2026-08-08T11:19:13.031Z"}
{"channel":"application","context":"RouterExplorer","level":"info","message":"Mapped {/items/search, GET} route","service":"juman-backend-node","timestamp":"2026-08-08T11:19:13.031Z"}
{"channel":"application","context":"RouterExplorer","level":"info","message":"Mapped {/items/code/:internalCode, GET} route","service":"juman-backend-node","timestamp":"2026-08-08T11:19:13.032Z"}
{"channel":"application","context":"RouterExplorer","level":"info","message":"Mapped {/items/:id, GET} route","service":"juman-backend-node","timestamp":"2026-08-08T11:19:13.032Z"}
{"channel":"application","context":"RouterExplorer","level":"info","message":"Mapped {/items, POST} route","service":"juman-backend-node","timestamp":"2026-08-08T11:19:13.032Z"}
{"channel":"application","context":"RouterExplorer","level":"info","message":"Mapped {/items/:id, PATCH} route","service":"juman-backend-node","timestamp":"2026-08-08T11:19:13.032Z"}
{"channel":"application","context":"RouterExplorer","level":"info","message":"Mapped {/items/:id, DELETE} route","service":"juman-backend-node","timestamp":"2026-08-08T11:19:13.032Z"}
{"channel":"application","context":"RouterExplorer","level":"info","message":"Mapped {/items/:id/restore, POST} route","service":"juman-backend-node","timestamp":"2026-08-08T11:19:13.033Z"}
{"channel":"application","context":"RouterExplorer","level":"info","message":"Mapped {/items/:id/media, POST} route","service":"juman-backend-node","timestamp":"2026-08-08T11:19:13.033Z"}
{"channel":"application","context":"RoutesResolver","level":"info","message":"AvailabilityController {/availability}:","service":"juman-backend-node","timestamp":"2026-08-08T11:19:13.033Z"}
{"channel":"application","context":"RouterExplorer","level":"info","message":"Mapped {/availability, GET} route","service":"juman-backend-node","timestamp":"2026-08-08T11:19:13.033Z"}
{"channel":"application","context":"RouterExplorer","level":"info","message":"Mapped {/availability/calendar, GET} route","service":"juman-backend-node","timestamp":"2026-08-08T11:19:13.034Z"}
{"channel":"application","context":"RouterExplorer","level":"info","message":"Mapped {/availability/item/:id, GET} route","service":"juman-backend-node","timestamp":"2026-08-08T11:19:13.034Z"}
{"channel":"application","context":"RoutesResolver","level":"info","message":"FinanceController {/finance}:","service":"juman-backend-node","timestamp":"2026-08-08T11:19:13.034Z"}
{"channel":"application","context":"RouterExplorer","level":"info","message":"Mapped {/finance/accounts, GET} route","service":"juman-backend-node","timestamp":"2026-08-08T11:19:13.034Z"}
{"channel":"application","context":"RouterExplorer","level":"info","message":"Mapped {/finance/transactions, GET} route","service":"juman-backend-node","timestamp":"2026-08-08T11:19:13.035Z"}
{"channel":"application","context":"RouterExplorer","level":"info","message":"Mapped {/finance/payments, GET} route","service":"juman-backend-node","timestamp":"2026-08-08T11:19:13.035Z"}
{"channel":"application","context":"RouterExplorer","level":"info","message":"Mapped {/finance/payments, POST} route","service":"juman-backend-node","timestamp":"2026-08-08T11:19:13.035Z"}
{"channel":"application","context":"RouterExplorer","level":"info","message":"Mapped {/finance/outstanding, GET} route","service":"juman-backend-node","timestamp":"2026-08-08T11:19:13.035Z"}
{"channel":"application","context":"RoutesResolver","level":"info","message":"SettlementController {/settlements}:","service":"juman-backend-node","timestamp":"2026-08-08T11:19:13.036Z"}
{"channel":"application","context":"RouterExplorer","level":"info","message":"Mapped {/settlements, GET} route","service":"juman-backend-node","timestamp":"2026-08-08T11:19:13.036Z"}
{"channel":"application","context":"RouterExplorer","level":"info","message":"Mapped {/settlements/:id, GET} route","service":"juman-backend-node","timestamp":"2026-08-08T11:19:13.036Z"}
{"channel":"application","context":"RouterExplorer","level":"info","message":"Mapped {/settlements/:id/payment, POST} route","service":"juman-backend-node","timestamp":"2026-08-08T11:19:13.036Z"}
{"channel":"application","context":"RouterExplorer","level":"info","message":"Mapped {/settlements/:id/refund, POST} route","service":"juman-backend-node","timestamp":"2026-08-08T11:19:13.037Z"}
{"channel":"application","context":"RouterExplorer","level":"info","message":"Mapped {/settlements/:id/adjustment, POST} route","service":"juman-backend-node","timestamp":"2026-08-08T11:19:13.037Z"}
{"channel":"application","context":"RouterExplorer","level":"info","message":"Mapped {/settlements/:id/discount, POST} route","service":"juman-backend-node","timestamp":"2026-08-08T11:19:13.037Z"}
{"channel":"application","context":"RouterExplorer","level":"info","message":"Mapped {/settlements/:id/late-fee, POST} route","service":"juman-backend-node","timestamp":"2026-08-08T11:19:13.037Z"}
{"channel":"application","context":"RouterExplorer","level":"info","message":"Mapped {/settlements/:id/close, POST} route","service":"juman-backend-node","timestamp":"2026-08-08T11:19:13.038Z"}
{"channel":"application","context":"RouterExplorer","level":"info","message":"Mapped {/settlements/:id/cancel, POST} route","service":"juman-backend-node","timestamp":"2026-08-08T11:19:13.038Z"}
{"channel":"application","context":"RoutesResolver","level":"info","message":"RentalsController {/rentals}:","service":"juman-backend-node","timestamp":"2026-08-08T11:19:13.038Z"}
{"channel":"application","context":"RouterExplorer","level":"info","message":"Mapped {/rentals, GET} route","service":"juman-backend-node","timestamp":"2026-08-08T11:19:13.038Z"}
{"channel":"application","context":"RouterExplorer","level":"info","message":"Mapped {/rentals/:id/audit, GET} route","service":"juman-backend-node","timestamp":"2026-08-08T11:19:13.039Z"}
{"channel":"application","context":"RouterExplorer","level":"info","message":"Mapped {/rentals/:id, GET} route","service":"juman-backend-node","timestamp":"2026-08-08T11:19:13.039Z"}
{"channel":"application","context":"RouterExplorer","level":"info","message":"Mapped {/rentals, POST} route","service":"juman-backend-node","timestamp":"2026-08-08T11:19:13.039Z"}
{"channel":"application","context":"RouterExplorer","level":"info","message":"Mapped {/rentals/:id/notes, POST} route","service":"juman-backend-node","timestamp":"2026-08-08T11:19:13.040Z"}
{"channel":"application","context":"RouterExplorer","level":"info","message":"Mapped {/rentals/:id, PATCH} route","service":"juman-backend-node","timestamp":"2026-08-08T11:19:13.040Z"}
{"channel":"application","context":"RouterExplorer","level":"info","message":"Mapped {/rentals/:id/checkout, POST} route","service":"juman-backend-node","timestamp":"2026-08-08T11:19:13.040Z"}
{"channel":"application","context":"RouterExplorer","level":"info","message":"Mapped {/rentals/:id/return, POST} route","service":"juman-backend-node","timestamp":"2026-08-08T11:19:13.041Z"}
{"channel":"application","context":"RouterExplorer","level":"info","message":"Mapped {/rentals/:id/complete, POST} route","service":"juman-backend-node","timestamp":"2026-08-08T11:19:13.041Z"}
{"channel":"application","context":"RouterExplorer","level":"info","message":"Mapped {/rentals/:id/cancel, POST} route","service":"juman-backend-node","timestamp":"2026-08-08T11:19:13.042Z"}
{"channel":"application","context":"RoutesResolver","level":"info","message":"ReservationsController {/reservations}:","service":"juman-backend-node","timestamp":"2026-08-08T11:19:13.043Z"}
{"channel":"application","context":"RouterExplorer","level":"info","message":"Mapped {/reservations, GET} route","service":"juman-backend-node","timestamp":"2026-08-08T11:19:13.043Z"}
{"channel":"application","context":"RouterExplorer","level":"info","message":"Mapped {/reservations/:id, GET} route","service":"juman-backend-node","timestamp":"2026-08-08T11:19:13.044Z"}
{"channel":"application","context":"RouterExplorer","level":"info","message":"Mapped {/reservations, POST} route","service":"juman-backend-node","timestamp":"2026-08-08T11:19:13.044Z"}
{"channel":"application","context":"RouterExplorer","level":"info","message":"Mapped {/reservations/:id/checkout, POST} route","service":"juman-backend-node","timestamp":"2026-08-08T11:19:13.044Z"}
{"channel":"application","context":"RouterExplorer","level":"info","message":"Mapped {/reservations/:id/cancel, POST} route","service":"juman-backend-node","timestamp":"2026-08-08T11:19:13.045Z"}
{"channel":"application","context":"RouterExplorer","level":"info","message":"Mapped {/reservations/:id/expire, POST} route","service":"juman-backend-node","timestamp":"2026-08-08T11:19:13.045Z"}
{"channel":"application","context":"RoutesResolver","level":"info","message":"SalesController {/sales}:","service":"juman-backend-node","timestamp":"2026-08-08T11:19:13.045Z"}
{"channel":"application","context":"RouterExplorer","level":"info","message":"Mapped {/sales, GET} route","service":"juman-backend-node","timestamp":"2026-08-08T11:19:13.046Z"}
{"channel":"application","context":"RouterExplorer","level":"info","message":"Mapped {/sales/:id/history, GET} route","service":"juman-backend-node","timestamp":"2026-08-08T11:19:13.046Z"}
{"channel":"application","context":"RouterExplorer","level":"info","message":"Mapped {/sales/:id, GET} route","service":"juman-backend-node","timestamp":"2026-08-08T11:19:13.046Z"}
{"channel":"application","context":"RouterExplorer","level":"info","message":"Mapped {/sales, POST} route","service":"juman-backend-node","timestamp":"2026-08-08T11:19:13.046Z"}
{"channel":"application","context":"RouterExplorer","level":"info","message":"Mapped {/sales/:id/confirm, POST} route","service":"juman-backend-node","timestamp":"2026-08-08T11:19:13.047Z"}
{"channel":"application","context":"RouterExplorer","level":"info","message":"Mapped {/sales/:id/payment, POST} route","service":"juman-backend-node","timestamp":"2026-08-08T11:19:13.047Z"}
{"channel":"application","context":"RouterExplorer","level":"info","message":"Mapped {/sales/:id/complete, POST} route","service":"juman-backend-node","timestamp":"2026-08-08T11:19:13.047Z"}
{"channel":"application","context":"RouterExplorer","level":"info","message":"Mapped {/sales/:id/cancel, POST} route","service":"juman-backend-node","timestamp":"2026-08-08T11:19:13.047Z"}
{"channel":"application","context":"RoutesResolver","level":"info","message":"ReportsController {/reports}:","service":"juman-backend-node","timestamp":"2026-08-08T11:19:13.048Z"}
{"channel":"application","context":"RouterExplorer","level":"info","message":"Mapped {/reports/dashboard, GET} route","service":"juman-backend-node","timestamp":"2026-08-08T11:19:13.048Z"}
{"channel":"application","context":"RouterExplorer","level":"info","message":"Mapped {/reports/financial, GET} route","service":"juman-backend-node","timestamp":"2026-08-08T11:19:13.048Z"}
{"channel":"application","context":"RouterExplorer","level":"info","message":"Mapped {/reports/rentals/current, GET} route","service":"juman-backend-node","timestamp":"2026-08-08T11:19:13.048Z"}
{"channel":"application","context":"RouterExplorer","level":"info","message":"Mapped {/reports/rentals/overdue, GET} route","service":"juman-backend-node","timestamp":"2026-08-08T11:19:13.048Z"}
{"channel":"application","context":"RouterExplorer","level":"info","message":"Mapped {/reports/rentals/returns, GET} route","service":"juman-backend-node","timestamp":"2026-08-08T11:19:13.048Z"}
{"channel":"application","context":"RouterExplorer","level":"info","message":"Mapped {/reports/rentals/reservations, GET} route","service":"juman-backend-node","timestamp":"2026-08-08T11:19:13.049Z"}
{"channel":"application","context":"RouterExplorer","level":"info","message":"Mapped {/reports/rentals/history, GET} route","service":"juman-backend-node","timestamp":"2026-08-08T11:19:13.049Z"}
{"channel":"application","context":"RouterExplorer","level":"info","message":"Mapped {/reports/inventory/value, GET} route","service":"juman-backend-node","timestamp":"2026-08-08T11:19:13.049Z"}
{"channel":"application","context":"RouterExplorer","level":"info","message":"Mapped {/reports/inventory/availability, GET} route","service":"juman-backend-node","timestamp":"2026-08-08T11:19:13.049Z"}
{"channel":"application","context":"RouterExplorer","level":"info","message":"Mapped {/reports/inventory/category, GET} route","service":"juman-backend-node","timestamp":"2026-08-08T11:19:13.049Z"}
{"channel":"application","context":"RouterExplorer","level":"info","message":"Mapped {/reports/inventory/brand, GET} route","service":"juman-backend-node","timestamp":"2026-08-08T11:19:13.050Z"}
{"channel":"application","context":"RouterExplorer","level":"info","message":"Mapped {/reports/inventory/color, GET} route","service":"juman-backend-node","timestamp":"2026-08-08T11:19:13.050Z"}
{"channel":"application","context":"RouterExplorer","level":"info","message":"Mapped {/reports/inventory/size, GET} route","service":"juman-backend-node","timestamp":"2026-08-08T11:19:13.050Z"}
{"channel":"application","context":"RouterExplorer","level":"info","message":"Mapped {/reports/inventory/lifecycle, GET} route","service":"juman-backend-node","timestamp":"2026-08-08T11:19:13.050Z"}
{"channel":"application","context":"RouterExplorer","level":"info","message":"Mapped {/reports/inventory/retired, GET} route","service":"juman-backend-node","timestamp":"2026-08-08T11:19:13.050Z"}
{"channel":"application","context":"RouterExplorer","level":"info","message":"Mapped {/reports/inventory/maintenance, GET} route","service":"juman-backend-node","timestamp":"2026-08-08T11:19:13.050Z"}
{"channel":"application","context":"RouterExplorer","level":"info","message":"Mapped {/reports/customers/:id/rentals, GET} route","service":"juman-backend-node","timestamp":"2026-08-08T11:19:13.050Z"}
{"channel":"application","context":"RouterExplorer","level":"info","message":"Mapped {/reports/customers/:id/outstanding, GET} route","service":"juman-backend-node","timestamp":"2026-08-08T11:19:13.050Z"}
{"channel":"application","context":"RouterExplorer","level":"info","message":"Mapped {/reports/customers/:id/payments, GET} route","service":"juman-backend-node","timestamp":"2026-08-08T11:19:13.051Z"}
{"channel":"application","context":"RouterExplorer","level":"info","message":"Mapped {/reports/customers/:id/reservations, GET} route","service":"juman-backend-node","timestamp":"2026-08-08T11:19:13.051Z"}
{"channel":"application","context":"RouterExplorer","level":"info","message":"Mapped {/reports/export, GET} route","service":"juman-backend-node","timestamp":"2026-08-08T11:19:13.051Z"}
{"channel":"application","context":"RoutesResolver","level":"info","message":"HealthController {/health}:","service":"juman-backend-node","timestamp":"2026-08-08T11:19:13.051Z"}
{"channel":"application","context":"RouterExplorer","level":"info","message":"Mapped {/health, GET} route","service":"juman-backend-node","timestamp":"2026-08-08T11:19:13.051Z"}
{"channel":"application","context":"NestApplication","level":"info","message":"Nest application successfully started","service":"juman-backend-node","timestamp":"2026-08-08T11:19:13.051Z"}
{"channel":"startup","context":"Startup","level":"info","message":"Listening on http://127.0.0.1:8787","service":"juman-backend-node","timestamp":"2026-08-08T11:19:13.052Z"}
{"channel":"startup","context":"Startup","level":"info","message":"GET /health ready","service":"juman-backend-node","timestamp":"2026-08-08T11:19:13.052Z"}
{"channel":"startup","context":"Startup","level":"info","message":"Prisma disconnected","service":"juman-backend-node","timestamp":"2026-08-08T11:36:19.280Z"}
